# Blender 4.4.3
# www.blender.org
mtllib stalker_journal_(OBJ).mtl
o stalker_survival_guide_closed
v -0.302115 0.000000 -0.106514
v -0.305585 0.047339 0.106514
v -0.313404 0.000000 0.035505
v -0.313404 0.000000 -0.035505
v -0.241791 0.034542 0.106514
v -0.241641 0.034915 -0.106514
v -0.184180 0.000267 0.106514
v -0.170188 0.009365 0.106514
v -0.175597 0.022412 0.106514
v -0.170188 0.009365 -0.106514
v -0.184180 0.000267 -0.106514
v -0.170069 0.025403 -0.106514
v -0.313541 0.044610 0.035505
v -0.313541 0.044610 -0.035505
v -0.241915 0.033090 -0.035505
v -0.241915 0.033090 0.035505
v -0.185524 0.000267 0.035505
v -0.185260 0.000267 -0.035505
v -0.171739 0.009365 -0.035505
v -0.175279 0.009365 0.035505
v -0.177030 0.022412 0.035505
v -0.171739 0.022412 -0.035505
v -0.292372 0.044670 0.106514
v -0.281115 0.045995 -0.106514
v -0.292803 0.038689 -0.035505
v -0.292803 0.038689 0.035505
v -0.311463 0.051974 -0.081377
v -0.241701 0.035897 -0.091148
v -0.313404 0.000000 -0.091148
v -0.184413 0.000267 -0.091148
v -0.170383 0.025330 -0.091148
v -0.170524 0.009365 -0.091148
v -0.283271 0.043070 -0.082401
v -0.313404 0.000000 0.091408
v -0.241817 0.034142 0.091408
v -0.311901 0.050266 0.091408
v -0.170518 0.009365 0.091408
v -0.184409 0.000267 0.091408
v -0.175927 0.022412 0.091408
v -0.292464 0.043287 0.091408
v -0.298087 0.000000 -0.106514
v -0.298087 0.000000 0.106514
v -0.298215 0.000000 -0.035505
v -0.298215 0.000000 0.035505
v -0.298115 0.000000 -0.091148
v -0.298115 0.000000 0.091408
v -0.172277 0.015889 -0.106514
v -0.174584 0.015889 0.106514
v -0.173828 0.015889 -0.035505
v -0.178923 0.015889 0.035505
v -0.172613 0.015889 -0.091148
v -0.174914 0.015889 0.091408
v -0.176847 0.032183 -0.106514
v -0.194174 0.032582 0.106514
v -0.181491 0.030874 -0.035505
v -0.185194 0.030874 0.035505
v -0.177088 0.031888 -0.091148
v -0.194441 0.032299 0.091408
v -0.270042 0.040199 0.106514
v -0.270338 0.036257 -0.035505
v -0.270338 0.036257 0.035505
v -0.263689 0.041932 -0.106514
v -0.264919 0.039903 -0.086262
v -0.270105 0.039250 0.091408
v -0.198445 0.033718 -0.106514
v -0.220043 0.036506 -0.106514
v -0.225919 0.033889 0.106514
v -0.210046 0.033235 0.106514
v -0.221774 0.032182 -0.035505
v -0.201632 0.031586 -0.035505
v -0.223008 0.032182 0.035505
v -0.204101 0.031586 0.035505
v -0.220163 0.034560 -0.091148
v -0.198625 0.033224 -0.091148
v -0.226025 0.033527 0.091408
v -0.210233 0.032913 0.091408
v -0.299117 0.050193 -0.106514
v -0.306057 0.039603 -0.035505
v -0.306057 0.039603 0.035505
v -0.300469 0.046325 -0.081377
v -0.305655 0.045669 0.091408
v -0.175389 0.027623 0.106514
v -0.179380 0.031953 0.106514
v -0.176489 0.030612 0.106514
v -0.173968 0.032017 -0.106514
v -0.169980 0.027623 -0.106514
v -0.171080 0.030630 -0.106514
v -0.175208 0.030780 -0.035505
v -0.171393 0.026574 -0.035505
v -0.172367 0.029522 -0.035505
v -0.180499 0.030791 0.035505
v -0.176684 0.026574 0.035505
v -0.177659 0.029525 0.035505
v -0.170283 0.027395 -0.091148
v -0.174237 0.031749 -0.091148
v -0.171357 0.030390 -0.091148
v -0.175686 0.027399 0.091408
v -0.179643 0.031715 0.091408
v -0.176762 0.030383 0.091408
v -0.172232 0.001544 0.106514
v -0.169153 0.007197 0.106514
v -0.169076 0.003491 0.106514
v -0.169154 0.007198 -0.106514
v -0.172231 0.001544 -0.106514
v -0.169076 0.003491 -0.106514
v -0.170646 0.007161 -0.035505
v -0.173647 0.001531 -0.035505
v -0.170515 0.003477 -0.035505
v -0.172682 0.006384 0.035505
v -0.174514 0.001505 0.035505
v -0.171726 0.003241 0.035505
v -0.172538 0.001541 -0.091148
v -0.169477 0.007190 -0.091148
v -0.169388 0.003488 -0.091148
v -0.172533 0.001541 0.091408
v -0.169471 0.007189 0.091408
v -0.169382 0.003488 0.091408
v -0.301213 0.051357 -0.106514
v -0.310789 0.054603 -0.096262
v -0.305831 0.053643 -0.105141
v -0.309336 0.054831 -0.101388
v -0.311761 0.050810 0.096165
v -0.308562 0.049508 0.105128
v -0.310823 0.050778 0.101340
v -0.302728 0.001595 0.106514
v -0.313404 0.001549 0.095854
v -0.308086 0.002949 0.105115
v -0.312003 0.002932 0.101205
v -0.313404 0.000000 -0.095226
v -0.307781 0.000000 -0.105033
v -0.311922 0.000000 -0.100892
v -0.302115 0.004000 -0.106514
v -0.307161 0.043566 0.106931
v -0.313404 0.004000 0.035505
v -0.313404 0.004000 -0.035505
v -0.242247 0.030559 0.106654
v -0.242114 0.030914 -0.106653
v -0.184400 0.004267 0.106518
v -0.173669 0.007375 0.106590
v -0.179610 0.022190 0.106599
v -0.173913 0.007883 -0.106595
v -0.184400 0.004267 -0.106518
v -0.174048 0.025950 -0.106594
v -0.315800 0.041309 0.035699
v -0.315653 0.041211 -0.035857
v -0.242271 0.029102 -0.035620
v -0.242262 0.029101 0.035561
v -0.293119 0.040756 0.106867
v -0.281952 0.042122 -0.107057
v -0.293265 0.034714 -0.035754
v -0.293247 0.034712 0.035668
v -0.313374 0.048525 -0.082053
v -0.242151 0.031909 -0.091329
v -0.313404 0.004000 -0.091148
v -0.184633 0.004267 -0.091151
v -0.174355 0.025934 -0.091223
v -0.174246 0.007877 -0.091228
v -0.283968 0.039162 -0.082911
v -0.313110 0.004000 0.091111
v -0.242234 0.030157 0.091535
v -0.314246 0.047048 0.091796
v -0.173928 0.007263 0.091575
v -0.184631 0.004267 0.091413
v -0.179943 0.022434 0.091515
v -0.293103 0.039351 0.091748
v -0.298092 0.004000 -0.106514
v -0.297799 0.004001 0.106217
v -0.298220 0.004000 -0.035505
v -0.298220 0.004000 0.035505
v -0.298120 0.004000 -0.091148
v -0.297973 0.004011 0.091260
v -0.176423 0.015722 -0.106602
v -0.178397 0.014389 0.106597
v -0.176771 0.015758 -0.091231
v -0.178872 0.014619 0.091574
v -0.177086 0.028191 -0.106605
v -0.194336 0.028586 0.106591
v -0.181619 0.026876 -0.035554
v -0.185319 0.026876 0.035540
v -0.177281 0.027893 -0.091239
v -0.194595 0.028302 0.091485
v -0.270788 0.036276 0.106756
v -0.270846 0.032289 -0.035678
v -0.270843 0.032288 0.035609
v -0.264591 0.038044 -0.106834
v -0.265654 0.035980 -0.086602
v -0.270765 0.035309 0.091634
v -0.198768 0.029735 -0.106726
v -0.220222 0.032510 -0.106737
v -0.226078 0.029893 0.106611
v -0.210206 0.029239 0.106601
v -0.221951 0.028185 -0.035591
v -0.201795 0.027590 -0.035572
v -0.223164 0.028185 0.035545
v -0.204241 0.027589 0.035543
v -0.220352 0.030566 -0.091344
v -0.198882 0.029234 -0.091319
v -0.226184 0.029531 0.091498
v -0.210386 0.028917 0.091493
v -0.300489 0.046450 -0.107155
v -0.307405 0.035724 -0.035832
v -0.307458 0.035717 0.035707
v -0.301790 0.042546 -0.082019
v -0.307221 0.041885 0.091819
v -0.179418 0.026997 0.106604
v -0.180345 0.027992 0.106596
v -0.179679 0.027683 0.106618
v -0.174977 0.028067 -0.106601
v -0.174010 0.027001 -0.106602
v -0.174281 0.027726 -0.106620
v -0.176123 0.026801 -0.035582
v -0.175616 0.026613 -0.035679
v -0.181383 0.026807 0.035515
v -0.180873 0.026568 0.035435
v -0.174322 0.026821 -0.091236
v -0.175199 0.027785 -0.091234
v -0.174569 0.027476 -0.091254
v -0.179723 0.026815 0.091494
v -0.180587 0.027749 0.091490
v -0.179965 0.027452 0.091510
v -0.173571 0.005421 0.106540
v -0.173133 0.006248 0.106598
v -0.173133 0.005678 0.106597
v -0.173133 0.006248 -0.106598
v -0.173571 0.005421 -0.106540
v -0.173133 0.005678 -0.106597
v -0.173869 0.005421 -0.091173
v -0.173452 0.006224 -0.091231
v -0.173445 0.005681 -0.091230
v -0.173870 0.005419 0.091443
v -0.173388 0.005941 0.091570
v -0.173590 0.005590 0.091546
v -0.303068 0.047876 -0.107178
v -0.312643 0.051122 -0.096927
v -0.307686 0.050162 -0.105805
v -0.311190 0.051350 -0.102053
v -0.314165 0.047637 0.096555
v -0.310966 0.046335 0.105518
v -0.313227 0.047605 0.101730
v -0.302148 0.005508 0.105926
v -0.312823 0.005463 0.095266
v -0.307506 0.006862 0.104527
v -0.311423 0.006846 0.100617
v -0.313404 0.004000 -0.095226
v -0.307781 0.004000 -0.105033
v -0.311922 0.004000 -0.100892
v -0.312951 0.028760 0.088417
v -0.312762 0.003465 0.088397
v -0.317917 0.003465 0.088419
v -0.302518 0.003465 -0.082596
v -0.313169 0.003465 -0.034303
v -0.311335 0.003465 0.034346
v -0.318837 0.003297 -0.080996
v -0.173071 0.005486 -0.104088
v -0.318279 0.028939 0.088458
v -0.295097 0.027833 -0.072745
v -0.320754 0.027833 -0.034303
v -0.320754 0.027833 0.034346
v -0.311054 0.027833 -0.069736
v -0.173511 0.027833 -0.075017
v -0.173071 0.027833 -0.103905
v -0.178710 0.027833 0.088392
v -0.179443 0.027833 0.034346
v -0.174151 0.027833 -0.034303
v -0.178480 0.027833 0.103250
v -0.173071 0.005486 0.103250
v -0.180678 0.003465 -0.104129
v -0.180678 0.003465 0.103301
v -0.180678 0.027833 -0.103894
v -0.182497 0.027833 0.103698
v -0.181718 0.027833 -0.034303
v -0.185573 0.027833 0.034346
v -0.181134 0.027833 -0.072826
v -0.182731 0.027833 0.088392
v -0.174263 0.023053 -0.102774
v -0.174891 0.016659 -0.101248
v -0.304842 0.027833 -0.034303
v -0.308601 0.027833 0.034346
v -0.308129 0.028341 0.088392
v -0.323394 0.017787 0.034346
v -0.323570 0.016659 0.034346
v -0.322700 0.018433 0.088658
v -0.323230 0.016659 0.088685
v -0.174263 0.010266 -0.102130
v -0.179672 0.023053 0.104205
v -0.177440 0.016659 0.105013
v -0.304101 0.003465 -0.034303
v -0.322586 0.022964 -0.034303
v -0.323570 0.016659 -0.034303
v -0.306355 0.003465 0.034346
v -0.319597 0.018476 -0.074118
v -0.321397 0.016659 -0.075223
v -0.183244 0.023050 0.104871
v -0.308129 0.003465 0.088392
v -0.181602 0.016659 0.105797
v -0.180678 0.023050 -0.102783
v -0.323237 0.014504 0.034346
v -0.180678 0.016659 -0.101254
v -0.322486 0.014173 0.088647
v -0.284979 0.028899 -0.100066
v -0.308561 0.030901 -0.085110
v -0.294428 0.030284 -0.097263
v -0.302457 0.030695 -0.091817
v -0.316869 0.021144 -0.088373
v -0.294774 0.019420 -0.101917
v -0.312275 0.019035 -0.097412
v -0.304217 0.020165 -0.100938
v -0.174263 0.010266 0.104205
v -0.296289 0.017198 -0.102726
v -0.318342 0.016753 -0.088602
v -0.306090 0.016937 -0.101559
v -0.314382 0.014944 -0.098272
v -0.322586 0.010292 -0.034303
v -0.321369 0.014155 -0.075503
v -0.318279 0.030810 0.094743
v -0.306780 0.032828 0.103530
v -0.317049 0.032520 0.099283
v -0.313342 0.033617 0.102034
v -0.180678 0.010099 0.104830
v -0.180678 0.010099 -0.102158
v -0.311031 0.022458 0.105889
v -0.322696 0.019018 0.095345
v -0.317727 0.022125 0.103841
v -0.321483 0.020838 0.100371
v -0.323228 0.017065 0.095326
v -0.311571 0.020229 0.106055
v -0.322015 0.018898 0.100331
v -0.318262 0.020206 0.103839
v -0.316799 0.027833 0.034346
v -0.313137 0.027833 -0.034303
v -0.299402 0.027833 -0.072325
v -0.173187 0.027833 -0.095981
v -0.180789 0.027833 -0.095982
v -0.306040 0.003465 -0.106744
v -0.319243 0.002092 -0.097273
v -0.286776 0.029103 -0.093568
v -0.296595 0.030487 -0.091985
v -0.312366 0.002702 -0.106001
v -0.178595 0.027833 0.095742
v -0.182616 0.027833 0.095974
v -0.316493 0.002072 -0.102015
v -0.308592 0.030477 0.095829
v -0.319025 0.014196 -0.089860
v -0.313200 0.031659 0.095364
v -0.299967 0.014439 -0.103222
v -0.315118 0.011845 -0.098906
v -0.308088 0.014112 -0.102354
v -0.317917 0.004290 0.094608
v -0.306436 0.007011 0.103161
v -0.316683 0.005934 0.098950
v -0.312966 0.007011 0.101601
v -0.310825 0.017483 0.105792
v -0.322481 0.014582 0.095336
v -0.317511 0.017707 0.103797
v -0.321266 0.016419 0.100359
v -0.311026 0.003465 0.034346
v -0.309698 0.003465 -0.034303
v -0.307817 0.003465 -0.082879
v -0.173187 0.005486 -0.095610
v -0.180789 0.003465 -0.095610
v -0.305025 0.003465 -0.097440
v -0.310898 0.002993 -0.097346
v -0.308411 0.004725 0.095701
v -0.312990 0.005155 0.095169
v -0.222465 0.003465 -0.105001
v -0.264253 0.003465 -0.105872
v -0.219122 0.027833 -0.072799
v -0.257110 0.027833 -0.072772
v -0.223264 0.027833 0.034346
v -0.264809 0.027833 0.034346
v -0.222513 0.027833 -0.034303
v -0.263307 0.027833 -0.034303
v -0.223309 0.027833 0.088392
v -0.265719 0.027833 0.088392
v -0.215457 0.025819 -0.102584
v -0.250236 0.025819 -0.101506
v -0.217216 0.021481 -0.101524
v -0.253754 0.021609 -0.100449
v -0.218245 0.016214 -0.101077
v -0.255813 0.016369 -0.100764
v -0.265965 0.027833 0.103663
v -0.223321 0.027833 0.103689
v -0.267182 0.023021 0.104869
v -0.223930 0.023036 0.104872
v -0.224263 0.016659 0.105797
v -0.267848 0.016659 0.105797
v -0.216118 0.025819 -0.095199
v -0.251447 0.025819 -0.094383
v -0.222381 0.010123 -0.102938
v -0.264084 0.010147 -0.104048
v -0.265842 0.027833 0.095951
v -0.223315 0.027833 0.095969
v -0.265965 0.003465 0.103279
v -0.223321 0.003465 0.103295
v -0.267182 0.010194 0.104845
v -0.223930 0.010146 0.104839
v -0.222201 0.003465 -0.096220
v -0.263613 0.003465 -0.096830
v -0.312951 0.030976 0.088417
v -0.318279 0.031154 0.088458
v -0.295531 0.030016 -0.073142
v -0.320754 0.030048 -0.034303
v -0.320754 0.030048 0.034346
v -0.311468 0.031421 -0.070092
v -0.173607 0.027880 -0.075138
v -0.173167 0.027880 -0.104026
v -0.177291 0.027880 0.088271
v -0.179376 0.027880 0.034225
v -0.174248 0.027880 -0.034424
v -0.178511 0.027880 0.103129
v -0.304842 0.030166 -0.034303
v -0.308601 0.030166 0.034346
v -0.308129 0.030557 0.088392
v -0.285561 0.032675 -0.100877
v -0.307766 0.036011 -0.083812
v -0.294935 0.036560 -0.097758
v -0.318274 0.032675 0.094723
v -0.309057 0.035061 0.102916
v -0.316900 0.035763 0.098681
v -0.313620 0.035763 0.101994
v -0.316799 0.030166 0.034346
v -0.313137 0.030166 -0.034303
v -0.299888 0.030407 -0.072783
v -0.308592 0.031590 0.095829
v -0.313200 0.032323 0.095364
v -0.257110 0.030048 -0.072772
v -0.264809 0.030048 0.034346
v -0.263307 0.030048 -0.034303
v -0.265719 0.030048 0.088392
v -0.250236 0.028034 -0.101506
v -0.265965 0.030048 0.103663
v -0.292800 0.030018 -0.073115
v -0.290063 0.030048 0.034346
v -0.287259 0.030048 -0.034303
v -0.290175 0.030342 0.088392
v -0.283050 0.032345 -0.100921
v -0.290807 0.033092 0.103205
v -0.290495 0.030937 0.095880
v -0.296945 0.036049 -0.091888
v -0.299224 0.033383 -0.095728
v -0.305727 0.032993 -0.088757
v -0.301749 0.032093 -0.094022
v -0.304135 0.031950 -0.091465
v -0.251853 0.003444 -0.128365
v -0.179311 0.002417 -0.117009
v -0.261732 0.009527 -0.096021
v -0.181285 0.009527 -0.091474
v -0.188737 0.009527 -0.121292
v -0.178540 0.009527 -0.106901
v -0.179782 0.009527 -0.099921
v -0.260115 0.009527 -0.105112
v -0.231427 0.004117 -0.128803
v -0.232676 0.009527 -0.103339
v -0.248433 0.008298 -0.131912
v -0.256639 0.009527 -0.124652
v -0.233094 0.009527 -0.094402
v -0.299338 0.011851 -0.106468
v -0.199071 0.011851 -0.104385
v -0.299452 0.012978 -0.116612
v -0.201065 0.018405 -0.120123
v -0.298903 0.011851 -0.098589
v -0.198904 0.011851 -0.101363
v -0.218410 0.020487 -0.118516
v -0.199470 0.015486 -0.110172
v -0.209840 0.016771 -0.119540
v -0.199914 0.015034 -0.112248
v -0.261980 0.018724 -0.116618
v -0.299490 0.013238 -0.108675
v -0.245715 0.016076 -0.117327
v -0.238975 0.016338 -0.117620
v -0.242339 0.015762 -0.117474
v -0.246422 0.011851 -0.105369
v -0.239388 0.011851 -0.105223
v -0.242905 0.011851 -0.105296
v -0.239113 0.011851 -0.100248
v -0.246129 0.011851 -0.100053
v -0.242621 0.011851 -0.100151
v -0.233365 0.018354 -0.117865
v -0.223658 0.020275 -0.118288
v -0.228535 0.019630 -0.118075
v -0.250956 0.011851 -0.105463
v -0.260701 0.011851 -0.105665
v -0.255828 0.011851 -0.105564
v -0.234859 0.011851 -0.105129
v -0.225104 0.011851 -0.104926
v -0.229981 0.011851 -0.105027
v -0.224868 0.011851 -0.100643
v -0.234596 0.011851 -0.100373
v -0.229732 0.011851 -0.100508
v -0.250650 0.011851 -0.099928
v -0.260369 0.011851 -0.099658
v -0.255510 0.011851 -0.099793
v -0.260940 0.018767 -0.116664
v -0.251351 0.017647 -0.117081
v -0.256116 0.018520 -0.116874
v -0.313404 0.000000 -0.095226
v -0.311922 0.000000 -0.100892
v -0.311761 0.050810 0.096165
v -0.310823 0.050778 0.101340
v -0.220043 0.036506 -0.106514
v -0.241641 0.034915 -0.106514
v -0.270042 0.040199 0.106514
v -0.241791 0.034542 0.106514
v -0.313404 0.000000 -0.035505
v -0.313404 0.000000 0.035505
v -0.313541 0.044610 0.035505
v -0.313541 0.044610 -0.035505
v -0.311901 0.050266 0.091408
v -0.313404 0.000000 -0.091148
v -0.298087 0.000000 -0.106514
v -0.184180 0.000267 -0.106514
v -0.172277 0.015889 -0.106514
v -0.170069 0.025403 -0.106514
v -0.174584 0.015889 0.106514
v -0.170188 0.009365 0.106514
v -0.263689 0.041932 -0.106514
v -0.281115 0.045995 -0.106514
v -0.311463 0.051974 -0.081377
v -0.313404 0.000000 0.091408
v -0.184180 0.000267 0.106514
v -0.298087 0.000000 0.106514
v -0.170188 0.009365 -0.106514
v -0.175597 0.022412 0.106514
v -0.210046 0.033235 0.106514
v -0.194174 0.032582 0.106514
v -0.292372 0.044670 0.106514
v -0.176847 0.032183 -0.106514
v -0.198445 0.033718 -0.106514
v -0.225919 0.033889 0.106514
v -0.299117 0.050193 -0.106514
v -0.305585 0.047339 0.106514
v -0.179380 0.031953 0.106514
v -0.176489 0.030612 0.106514
v -0.175389 0.027623 0.106514
v -0.171080 0.030630 -0.106514
v -0.173968 0.032017 -0.106514
v -0.169980 0.027623 -0.106514
v -0.169153 0.007197 0.106514
v -0.169076 0.003491 0.106514
v -0.172232 0.001544 0.106514
v -0.169076 0.003491 -0.106514
v -0.169154 0.007198 -0.106514
v -0.172231 0.001544 -0.106514
v -0.301213 0.051357 -0.106514
v -0.305831 0.053643 -0.105141
v -0.309336 0.054831 -0.101388
v -0.310789 0.054603 -0.096262
v -0.308562 0.049508 0.105128
v -0.313404 0.001549 0.095854
v -0.302728 0.001595 0.106514
v -0.308086 0.002949 0.105115
v -0.312003 0.002932 0.101205
v -0.307781 0.000000 -0.105033
v -0.302115 0.000000 -0.106514
v -0.313404 0.004000 -0.095226
v -0.311922 0.004000 -0.100892
v -0.314165 0.047637 0.096555
v -0.313227 0.047605 0.101730
v -0.220222 0.032510 -0.106737
v -0.242114 0.030914 -0.106653
v -0.270788 0.036276 0.106756
v -0.242247 0.030559 0.106654
v -0.313404 0.004000 -0.035505
v -0.313404 0.004000 0.035505
v -0.315800 0.041309 0.035699
v -0.315653 0.041211 -0.035857
v -0.314246 0.047048 0.091796
v -0.313404 0.004000 -0.091148
v -0.298092 0.004000 -0.106514
v -0.184400 0.004267 -0.106518
v -0.176423 0.015722 -0.106602
v -0.174048 0.025950 -0.106594
v -0.178397 0.014389 0.106597
v -0.173669 0.007375 0.106590
v -0.264591 0.038044 -0.106834
v -0.281952 0.042122 -0.107057
v -0.313374 0.048525 -0.082053
v -0.313110 0.004000 0.091111
v -0.184400 0.004267 0.106518
v -0.297799 0.004001 0.106217
v -0.173913 0.007883 -0.106595
v -0.179610 0.022190 0.106599
v -0.210206 0.029239 0.106601
v -0.194336 0.028586 0.106591
v -0.293119 0.040756 0.106867
v -0.177086 0.028191 -0.106605
v -0.198768 0.029735 -0.106726
v -0.226078 0.029893 0.106611
v -0.300489 0.046450 -0.107155
v -0.307161 0.043566 0.106931
v -0.180345 0.027992 0.106596
v -0.179679 0.027683 0.106618
v -0.179418 0.026997 0.106604
v -0.174281 0.027726 -0.106620
v -0.174977 0.028067 -0.106601
v -0.174010 0.027001 -0.106602
v -0.173133 0.006248 0.106598
v -0.173133 0.005678 0.106597
v -0.173571 0.005421 0.106540
v -0.173133 0.005678 -0.106597
v -0.173133 0.006248 -0.106598
v -0.173571 0.005421 -0.106540
v -0.303068 0.047876 -0.107178
v -0.307686 0.050162 -0.105805
v -0.311190 0.051350 -0.102053
v -0.312643 0.051122 -0.096927
v -0.310966 0.046335 0.105518
v -0.312823 0.005463 0.095266
v -0.302148 0.005508 0.105926
v -0.307506 0.006862 0.104527
v -0.311423 0.006846 0.100617
v -0.307781 0.004000 -0.105033
v -0.302115 0.004000 -0.106514
v -0.313169 0.003465 -0.034303
v -0.311335 0.003465 0.034346
v -0.318837 0.003297 -0.080996
v -0.173071 0.005486 -0.104088
v -0.320754 0.027833 -0.034303
v -0.320754 0.027833 0.034346
v -0.311054 0.027833 -0.069736
v -0.173071 0.027833 -0.103905
v -0.318279 0.028939 0.088458
v -0.182497 0.027833 0.103698
v -0.178480 0.027833 0.103250
v -0.317917 0.003465 0.088419
v -0.180678 0.027833 -0.103894
v -0.180678 0.003465 -0.104129
v -0.264253 0.003465 -0.105872
v -0.306040 0.003465 -0.106744
v -0.308561 0.030901 -0.085110
v -0.302457 0.030695 -0.091817
v -0.294428 0.030284 -0.097263
v -0.284979 0.028899 -0.100066
v -0.250236 0.025819 -0.101506
v -0.317049 0.032520 0.099283
v -0.318279 0.030810 0.094743
v -0.313342 0.033617 0.102034
v -0.306780 0.032828 0.103530
v -0.223321 0.027833 0.103689
v -0.316493 0.002072 -0.102015
v -0.312366 0.002702 -0.106001
v -0.319243 0.002092 -0.097273
v -0.316683 0.005934 0.098950
v -0.317917 0.004290 0.094608
v -0.312966 0.007011 0.101601
v -0.306436 0.007011 0.103161
v -0.222465 0.003465 -0.105001
v -0.215457 0.025819 -0.102584
v -0.265965 0.027833 0.103663
v -0.296945 0.036049 -0.091888
v -0.294935 0.036560 -0.097758
v -0.285561 0.032675 -0.100877
v -0.307766 0.036011 -0.083812
v -0.313200 0.032323 0.095364
v -0.308592 0.031590 0.095829
v -0.318274 0.032675 0.094723
v -0.178540 0.009527 -0.106901
v -0.188737 0.009527 -0.121292
v -0.231427 0.004117 -0.128803
v -0.256639 0.009527 -0.124652
v -0.248433 0.008298 -0.131912
v -0.218410 0.020487 -0.118516
v -0.199470 0.015486 -0.110172
v -0.209840 0.016771 -0.119540
v -0.199914 0.015034 -0.112248
v -0.299490 0.013238 -0.108675
v -0.261980 0.018724 -0.116618
v -0.242905 0.011851 -0.105296
v -0.239388 0.011851 -0.105223
v -0.246422 0.011851 -0.105369
v -0.229981 0.011851 -0.105027
v -0.225104 0.011851 -0.104926
v -0.234859 0.011851 -0.105129
v -0.255828 0.011851 -0.105564
v -0.260701 0.011851 -0.105665
v -0.250956 0.011851 -0.105463
v -0.199071 0.011851 -0.104385
v -0.299338 0.011851 -0.106468
vn 0.9312 0.3607 -0.0530
vn 0.9974 0.0690 -0.0208
vn 0.9235 0.3830 -0.0202
vn 0.0401 0.9990 -0.0218
vn 0.1332 0.9905 -0.0343
vn 0.0405 0.9989 -0.0236
vn 0.9809 0.1939 0.0143
vn 0.9410 0.3379 0.0204
vn 0.9405 0.3393 0.0201
vn 0.0472 -0.9980 -0.0409
vn 0.2133 -0.9770 0.0029
vn 0.0121 -0.9999 0.0001
vn 0.0489 -0.9978 -0.0438
vn -0.1056 -0.9928 -0.0572
vn -0.0011 -1.0000 0.0027
vn 0.0020 -1.0000 0.0004
vn 0.0021 -1.0000 -0.0000
vn 0.0131 -0.9999 -0.0005
vn 0.0020 -1.0000 -0.0000
vn 0.9888 0.1475 0.0230
vn 0.9812 -0.1922 0.0192
vn 0.9812 0.1920 0.0213
vn 0.0326 0.9994 0.0126
vn 0.1385 0.9903 -0.0048
vn 0.1668 0.9859 0.0158
vn 0.2141 -0.9768 -0.0017
vn 0.2098 -0.9777 -0.0060
vn 0.8804 0.4737 -0.0239
vn 0.8571 0.5122 -0.0558
vn 0.9643 0.2600 -0.0511
vn 0.9349 0.3533 0.0343
vn 0.8242 0.5652 -0.0358
vn 0.1422 0.9896 0.0195
vn 0.0379 0.9990 0.0217
vn 0.0411 0.9973 0.0606
vn 0.0874 0.9956 0.0339
vn 0.0398 0.9992 -0.0085
vn 0.9993 0.0341 -0.0182
vn 0.9727 -0.2270 0.0486
vn 0.9990 -0.0037 0.0440
vn 0.9806 -0.1950 0.0190
vn 0.9929 0.1187 0.0065
vn 0.3117 0.9319 0.1857
vn 0.5503 0.8310 0.0810
vn 0.2811 0.9567 0.0759
vn 0.2728 0.9612 -0.0399
vn 0.0881 0.9947 0.0539
vn 0.1124 0.9935 -0.0169
vn 0.1103 0.9932 0.0379
vn 0.1792 0.9754 0.1280
vn 0.1680 0.9814 0.0925
vn 0.1732 0.9821 -0.0748
vn 0.1901 0.9796 -0.0657
vn 0.1640 0.9848 -0.0562
vn 0.2182 0.9671 0.1305
vn 0.2298 0.9701 0.0786
vn 0.6043 0.7911 -0.0955
vn 0.6176 0.7791 -0.1072
vn 0.3377 0.9354 -0.1050
vn 0.9997 -0.0086 0.0209
vn 0.9875 -0.1388 0.0749
vn 0.1711 0.9850 -0.0237
vn 0.0077 0.9942 0.1074
vn 0.0276 0.9996 -0.0055
vn 0.1268 0.9917 -0.0193
vn 0.9685 0.2459 0.0382
vn 0.0872 0.9957 -0.0322
vn 0.8482 0.5293 -0.0184
vn 0.9821 0.1871 -0.0204
vn 0.0123 -0.9999 0.0002
vn 0.3221 -0.9402 -0.1109
vn 0.9933 0.1112 0.0307
vn 0.0800 0.9968 -0.0023
vn 0.5558 0.8303 -0.0398
vn 0.3945 0.9012 -0.1793
vn 0.0440 -0.9915 0.1222
vn -0.0000 -1.0000 -0.0000
vn 0.0689 0.9974 0.0223
vn 0.2078 0.9780 0.0209
vn 0.2595 0.9655 0.0207
vn 0.0531 0.9983 0.0225
vn 0.9960 0.0850 0.0279
vn 0.9964 0.0835 -0.0151
vn 0.9884 0.1500 0.0230
vn 0.9937 0.1101 -0.0213
vn 0.0949 0.9951 -0.0286
vn 0.0348 0.9994 -0.0075
vn 0.0392 0.9991 -0.0189
vn 0.0392 0.9990 -0.0205
vn 0.0968 0.9948 0.0310
vn 0.0648 0.9967 0.0492
vn 0.0335 0.9993 0.0176
vn 0.0405 0.9990 -0.0212
vn 0.0410 0.9990 -0.0187
vn 0.3191 0.9349 0.1554
vn 0.1915 0.9771 -0.0925
vn 0.1119 0.9936 -0.0180
vn 0.7377 0.6747 -0.0229
vn 0.7402 0.6710 0.0420
vn 0.7402 0.6720 0.0245
vn 0.7412 0.6710 0.0201
vn 0.7405 0.6717 0.0239
vn 0.8868 -0.4607 -0.0370
vn 0.2106 -0.9776 -0.0040
vn 0.8837 -0.4677 0.0191
vn 0.8795 -0.4755 0.0179
vn 0.9349 -0.3548 -0.0082
vn 0.9821 0.1871 0.0203
vn 0.8781 -0.4781 0.0177
vn 0.2107 -0.9775 0.0040
vn 0.0123 -0.9999 -0.0002
vn 0.4661 0.8690 0.1661
vn 0.4546 0.8745 0.1693
vn -0.0761 -0.9797 0.1853
vn -0.0132 -0.9574 0.2883
vn -0.9296 -0.3679 0.0205
vn -0.9965 -0.0792 0.0249
vn -0.9974 -0.0687 0.0202
vn -0.0400 -0.9989 0.0242
vn -0.1120 -0.9933 0.0285
vn -0.0391 -0.9990 0.0215
vn -0.9383 -0.3453 -0.0201
vn -0.9445 -0.3280 -0.0205
vn -0.9421 -0.3347 -0.0196
vn 0.1020 0.9932 0.0556
vn -0.0117 0.9999 0.0003
vn 0.0107 0.9999 -0.0115
vn -0.9908 -0.1338 -0.0217
vn -0.9770 0.2121 -0.0200
vn -0.9768 0.2131 -0.0216
vn -0.2229 -0.9605 0.1665
vn -0.0329 -0.9994 -0.0130
vn -0.0226 -0.9997 -0.0084
vn -0.0400 -0.9989 -0.0225
vn -0.1393 -0.9901 -0.0185
vn -0.0508 -0.9974 -0.0515
vn -0.0380 -0.9992 0.0098
vn -0.0866 -0.9956 -0.0349
vn -0.2961 -0.9432 -0.1503
vn -0.5483 -0.8325 -0.0795
vn -0.4560 -0.8738 -0.1692
vn -0.3090 -0.9421 -0.1301
vn -0.5565 -0.8299 0.0395
vn -0.1135 -0.9928 -0.0372
vn -0.0940 -0.9951 0.0296
vn -0.0929 -0.9943 -0.0526
vn -0.1792 -0.9760 -0.1235
vn -0.1676 -0.9815 -0.0925
vn -0.1899 -0.9796 0.0656
vn -0.1617 -0.9832 0.0844
vn -0.1641 -0.9848 0.0562
vn -0.2181 -0.9672 -0.1305
vn -0.2296 -0.9701 -0.0783
vn -0.6013 -0.7933 0.0954
vn -0.5910 -0.7998 0.1048
vn -0.3393 -0.9296 0.1438
vn -0.9997 -0.0073 -0.0214
vn -0.1707 -0.9850 0.0256
vn -0.0280 -0.9917 -0.1253
vn -0.2197 -0.9553 0.1977
vn -0.0274 -0.9996 0.0053
vn -0.0020 1.0000 -0.0000
vn -0.0117 0.9999 -0.0001
vn -0.0114 0.9999 -0.0002
vn -0.1181 -0.9928 0.0188
vn -0.9293 -0.3689 0.0182
vn -0.8484 -0.5290 0.0202
vn -0.9948 -0.0977 0.0275
vn -0.1286 0.9917 -0.0021
vn -0.0779 -0.9970 0.0023
vn -0.3298 -0.9440 -0.0020
vn -0.0426 0.9920 -0.1187
vn -0.0001 1.0000 -0.0000
vn -0.0000 1.0000 -0.0000
vn -0.0015 1.0000 -0.0000
vn -0.9441 -0.3291 -0.0204
vn -0.9270 -0.3742 0.0239
vn -0.0538 -0.9984 -0.0193
vn -0.0690 -0.9974 -0.0226
vn -0.1573 -0.9873 -0.0205
vn -0.0547 -0.9982 -0.0227
vn -0.9997 -0.0058 0.0221
vn -0.1335 -0.9905 0.0346
vn -0.0387 -0.9991 0.0193
vn -0.0343 -0.9994 0.0075
vn -0.0380 -0.9991 0.0207
vn -0.0767 -0.9959 -0.0488
vn -0.0338 -0.9993 -0.0174
vn -0.0660 -0.9976 -0.0215
vn -0.0405 -0.9990 0.0212
vn -0.3189 -0.9350 -0.1551
vn -0.1905 -0.9773 0.0927
vn -0.5436 -0.8390 0.0225
vn -0.0542 -0.9984 0.0177
vn -0.7311 -0.6818 0.0243
vn -0.4247 -0.9053 -0.0066
vn -0.7393 -0.6729 -0.0247
vn -0.9909 -0.1325 -0.0217
vn -0.7403 -0.6718 -0.0248
vn -0.0411 -0.9990 0.0187
vn -0.8820 0.4710 0.0160
vn -0.7508 0.6603 0.0185
vn -0.1126 0.9936 0.0021
vn -0.8826 0.4697 -0.0183
vn -0.1152 0.9933 -0.0023
vn -0.8910 0.4536 -0.0178
vn -0.0114 0.9999 0.0004
vn -0.1262 0.9920 0.0020
vn -0.4779 -0.8610 -0.1737
vn -0.4759 -0.8626 -0.1714
vn -0.4663 -0.8689 -0.1663
vn 0.2863 0.9580 -0.0163
vn -0.9886 -0.0000 -0.1503
vn -0.8676 -0.0000 -0.4973
vn -0.8676 -0.0000 -0.4974
vn -0.7925 0.6074 0.0549
vn -0.7270 0.5933 0.3456
vn -0.7270 0.5932 0.3457
vn 0.0067 0.0374 -0.9993
vn 0.0013 0.0544 -0.9985
vn 0.0063 0.0341 -0.9994
vn 0.0083 0.0371 0.9993
vn 0.0139 0.0564 0.9983
vn 0.0085 0.0369 0.9993
vn -1.0000 -0.0005 0.0024
vn -1.0000 -0.0000 -0.0000
vn -0.8477 0.5303 0.0150
vn -0.8272 0.5617 -0.0155
vn -0.8265 0.5628 -0.0154
vn -0.8158 0.5770 -0.0399
vn -0.8130 0.5810 -0.0370
vn -0.0000 -0.0005 -1.0000
vn -0.0008 0.0004 -1.0000
vn -0.0004 -0.0002 -1.0000
vn 0.0207 0.0002 -0.9998
vn 0.0194 -0.0066 -0.9998
vn 0.0203 -0.0036 -0.9998
vn 0.0187 0.0072 0.9998
vn 0.0150 0.0123 0.9998
vn 0.0168 0.0103 0.9998
vn -0.7953 0.6040 0.0519
vn 0.0268 0.0760 -0.9968
vn 0.0316 0.1306 -0.9909
vn 0.0309 0.1328 -0.9907
vn -0.8722 0.4876 0.0384
vn -0.8472 0.5311 0.0151
vn -0.9984 0.0563 0.0001
vn -1.0000 -0.0022 0.0025
vn -0.0023 0.0159 0.9999
vn 0.0005 0.0544 0.9985
vn 0.0084 0.0416 0.9991
vn 0.0193 0.0070 -0.9998
vn 0.0212 0.0001 -0.9998
vn 0.0210 0.0009 0.9998
vn 0.0190 0.0072 0.9998
vn 0.0009 0.0196 0.9998
vn 0.0012 0.0216 0.9998
vn 0.0009 0.0192 0.9998
vn 0.0140 0.0588 0.9982
vn 0.0175 0.0838 0.9963
vn 0.0265 0.0708 -0.9971
vn 0.0057 0.0301 -0.9995
vn 0.0057 0.0509 -0.9987
vn 0.0055 0.0529 -0.9986
vn 0.0016 0.0557 -0.9984
vn 0.0013 0.0248 0.9997
vn 0.0010 0.0241 0.9997
vn 0.0012 0.0219 0.9998
vn 0.0434 0.1475 -0.9881
vn 0.0455 0.1467 -0.9881
vn -0.0355 0.1300 0.9909
vn 0.0169 0.0840 0.9963
vn 0.0023 0.0206 0.9998
vn 0.0077 0.0108 0.9999
vn 0.0177 0.0163 0.9997
vn 0.0229 0.0014 0.9997
vn 0.0225 -0.0077 0.9997
vn 0.0046 0.0229 -0.9997
vn 0.0098 0.0096 -0.9999
vn -0.0064 0.0241 -0.9997
vn 0.0236 0.0028 -0.9997
vn 0.0182 0.0165 -0.9997
vn -0.0117 0.0215 0.9997
vn 0.0212 0.0014 0.9998
vn 0.0222 -0.0107 -0.9997
vn 0.0066 0.0287 -0.9996
vn 0.0199 0.0043 0.9998
vn -0.0182 -0.0167 0.9997
vn 0.0157 -0.0086 0.9998
vn 0.0016 -0.0073 1.0000
vn -0.0506 -0.0181 0.9986
vn 0.0198 0.0046 -0.9998
vn -0.0182 -0.0167 -0.9997
vn 0.0198 0.0038 -0.9998
vn 0.0016 -0.0073 -1.0000
vn 0.0157 -0.0086 -0.9998
vn -0.0026 0.0155 0.9999
vn 0.0186 0.0047 0.9998
vn -0.0506 -0.0181 -0.9986
vn 0.0194 0.0067 -0.9998
vn -0.0743 0.2240 -0.9717
vn -0.0762 0.2264 -0.9711
vn -0.3804 0.3648 -0.8498
vn -0.3802 0.3648 -0.8499
vn -0.7409 0.4837 -0.4660
vn -0.7408 0.4837 -0.4661
vn -0.8793 0.4756 -0.0260
vn -0.8786 0.4768 -0.0258
vn -0.8736 0.4851 0.0384
vn -0.4521 0.4384 0.7768
vn -0.4515 0.4171 0.7888
vn -0.0319 0.1109 0.9933
vn -0.9822 0.1484 0.1154
vn -0.9990 0.0438 -0.0086
vn -0.1129 0.1498 0.9823
vn -0.1203 0.1648 0.9790
vn -0.4652 0.1986 0.8626
vn -0.4652 0.1986 0.8627
vn -0.8627 0.1978 0.4654
vn -0.8627 0.1979 0.4654
vn -0.9787 0.1639 0.1236
vn -0.4974 -0.0000 -0.8675
vn -0.4973 -0.0000 -0.8676
vn -0.1511 -0.0000 -0.9885
vn 0.5791 0.8087 -0.1032
vn 0.5915 0.7995 -0.1047
vn 0.7355 0.6772 -0.0235
vn 0.8781 -0.4782 -0.0177
vn 0.4779 0.8610 0.1737
vn -0.2835 -0.9589 0.0146
vn -0.1800 -0.9804 0.0800
vn -0.5796 -0.8083 0.1033
vn -0.3406 -0.9344 0.1044
vn -0.6093 -0.7866 0.0998
vn -0.9997 -0.0055 -0.0226
vn -0.8341 -0.5513 0.0174
vn -0.9998 -0.0061 0.0208
vn -0.3523 -0.9355 -0.0266
vn 0.0149 0.9565 -0.2914
vn 0.0770 0.9795 -0.1861
vn 0.1807 0.9802 -0.0808
vn -0.3720 -0.3366 0.8650
vn -0.0510 -0.2159 0.9751
vn -0.3878 -0.3044 0.8700
vn -0.7191 0.3503 -0.6002
vn -0.3545 0.3813 -0.8538
vn -0.7302 0.3370 -0.5944
vn -0.0083 0.9999 -0.0136
vn -0.0291 0.9991 -0.0296
vn -0.0267 -0.2251 -0.9740
vn -0.0154 -0.1986 -0.9800
vn -0.0211 -0.1503 -0.9884
vn -0.0052 0.9997 -0.0241
vn -0.0003 0.2406 0.9706
vn 0.0142 0.1848 0.9827
vn 0.0121 0.2347 0.9720
vn 0.1548 0.0252 0.9876
vn 0.0122 -0.1824 0.9832
vn 0.1037 -0.1538 0.9826
vn -0.7347 0.6394 -0.2267
vn -0.9839 0.1584 -0.0826
vn -0.8206 0.5623 -0.1027
vn -0.9516 0.3070 0.0142
vn -0.9317 0.3594 -0.0528
vn -0.9609 0.2767 0.0114
vn 0.0405 -0.9992 0.0005
vn 0.0405 -0.9992 0.0004
vn -0.0167 -0.0083 0.9998
vn -0.9366 0.3501 0.0139
vn -0.9439 0.3300 0.0116
vn -0.9476 0.3192 0.0107
vn -0.3392 0.3800 -0.8605
vn -0.0113 0.2986 -0.9543
vn -0.7914 -0.6113 -0.0019
vn -0.8095 -0.5860 -0.0373
vn -0.8428 -0.5373 -0.0303
vn 0.0789 -0.2042 0.9757
vn 0.1648 0.1865 0.9685
vn -0.0297 0.9996 -0.0015
vn -0.0183 0.9985 -0.0523
vn -0.7658 0.6342 -0.1061
vn -0.0067 -0.9997 0.0237
vn 0.0012 -0.9996 0.0283
vn -0.0196 -0.2274 -0.9736
vn 0.0005 -0.2303 -0.9731
vn -0.9361 -0.3512 -0.0205
vn -0.8787 0.3748 -0.2955
vn -0.9718 0.0922 -0.2171
vn 0.1026 0.9464 -0.3062
vn 0.0784 0.9827 -0.1676
vn 0.0834 0.9441 -0.3190
vn 0.0154 -0.0021 0.9999
vn -0.7092 -0.7046 0.0256
vn -0.8117 -0.5839 0.0153
vn -0.8554 -0.0442 0.5162
vn -0.4653 -0.0321 0.8845
vn -0.0028 0.0258 -0.9997
vn -0.0028 0.1272 -0.9919
vn 0.0083 0.2509 -0.9680
vn -0.0454 0.3209 -0.9460
vn 0.0107 0.2943 -0.9557
vn -0.9924 -0.0490 0.1131
vn -0.6948 0.6892 -0.2056
vn -0.9991 0.0355 -0.0247
vn -0.9998 -0.0206 0.0024
vn -0.8940 -0.4084 0.1843
vn -0.9056 -0.3848 0.1785
vn -0.0203 0.1964 0.9803
vn 0.0032 -0.0041 1.0000
vn 0.0106 0.1861 0.9825
vn 0.0716 -0.9970 0.0287
vn 0.0129 -0.9999 0.0003
vn 0.0175 -0.9998 0.0015
vn -0.7144 -0.6997 -0.0032
vn -0.9988 -0.0492 0.0080
vn -0.0002 -0.2251 0.9743
vn -0.0001 -0.1863 0.9825
vn 0.0011 -0.0493 -0.9988
vn 0.0150 0.2904 -0.9568
vn 0.0210 0.2847 -0.9584
vn 0.0189 0.2632 -0.9645
vn -0.2806 0.5015 -0.8183
vn -0.0219 0.1603 -0.9868
vn -0.2813 0.3668 -0.8868
vn -0.5329 0.6098 -0.5867
vn -0.8962 -0.4436 -0.0029
vn -0.4869 0.6618 -0.5700
vn -0.2813 0.5357 -0.7962
vn -0.0765 -0.9641 0.2541
vn -0.0197 -0.9544 0.2980
vn -0.0053 -0.9691 0.2465
vn -0.4386 0.2849 0.8523
vn -0.8490 0.3472 0.3983
vn -0.6755 0.4008 -0.6189
vn -0.0010 0.3141 -0.9494
vn -0.0233 0.2333 -0.9721
vn -0.9316 0.3633 0.0081
vn -0.8435 0.3653 0.3936
vn -0.4311 0.3087 0.8478
vn -0.0281 0.2322 0.9723
vn -0.0074 -0.1951 0.9808
vn 0.0311 0.9982 -0.0509
vn 0.0041 1.0000 -0.0026
vn 0.0102 0.9999 -0.0064
vn 0.0664 0.9977 0.0146
vn 0.1023 0.9947 0.0052
vn 0.0992 0.9873 0.1238
vn 0.0364 0.9977 0.0572
vn 0.0322 0.9974 0.0645
vn 0.0074 0.9999 -0.0077
vn 0.0352 0.9993 -0.0097
vn 0.0793 0.9860 0.1466
vn 0.0114 0.9981 -0.0611
vn -0.0946 0.9488 -0.3013
vn -0.0630 0.9439 -0.3242
vn 0.0189 0.9998 0.0058
vn -0.7200 -0.3651 0.5902
vn -0.6990 -0.3941 0.5967
vn -0.0469 0.9989 -0.0024
vn -0.9798 0.0469 -0.1942
vn 0.0197 -0.9998 0.0099
vn 0.0065 -1.0000 0.0007
vn 0.0143 0.9996 -0.0239
vn 0.0264 -0.9995 0.0154
vn 0.0118 -0.9999 0.0013
vn 0.1332 -0.9904 0.0357
vn 0.0755 -0.9961 0.0451
vn 0.0137 -0.9993 0.0354
vn 0.1032 -0.9495 0.2964
vn 0.0860 -0.9682 0.2350
vn 0.0099 -0.9999 0.0019
vn 0.2568 -0.9665 0.0034
vn 0.0318 0.9967 -0.0750
vn 0.0049 0.9999 -0.0106
vn 0.0073 0.9998 -0.0164
vn 0.0267 0.9990 -0.0361
vn -0.0000 -0.0036 1.0000
vn 0.0203 0.3161 -0.9485
vn 0.0156 0.2337 -0.9722
vn 0.0193 0.2821 -0.9592
vn -0.0624 -0.2573 0.9643
vn -0.0120 -0.2356 0.9718
vn -0.0001 0.1854 0.9827
vn -0.0027 -0.0020 -1.0000
vn 0.1006 0.9949 0.0069
vn 0.0439 0.9990 0.0025
vn 0.1051 0.9786 -0.1767
vn 0.0132 0.2290 0.9733
vn 0.0012 1.0000 -0.0009
vn -0.0414 0.1609 -0.9861
vn -0.0106 -0.0482 -0.9988
vn -0.9039 0.4230 -0.0630
vn 0.0097 -0.2224 0.9749
vn 0.1426 0.1874 0.9719
vn -0.0000 -0.2283 -0.9736
vn 0.1146 -0.9933 0.0164
vn -0.0926 -0.9504 0.2968
vn 0.2567 -0.9665 0.0035
vn 0.0453 0.9958 -0.0801
vn 0.2363 0.8505 -0.4699
vn 0.0977 0.9220 -0.3746
vn 0.0291 0.9991 -0.0324
vn 0.0091 1.0000 -0.0033
vn 0.0031 1.0000 -0.0058
vn 0.0111 0.9999 0.0097
vn 0.2941 0.9105 0.2909
vn 0.3774 0.8903 0.2549
vn 0.4360 0.8713 0.2252
vn 0.0073 1.0000 0.0009
vn 0.1351 0.9823 0.1294
vn 0.1035 0.9848 0.1393
vn 0.0130 0.9998 0.0170
vn -0.0100 0.9999 -0.0074
vn 0.0133 0.9990 -0.0419
vn 0.2809 0.8054 -0.5219
vn 0.0897 0.9940 0.0625
vn 0.1979 0.9237 0.3280
vn 0.0451 0.9921 -0.1173
vn 0.0186 0.9996 -0.0203
vn 0.0618 0.9756 -0.2107
vn 0.0507 0.9870 -0.1528
vn 0.0217 0.9998 -0.0014
vn 0.0279 0.9995 -0.0163
vn 0.0205 0.9997 -0.0121
vn 0.0134 0.9994 -0.0332
vn 0.0251 0.9997 0.0019
vn 0.0225 0.9997 -0.0059
vn 0.0191 0.9998 0.0012
vn 0.0624 0.9976 0.0300
vn 0.0258 0.9996 0.0116
vn 0.0914 0.9410 -0.3258
vn 0.0308 0.9993 -0.0188
vn 0.0022 1.0000 -0.0002
vn 0.0248 0.9997 0.0004
vn 0.0200 0.9998 0.0002
vn 0.0048 1.0000 -0.0017
vn 0.0248 0.9997 -0.0000
vn 0.0246 0.9997 0.0013
vn 0.0624 0.9918 0.1112
vn -0.5070 0.7428 -0.4372
vn -0.5069 0.7428 -0.4373
vn -0.5070 0.7429 -0.4372
vn 0.0942 0.9785 -0.1837
vn 0.6579 0.5914 -0.4662
vn 0.0170 0.9987 -0.0475
vn 0.1115 0.9900 -0.0867
vn -0.0227 0.9982 -0.0554
vn -0.6669 -0.0719 -0.7416
vn 0.0519 0.9978 -0.0403
vn -0.0422 0.9937 -0.1034
vn 0.3555 0.8946 -0.2708
vn -0.1410 0.9025 0.4069
vn -0.1515 0.9879 -0.0331
vn 0.1166 0.8950 0.4306
vn 0.0955 0.9300 0.3549
vn 0.1138 0.8935 0.4345
vn -0.0111 0.8464 0.5324
vn 0.0087 0.8505 0.5259
vn -0.0317 0.8504 0.5251
vn -0.1250 0.9276 0.3520
vn -0.0183 0.9469 0.3210
vn -0.0136 0.9469 0.3211
vn 0.0977 0.9292 0.3564
vn -0.0758 0.8633 0.4990
vn -0.0816 0.8654 0.4944
vn -0.1367 0.8894 0.4362
vn -0.1442 0.8932 0.4259
vn 0.0568 0.8662 0.4965
vn 0.0553 0.8656 0.4977
vn -0.1302 0.9256 0.3553
vn 0.0084 0.8505 0.5260
vn -0.0286 0.8499 0.5262
vt 0.095495 0.344473
vt 0.064255 0.358248
vt 0.064130 0.344790
vt 0.095387 0.479889
vt 0.063044 0.512896
vt 0.063483 0.479361
vt 0.487514 0.320031
vt 0.519920 0.325316
vt 0.487438 0.325101
vt 0.487146 0.278949
vt 0.368157 0.303755
vt 0.367739 0.278653
vt 0.094683 0.282566
vt 0.060445 0.039128
vt 0.092845 0.038624
vt 0.484583 0.035061
vt 0.365219 0.036079
vt 0.214826 0.279801
vt 0.212799 0.037532
vt 0.487395 0.364454
vt 0.519783 0.360262
vt 0.519785 0.364890
vt 0.368444 0.389467
vt 0.215705 0.382577
vt 0.368888 0.376115
vt 0.214914 0.304025
vt 0.094646 0.307823
vt 0.215007 0.318931
vt 0.094884 0.328029
vt 0.094725 0.323115
vt 0.368388 0.324835
vt 0.215167 0.327789
vt 0.483466 0.521366
vt 0.366043 0.475373
vt 0.484607 0.475422
vt 0.364946 0.518260
vt 0.214464 0.474474
vt 0.487289 0.339593
vt 0.368861 0.354141
vt 0.368402 0.339517
vt 0.215641 0.359051
vt 0.215422 0.344145
vt 0.459978 0.647805
vt 0.361738 0.673957
vt 0.361450 0.654919
vt 0.211448 0.651764
vt 0.362274 0.626885
vt 0.212720 0.575725
vt 0.363480 0.579005
vt 0.462871 0.610652
vt 0.471906 0.571248
vt 0.093022 0.622421
vt 0.061878 0.573890
vt 0.093947 0.574256
vt 0.514583 0.608357
vt 0.515148 0.570454
vt 0.070322 0.664658
vt 0.062644 0.658680
vt 0.060240 0.650692
vt 0.519730 0.339715
vt 0.487380 0.360115
vt 0.516154 0.521599
vt 0.517418 0.475973
vt 0.215584 0.393054
vt 0.095560 0.381845
vt 0.517541 0.034788
vt 0.368387 0.319571
vt 0.211876 0.623655
vt 0.063608 0.328673
vt 0.063380 0.323823
vt 0.519996 0.279094
vt 0.487470 0.304392
vt 0.369056 0.363001
vt 0.213813 0.514902
vt 0.210665 0.670826
vt 0.092454 0.650841
vt 0.092784 0.005826
vt 0.212531 0.004961
vt 0.364893 0.003493
vt 0.484247 0.002268
vt 0.517454 0.026148
vt 0.519472 0.384322
vt 0.487207 0.377854
vt 0.519621 0.378287
vt 0.487018 0.383858
vt 0.215765 0.368410
vt 0.095541 0.358292
vt 0.095465 0.368700
vt 0.064160 0.368830
vt 0.095014 0.513332
vt 0.215057 0.433898
vt 0.095734 0.413089
vt 0.095649 0.446474
vt 0.518265 0.430031
vt 0.485743 0.429588
vt 0.367198 0.432448
vt 0.063819 0.445907
vt 0.064010 0.412564
vt 0.514071 0.647577
vt 0.060870 0.622128
vt 0.063983 0.381672
vt 0.095458 0.375268
vt 0.369077 0.369558
vt 0.487361 0.371154
vt 0.215782 0.375493
vt 0.519753 0.371586
vt 0.094588 0.315480
vt 0.062881 0.308567
vt 0.368329 0.311665
vt 0.487562 0.312216
vt 0.214914 0.311482
vt 0.520038 0.320300
vt 0.520159 0.312505
vt 0.520165 0.304679
vt 0.062541 0.283244
vt 0.492836 0.674473
vt 0.460740 0.674091
vt 0.071143 0.008657
vt 0.082861 0.005790
vt 0.827257 0.915083
vt 0.844311 0.883387
vt 0.844107 0.915634
vt 0.650549 0.381815
vt 0.685375 0.413759
vt 0.651029 0.414140
vt 0.909989 0.614434
vt 0.877258 0.618936
vt 0.877148 0.615068
vt 0.538784 0.882480
vt 0.780580 0.914582
vt 0.538351 0.914445
vt 0.910806 0.660281
vt 0.877954 0.658963
vt 0.910804 0.658384
vt 0.556165 0.534741
vt 0.558222 0.686694
vt 0.546465 0.686879
vt 0.644496 0.685851
vt 0.689531 0.804866
vt 0.642640 0.805366
vt 0.645523 0.533824
vt 0.687960 0.685424
vt 0.819161 0.783898
vt 0.848691 0.684676
vt 0.847083 0.785156
vt 0.827593 0.684052
vt 0.847658 0.531218
vt 0.749372 0.684861
vt 0.795869 0.532142
vt 0.797466 0.684402
vt 0.780328 0.786052
vt 0.740580 0.794256
vt 0.747383 0.380386
vt 0.795907 0.411949
vt 0.747362 0.412794
vt 0.777627 0.838189
vt 0.739553 0.837769
vt 0.842919 0.389094
vt 0.845235 0.400108
vt 0.826595 0.411416
vt 0.877666 0.636524
vt 0.689344 0.837731
vt 0.642690 0.838532
vt 0.553450 0.415036
vt 0.564583 0.534608
vt 0.877988 0.346515
vt 0.910196 0.589078
vt 0.877355 0.589491
vt 0.747782 0.532690
vt 0.806713 0.882211
vt 0.808328 0.914394
vt 0.805276 0.914308
vt 0.910092 0.612212
vt 0.686366 0.533400
vt 0.826224 0.531877
vt 0.895660 0.843718
vt 0.776822 0.875540
vt 0.776822 0.843091
vt 0.625066 0.843091
vt 0.625066 0.875540
vt 0.506149 0.843091
vt 0.506149 0.875754
vt 0.881206 0.325816
vt 0.890079 0.316989
vt 0.910828 0.346540
vt 0.910100 0.618352
vt 0.827444 0.882955
vt 0.545834 0.805927
vt 0.550209 0.838704
vt 0.545701 0.838736
vt 0.550288 0.805894
vt 0.854589 0.883598
vt 0.685156 0.381420
vt 0.583428 0.414775
vt 0.605064 0.534213
vt 0.617221 0.414453
vt 0.596610 0.838549
vt 0.601390 0.686281
vt 0.596561 0.805644
vt 0.616575 0.382139
vt 0.818323 0.838398
vt 0.796077 0.379469
vt 0.551976 0.415019
vt 0.552659 0.382732
vt 0.854936 0.915890
vt 0.856157 0.883616
vt 0.554962 0.534923
vt 0.878086 0.664518
vt 0.910804 0.661778
vt 0.910912 0.663273
vt 0.877971 0.661209
vt 0.877973 0.662864
vt 0.582606 0.382469
vt 0.805495 0.882185
vt 0.804411 0.914346
vt 0.804409 0.882301
vt 0.877129 0.613850
vt 0.877250 0.612765
vt 0.909971 0.613274
vt 0.781135 0.882302
vt 0.803708 0.914563
vt 0.835747 0.836262
vt 0.824615 0.838736
vt 0.846887 0.817476
vt 0.528946 0.883080
vt 0.873579 0.328205
vt 0.864995 0.315660
vt 0.873579 0.315660
vt 0.852697 0.748067
vt 0.861135 0.759093
vt 0.852697 0.759093
vt 0.524095 0.505073
vt 0.532610 0.464209
vt 0.532610 0.505073
vt 0.547543 0.464414
vt 0.538252 0.517713
vt 0.538252 0.464414
vt 0.873579 0.604535
vt 0.864995 0.452139
vt 0.873579 0.452139
vt 0.852697 0.471277
vt 0.861135 0.620437
vt 0.852697 0.620437
vt 0.861135 0.738017
vt 0.852697 0.738017
vt 0.864995 0.336941
vt 0.873579 0.336941
vt 0.524095 0.035189
vt 0.532610 0.277651
vt 0.524095 0.277651
vt 0.864995 0.328205
vt 0.524095 0.333544
vt 0.532610 0.351291
vt 0.524095 0.351291
vt 0.547543 0.306646
vt 0.538252 0.291399
vt 0.547543 0.291399
vt 0.861135 0.748067
vt 0.524095 0.563021
vt 0.532610 0.608414
vt 0.524095 0.608414
vt 0.861135 0.358526
vt 0.861135 0.471277
vt 0.864995 0.724666
vt 0.864995 0.604535
vt 0.547543 0.255238
vt 0.538252 0.032236
vt 0.547543 0.032236
vt 0.532610 0.316968
vt 0.532610 0.333544
vt 0.538252 0.322968
vt 0.538252 0.306646
vt 0.547543 0.352113
vt 0.538252 0.389482
vt 0.538252 0.352113
vt 0.547543 0.517713
vt 0.538252 0.559465
vt 0.532610 0.563021
vt 0.524095 0.382977
vt 0.532610 0.423606
vt 0.524095 0.423606
vt 0.524095 0.464209
vt 0.538252 0.426828
vt 0.547543 0.426828
vt 0.547543 0.389482
vt 0.524095 0.641132
vt 0.532610 0.641132
vt 0.547543 0.589558
vt 0.547543 0.559465
vt 0.547543 0.337703
vt 0.538252 0.333939
vt 0.547543 0.333939
vt 0.547543 0.329646
vt 0.538252 0.329646
vt 0.524095 0.367311
vt 0.532610 0.363219
vt 0.532610 0.367311
vt 0.524095 0.358551
vt 0.524095 0.363219
vt 0.538252 0.337703
vt 0.547543 0.322968
vt 0.532610 0.358551
vt 0.532610 0.382977
vt 0.547543 0.287003
vt 0.538252 0.282311
vt 0.547543 0.282311
vt 0.547543 0.277662
vt 0.538252 0.277662
vt 0.524095 0.312189
vt 0.532610 0.307087
vt 0.532610 0.312189
vt 0.524095 0.302032
vt 0.524095 0.307087
vt 0.538252 0.255238
vt 0.538252 0.287003
vt 0.532610 0.302032
vt 0.524095 0.316968
vt 0.532610 0.646841
vt 0.524095 0.646841
vt 0.532610 0.658235
vt 0.524095 0.658235
vt 0.532610 0.669495
vt 0.524095 0.669495
vt 0.852697 0.326818
vt 0.861135 0.315637
vt 0.861135 0.326818
vt 0.852697 0.358526
vt 0.547543 0.598253
vt 0.538252 0.607275
vt 0.538252 0.598253
vt 0.538252 0.589558
vt 0.873579 0.734436
vt 0.873579 0.724666
vt 0.547543 0.022883
vt 0.538252 0.022883
vt 0.547543 0.011679
vt 0.538252 0.011679
vt 0.538252 0.000803
vt 0.547543 0.000803
vt 0.873579 0.746649
vt 0.864995 0.734436
vt 0.524095 0.001562
vt 0.532610 0.014075
vt 0.524095 0.014075
vt 0.532610 0.026589
vt 0.524095 0.026589
vt 0.532610 0.035189
vt 0.091370 0.667263
vt 0.081214 0.667030
vt 0.492995 0.002179
vt 0.505182 0.005233
vt 0.514154 0.014026
vt 0.064054 0.375231
vt 0.063088 0.316230
vt 0.514243 0.652675
vt 0.511632 0.663684
vt 0.503796 0.671663
vt 0.060239 0.028770
vt 0.062922 0.017009
vt 0.845237 0.410379
vt 0.826706 0.378887
vt 0.836940 0.381301
vt 0.910520 0.636033
vt 0.809377 0.882318
vt 0.895979 0.876068
vt 0.902196 0.313854
vt 0.910912 0.313877
vt 0.878010 0.337917
vt 0.853478 0.915879
vt 0.551088 0.382712
vt 0.545303 0.687094
vt 0.843899 0.828480
vt 0.506031 0.915890
vt 0.506313 0.906460
vt 0.508904 0.894555
vt 0.517131 0.886057
vt 0.852697 0.315637
vt 0.547543 0.607275
vt 0.864995 0.746649
vt 0.532610 0.001562
vt 0.052844 0.724184
vt 0.035016 0.738136
vt 0.035016 0.724184
vt 0.035016 0.290342
vt 0.052844 0.276520
vt 0.052844 0.290342
vt 0.471513 0.885499
vt 0.356033 0.966117
vt 0.356033 0.885585
vt 0.487702 0.972441
vt 0.503244 0.981276
vt 0.487207 0.981031
vt 0.127055 0.975639
vt 0.209360 0.990529
vt 0.122399 0.991933
vt 0.209356 0.974364
vt 0.356033 0.979214
vt 0.077593 0.976512
vt 0.077640 0.992748
vt 0.471505 0.972194
vt 0.001920 0.095671
vt 0.018615 0.013983
vt 0.018615 0.095671
vt 0.209338 0.887198
vt 0.127080 0.894476
vt 0.001920 0.905033
vt 0.018615 0.986721
vt 0.001920 0.986721
vt 0.026355 0.999444
vt 0.035016 0.986721
vt 0.035016 0.999444
vt 0.018615 0.307420
vt 0.026355 0.344779
vt 0.018615 0.344779
vt 0.504181 0.885487
vt 0.487695 0.885492
vt 0.001920 0.570943
vt 0.018615 0.429995
vt 0.018615 0.570943
vt 0.725715 0.922443
vt 0.636670 0.939013
vt 0.636986 0.920759
vt 0.026355 0.738136
vt 0.018615 0.696660
vt 0.001920 0.682048
vt 0.018615 0.682048
vt 0.035016 0.276520
vt 0.052844 0.262568
vt 0.035016 0.570943
vt 0.052844 0.682048
vt 0.035016 0.682048
vt 0.052844 0.999444
vt 0.018615 0.999444
vt 0.063279 0.902373
vt 0.079048 0.900931
vt 0.001920 0.344779
vt 0.517881 0.821310
vt 0.511643 0.705815
vt 0.521545 0.705778
vt 0.001920 0.013983
vt 0.018615 0.001260
vt 0.035016 0.344779
vt 0.026355 0.307420
vt 0.035016 0.307420
vt 0.502503 0.692505
vt 0.488005 0.703100
vt 0.487721 0.692974
vt 0.026355 0.986721
vt 0.052844 0.429995
vt 0.035016 0.429995
vt 0.026355 0.710362
vt 0.026355 0.724184
vt 0.026355 0.013983
vt 0.026355 0.095671
vt 0.035016 0.013983
vt 0.052844 0.001260
vt 0.052844 0.013983
vt 0.026355 0.696660
vt 0.001920 0.307420
vt 0.026355 0.429995
vt 0.026355 0.570943
vt 0.052844 0.696660
vt 0.035016 0.696660
vt 0.018615 0.738136
vt 0.026355 0.821818
vt 0.018615 0.821818
vt 0.915803 0.925653
vt 0.905264 0.945755
vt 0.903173 0.925812
vt 0.052844 0.570943
vt 0.026355 0.682048
vt 0.052844 0.905033
vt 0.035016 0.905033
vt 0.026355 0.001260
vt 0.035016 0.095671
vt 0.052844 0.095671
vt 0.026355 0.262568
vt 0.018615 0.276520
vt 0.018615 0.262568
vt 0.026355 0.276520
vt 0.018615 0.290342
vt 0.052844 0.344779
vt 0.001920 0.290342
vt 0.001920 0.276520
vt 0.512099 0.689981
vt 0.521867 0.676513
vt 0.521962 0.690830
vt 0.018615 0.724184
vt 0.018615 0.710362
vt 0.026355 0.290342
vt 0.035016 0.262568
vt 0.035016 0.001260
vt 0.001920 0.696660
vt 0.001920 0.710362
vt 0.001920 0.724184
vt 0.001920 0.738136
vt 0.035016 0.821818
vt 0.471671 0.693870
vt 0.356042 0.703231
vt 0.356037 0.685712
vt 0.209364 0.693530
vt 0.082604 0.749747
vt 0.074584 0.733277
vt 0.085767 0.728558
vt 0.209356 0.711245
vt 0.128121 0.722804
vt 0.133710 0.697940
vt 0.209369 0.677261
vt 0.356033 0.677261
vt 0.086056 0.716063
vt 0.097967 0.701627
vt 0.471688 0.682458
vt 0.496089 0.684623
vt 0.485672 0.682143
vt 0.127195 0.732016
vt 0.035016 0.710362
vt 0.052844 0.710362
vt 0.060693 0.976797
vt 0.060717 0.993043
vt 0.052844 0.307420
vt 0.909234 0.894610
vt 0.901270 0.790478
vt 0.913266 0.790478
vt 0.471525 0.704235
vt 0.932860 0.890568
vt 0.920708 0.790478
vt 0.471505 0.980787
vt 0.927428 0.933998
vt 0.933311 0.923832
vt 0.518539 0.821310
vt 0.532565 0.705747
vt 0.529842 0.682556
vt 0.532610 0.692422
vt 0.897873 0.893991
vt 0.620129 0.920680
vt 0.487715 0.794601
vt 0.471542 0.794866
vt 0.127057 0.813251
vt 0.080702 0.825506
vt 0.026355 0.905033
vt 0.035016 0.178886
vt 0.026355 0.178886
vt 0.052844 0.178886
vt 0.052844 0.738136
vt 0.052844 0.821818
vt 0.018615 0.905033
vt 0.018615 0.178886
vt 0.068734 0.753638
vt 0.065496 0.828078
vt 0.815733 0.943508
vt 0.814444 0.924128
vt 0.726201 0.941260
vt 0.505232 0.706722
vt 0.001920 0.821818
vt 0.209325 0.800009
vt 0.356038 0.796807
vt 0.001920 0.262568
vt 0.001920 0.178886
vt 0.504201 0.972695
vt 0.001920 0.429995
vt 0.052844 0.986721
vt 0.001920 0.999444
vt 0.507899 0.821314
vt 0.001920 0.001260
vt 0.918443 0.942495
vt 0.507899 0.673328
vt 0.619805 0.938845
vt 0.504198 0.794469
vt 0.986680 0.019343
vt 0.971430 0.030621
vt 0.970804 0.020690
vt 0.955702 0.021378
vt 0.841127 0.030655
vt 0.841122 0.013295
vt 0.695787 0.021027
vt 0.566541 0.026848
vt 0.552435 0.059226
vt 0.554793 0.032748
vt 0.695755 0.038569
vt 0.610887 0.029247
vt 0.615377 0.004186
vt 0.695819 0.004918
vt 0.841117 0.004918
vt 0.955747 0.010072
vt 0.980207 0.011905
vt 0.969391 0.009869
vt 0.610886 0.042011
vt 0.581789 0.002770
vt 0.955588 0.031638
vt 0.971556 0.068953
vt 0.955621 0.121484
vt 0.955623 0.069661
vt 0.553074 0.154492
vt 0.614947 0.311104
vt 0.553761 0.311104
vt 0.695404 0.311104
vt 0.614063 0.139643
vt 0.695653 0.126558
vt 0.552805 0.066481
vt 0.611539 0.050422
vt 0.987719 0.068023
vt 0.987974 0.120986
vt 0.695701 0.075807
vt 0.840853 0.311104
vt 0.841117 0.123407
vt 0.841124 0.069916
vt 0.955356 0.311104
vt 0.986831 0.311104
vt 0.563641 0.009620
vt 0.569541 0.006369
vt 0.988065 0.029217
vt 0.557078 0.021315
vt 0.559182 0.015101
vt 0.985156 0.619290
vt 0.952552 0.593534
vt 0.985351 0.592966
vt 0.931089 0.706105
vt 0.985376 0.747886
vt 0.967620 0.762603
vt 0.919776 0.593975
vt 0.937710 0.593975
vt 0.985577 0.762354
vt 0.912398 0.704408
vt 0.926073 0.763572
vt 0.906787 0.764071
vt 0.985577 0.710655
vt 0.553207 0.337954
vt 0.571748 0.315578
vt 0.591206 0.315595
vt 0.553211 0.333458
vt 0.553226 0.315562
vt 0.761016 0.335542
vt 0.683123 0.316336
vt 0.761582 0.316845
vt 0.660527 0.344497
vt 0.648880 0.315833
vt 0.660950 0.315513
vt 0.627158 0.346411
vt 0.636327 0.358186
vt 0.627015 0.358186
vt 0.760758 0.342072
vt 0.680754 0.344346
vt 0.759982 0.358186
vt 0.606941 0.358186
vt 0.553195 0.352126
vt 0.606963 0.348089
vt 0.636550 0.345557
vt 0.641859 0.315959
vt 0.643835 0.345097
vt 0.651120 0.344722
vt 0.650789 0.358186
vt 0.643557 0.358186
vt 0.660117 0.358186
vt 0.612272 0.315723
vt 0.617050 0.347355
vt 0.622562 0.315614
vt 0.616983 0.358186
vt 0.680182 0.358186
vt 0.670647 0.344543
vt 0.670145 0.358186
vt 0.670969 0.316193
vt 0.634805 0.315817
vt 0.680976 0.316275
vt 0.553189 0.358392
vt 0.602089 0.315603
s 1
usemtl stalker_survival_guide_closed
f 52/1/1 523/2/2 514/3/3
f 75/4/4 503/5/5 529/6/6
f 113/7/7 522/8/8 32/9/9
f 30/10/10 107/11/11 18/12/12
f 38/13/13 42/14/14 46/15/15
f 45/16/16 18/12/12 43/17/17
f 43/17/17 17/18/18 44/19/19
f 94/20/20 513/21/21 537/22/22
f 55/23/23 91/24/24 88/25/25
f 38/13/13 110/26/26 115/27/27
f 109/28/28 37/29/29 116/30/30
f 109/28/28 19/31/31 20/32/32
f 28/33/33 69/34/34 73/35/35
f 15/36/36 71/37/37 69/34/34
f 51/38/38 22/39/39 49/40/40
f 49/40/40 21/41/41 50/42/42
f 80/43/43 14/44/44 78/45/45
f 14/44/44 79/46/46 78/45/45
f 25/47/47 61/48/48 60/49/49
f 33/50/50 60/49/49 63/51/51
f 40/52/52 502/53/53 64/54/54
f 517/55/55 63/51/51 516/56/56
f 124/57/57 548/58/58 531/59/59
f 47/60/60 31/61/61 51/38/38
f 501/62/62 73/35/35 500/63/63
f 56/64/64 98/65/65 91/24/24
f 41/66/17 30/10/10 45/16/16
f 18/12/12 110/26/26 17/18/18
f 106/67/66 32/9/9 19/31/31
f 26/68/67 64/54/54 61/48/48
f 116/30/30 515/69/68 538/70/69
f 511/71/70 112/72/71 30/10/10
f 17/18/18 46/15/15 44/19/19
f 89/73/72 31/61/61 94/20/20
f 16/74/73 75/4/4 71/37/37
f 21/41/41 52/1/1 50/42/42
f 13/75/74 81/76/75 79/46/46
f 44/19/19 519/77/76 505/78/77
f 43/17/17 505/78/77 504/79/77
f 509/80/77 43/17/17 504/79/77
f 1/81/77 41/66/17 45/16/16
f 20/32/32 52/1/1 37/29/29
f 47/60/60 32/9/9 522/8/8
f 49/40/40 20/32/32 19/31/31
f 51/38/38 19/31/31 32/9/9
f 37/29/29 514/3/3 515/69/68
f 527/82/78 95/83/79 536/84/80
f 57/85/81 88/25/25 95/83/79
f 92/86/82 39/87/83 21/41/41
f 92/86/82 22/39/39 89/73/72
f 523/2/2 97/88/84 534/89/85
f 61/48/48 35/90/86 16/74/73
f 516/56/56 28/33/33 501/62/62
f 64/54/54 503/5/5 35/90/86
f 63/51/51 15/36/36 28/33/33
f 60/49/49 16/74/73 15/36/36
f 72/91/87 58/92/88 56/64/64
f 71/37/37 76/93/89 72/91/87
f 528/94/90 57/85/81 527/82/78
f 500/63/63 74/95/91 528/94/90
f 70/96/92 56/64/64 55/23/23
f 69/34/34 72/91/87 70/96/92
f 74/95/91 55/23/23 57/85/81
f 73/35/35 70/96/92 74/95/91
f 58/92/88 524/97/93 525/98/94
f 76/93/89 529/6/6 524/97/93
f 79/46/46 40/52/52 26/68/67
f 530/99/95 33/50/50 517/55/55
f 78/45/45 26/68/67 25/47/47
f 80/43/43 25/47/47 33/50/50
f 81/76/75 526/100/96 40/52/52
f 532/101/97 99/102/98 98/65/65
f 99/102/98 534/89/85 97/88/84
f 95/83/79 90/103/99 96/104/100
f 90/103/99 94/20/20 96/104/100
f 88/25/25 93/105/101 90/103/99
f 90/103/99 92/86/82 89/73/72
f 536/84/80 96/104/100 535/106/102
f 96/104/100 537/22/22 535/106/102
f 98/65/65 93/105/101 91/24/24
f 93/105/101 97/88/84 92/86/82
f 98/65/65 525/98/94 532/101/97
f 538/70/69 117/107/103 116/30/30
f 117/107/103 540/108/104 115/27/27
f 113/7/7 108/109/105 114/110/106
f 108/109/105 112/72/71 114/110/106
f 109/28/28 108/109/105 106/67/66
f 111/111/107 107/11/11 108/109/105
f 542/112/108 114/110/106 541/113/109
f 114/110/106 543/114/110 541/113/109
f 109/28/28 117/107/103 111/111/107
f 111/111/107 115/27/27 110/26/26
f 520/115/111 115/27/27 540/108/104
f 547/116/112 518/117/113 80/43/43
f 128/118/114 126/119/115 46/15/15
f 175/120/116 582/121/117 164/122/118
f 588/123/119 160/124/120 198/125/121
f 228/126/122 581/127/123 601/128/124
f 580/129/125 163/130/126 171/131/127
f 215/132/128 572/133/129 156/134/130
f 213/135/131 178/136/132 211/137/133
f 192/138/134 153/139/135 196/140/136
f 194/141/137 146/142/138 192/138/134
f 203/143/139 566/144/140 577/145/141
f 201/146/142 565/147/143 566/144/140
f 183/148/144 151/149/145 150/150/146
f 183/148/144 158/151/147 186/152/148
f 182/153/149 165/154/150 187/155/151
f 186/152/148 576/156/152 575/157/153
f 558/158/154 557/159/155 204/160/156
f 571/161/157 156/134/130 572/133/129
f 196/140/136 560/162/158 559/163/159
f 219/164/160 179/165/161 213/135/131
f 569/166/162 155/167/163 570/168/164
f 187/155/151 151/149/145 184/169/165
f 597/170/166 162/171/167 231/172/168
f 227/173/169 570/168/164 155/167/163
f 198/125/121 147/174/170 194/141/137
f 204/160/156 565/147/143 202/175/171
f 578/176/172 169/177/173 564/178/174
f 563/179/174 169/177/173 168/180/174
f 568/181/174 168/180/174 170/182/175
f 612/183/174 556/184/174 170/185/175
f 157/186/176 571/161/157 581/127/123
f 162/171/167 573/187/177 175/120/116
f 216/188/178 586/189/179 208/190/180
f 211/137/133 180/191/181 216/188/178
f 593/192/182 164/122/118 582/121/117
f 160/124/120 184/169/165 147/174/170
f 153/139/135 575/157/153 560/162/158
f 562/193/183 187/155/151 160/124/120
f 146/142/138 186/152/148 153/139/135
f 146/142/138 184/169/165 183/148/144
f 181/194/184 195/195/185 179/165/161
f 199/196/186 194/141/137 195/195/185
f 180/191/181 587/197/187 586/189/179
f 587/197/187 196/140/136 559/163/159
f 179/165/161 193/198/188 178/136/132
f 195/195/185 192/138/134 193/198/188
f 178/136/132 197/199/189 180/191/181
f 193/198/188 196/140/136 197/199/189
f 181/194/184 191/200/190 199/196/186
f 199/196/186 588/123/119 198/125/121
f 165/154/150 202/175/171 151/149/145
f 158/151/147 589/201/191 576/156/152
f 150/150/146 202/175/171 201/146/142
f 150/150/146 203/143/139 158/151/147
f 585/202/192 204/160/156 165/154/150
f 220/203/193 591/204/194 219/164/160
f 220/205/193 593/192/182 592/206/195
f 211/137/133 214/207/196 213/135/131
f 208/208/180 217/209/197 216/210/178
f 596/211/198 217/209/197 210/212/199
f 213/135/131 220/203/193 219/164/160
f 219/164/160 177/213/200 181/194/184
f 231/172/168 598/214/201 597/170/166
f 232/215/202 599/216/203 598/214/201
f 600/217/204 228/126/122 601/128/124
f 602/218/205 229/219/206 600/217/204
f 579/220/207 230/221/208 163/130/126
f 604/222/209 603/223/210 234/224/211
f 609/225/212 580/129/125 171/131/127
f 496/226/213 246/227/214 497/228/215
f 498/229/216 239/230/217 499/231/218
f 6/232/219 189/233/220 137/234/221
f 5/235/222 561/236/223 136/237/224
f 3/238/225 135/239/226 4/240/226
f 507/241/227 144/242/228 506/243/229
f 506/243/229 161/244/230 508/245/231
f 4/240/226 154/246/226 29/247/226
f 510/248/232 142/249/233 11/250/234
f 29/247/226 244/251/213 496/226/213
f 512/252/235 143/253/236 12/254/237
f 48/255/238 139/256/239 8/257/240
f 508/245/231 237/258/241 498/229/216
f 62/259/242 149/260/243 24/261/244
f 507/241/227 152/262/245 145/263/246
f 3/238/225 159/264/247 134/265/248
f 7/266/249 167/267/250 521/268/251
f 512/252/235 141/269/252 172/270/253
f 48/255/238 140/271/254 173/272/255
f 54/273/256 583/274/257 584/275/258
f 59/276/259 148/277/260 561/236/223
f 6/232/219 185/278/261 62/259/242
f 53/279/262 188/280/263 65/281/264
f 65/281/264 189/233/220 66/282/265
f 5/235/222 190/283/266 67/284/267
f 68/285/268 190/283/266 583/274/257
f 77/286/269 149/260/243 200/287/270
f 2/288/271 148/277/260 23/289/272
f 83/290/273 207/291/274 533/292/275
f 82/293/276 207/291/274 205/294/277
f 85/295/278 594/296/279 595/297/280
f 86/298/281 594/296/279 87/299/282
f 54/273/256 206/300/283 83/290/273
f 9/301/284 205/294/277 140/271/254
f 12/254/237 209/302/285 86/298/281
f 53/279/262 595/297/280 176/303/286
f 101/304/287 223/305/288 539/306/289
f 100/307/290 223/305/288 221/308/291
f 103/309/292 226/310/293 224/311/294
f 104/312/295 226/310/293 105/313/296
f 7/266/249 221/308/291 138/314/297
f 8/257/240 222/315/298 101/304/287
f 11/250/234 225/316/299 104/312/295
f 10/317/300 224/311/294 141/269/252
f 77/286/269 233/318/301 544/319/302
f 544/319/302 235/320/303 545/321/304
f 545/321/304 236/322/305 546/323/306
f 119/324/307 236/325/305 606/326/308
f 27/327/309 606/326/308 152/262/245
f 123/328/310 239/329/217 607/330/311
f 2/288/271 607/330/311 133/331/312
f 549/332/313 159/264/247 34/333/314
f 125/334/315 167/267/250 240/335/316
f 127/336/317 240/335/316 610/337/318
f 127/336/317 243/338/319 552/339/320
f 552/340/320 241/341/321 549/332/313
f 497/342/215 245/343/322 553/344/323
f 553/344/323 132/345/324 554/346/324
f 554/346/324 166/347/232 510/248/232
f 52/1/1 39/87/83 523/2/2
f 75/4/4 35/90/86 503/5/5
f 113/7/7 542/112/108 522/8/8
f 30/10/10 112/72/71 107/11/11
f 38/13/13 520/115/111 42/14/14
f 45/16/16 30/10/10 18/12/12
f 43/17/17 18/12/12 17/18/18
f 94/20/20 31/61/61 513/21/21
f 55/23/23 56/64/64 91/24/24
f 38/13/13 17/18/18 110/26/26
f 109/28/28 20/32/32 37/29/29
f 109/28/28 106/67/66 19/31/31
f 28/33/33 15/36/36 69/34/34
f 15/36/36 16/74/73 71/37/37
f 51/38/38 31/61/61 22/39/39
f 49/40/40 22/39/39 21/41/41
f 80/43/43 518/117/113 14/44/44
f 14/44/44 13/75/74 79/46/46
f 25/47/47 26/68/67 61/48/48
f 33/50/50 25/47/47 60/49/49
f 40/52/52 526/100/96 502/53/53
f 517/55/55 33/50/50 63/51/51
f 531/59/59 81/76/75 124/57/57
f 81/76/75 36/348/325 122/349/326
f 124/57/57 81/76/75 122/349/326
f 47/60/60 513/21/21 31/61/61
f 501/62/62 28/33/33 73/35/35
f 56/64/64 58/92/88 98/65/65
f 41/66/17 511/71/70 30/10/10
f 18/12/12 107/11/11 110/26/26
f 106/67/66 113/7/7 32/9/9
f 26/68/67 40/52/52 64/54/54
f 116/30/30 37/29/29 515/69/68
f 511/71/70 543/114/110 112/72/71
f 17/18/18 38/13/13 46/15/15
f 89/73/72 22/39/39 31/61/61
f 16/74/73 35/90/86 75/4/4
f 21/41/41 39/87/83 52/1/1
f 13/75/74 36/348/325 81/76/75
f 44/19/19 46/15/15 519/77/76
f 43/17/17 44/19/19 505/78/77
f 509/80/77 45/16/16 43/17/17
f 509/80/77 129/350/77 45/16/16
f 129/350/77 131/351/77 45/16/16
f 131/351/77 130/352/77 45/16/16
f 130/352/77 1/81/77 45/16/16
f 20/32/32 50/42/42 52/1/1
f 47/60/60 51/38/38 32/9/9
f 49/40/40 50/42/42 20/32/32
f 51/38/38 49/40/40 19/31/31
f 37/29/29 52/1/1 514/3/3
f 527/82/78 57/85/81 95/83/79
f 57/85/81 55/23/23 88/25/25
f 92/86/82 97/88/84 39/87/83
f 92/86/82 21/41/41 22/39/39
f 523/2/2 39/87/83 97/88/84
f 61/48/48 64/54/54 35/90/86
f 516/56/56 63/51/51 28/33/33
f 64/54/54 502/53/53 503/5/5
f 63/51/51 60/49/49 15/36/36
f 60/49/49 61/48/48 16/74/73
f 72/91/87 76/93/89 58/92/88
f 71/37/37 75/4/4 76/93/89
f 528/94/90 74/95/91 57/85/81
f 500/63/63 73/35/35 74/95/91
f 70/96/92 72/91/87 56/64/64
f 69/34/34 71/37/37 72/91/87
f 74/95/91 70/96/92 55/23/23
f 73/35/35 69/34/34 70/96/92
f 58/92/88 76/93/89 524/97/93
f 76/93/89 75/4/4 529/6/6
f 79/46/46 81/76/75 40/52/52
f 530/99/95 80/43/43 33/50/50
f 78/45/45 79/46/46 26/68/67
f 80/43/43 78/45/45 25/47/47
f 81/76/75 531/59/59 526/100/96
f 532/101/97 84/353/327 99/102/98
f 99/102/98 84/353/327 534/89/85
f 95/83/79 88/25/25 90/103/99
f 90/103/99 89/73/72 94/20/20
f 88/25/25 91/24/24 93/105/101
f 90/103/99 93/105/101 92/86/82
f 536/84/80 95/83/79 96/104/100
f 96/104/100 94/20/20 537/22/22
f 98/65/65 99/102/98 93/105/101
f 93/105/101 99/102/98 97/88/84
f 98/65/65 58/92/88 525/98/94
f 538/70/69 102/354/328 117/107/103
f 117/107/103 102/354/328 540/108/104
f 113/7/7 106/67/66 108/109/105
f 108/109/105 107/11/11 112/72/71
f 109/28/28 111/111/107 108/109/105
f 111/111/107 110/26/26 107/11/11
f 542/112/108 113/7/7 114/110/106
f 114/110/106 112/72/71 543/114/110
f 109/28/28 116/30/30 117/107/103
f 111/111/107 117/107/103 115/27/27
f 520/115/111 38/13/13 115/27/27
f 80/43/43 530/99/95 547/116/112
f 530/99/95 118/355/329 547/116/112
f 118/355/329 120/356/329 121/357/329
f 121/357/329 547/116/112 118/355/329
f 126/119/115 519/77/76 46/15/15
f 46/15/15 42/14/14 550/358/330
f 550/358/330 551/359/331 46/15/15
f 551/359/331 128/118/114 46/15/15
f 175/120/116 573/187/177 582/121/117
f 588/123/119 562/193/183 160/124/120
f 228/126/122 157/186/176 581/127/123
f 580/129/125 579/220/207 163/130/126
f 215/132/128 596/211/198 572/133/129
f 213/135/131 179/165/161 178/136/132
f 192/138/134 146/142/138 153/139/135
f 194/141/137 147/174/170 146/142/138
f 203/143/139 201/146/142 566/144/140
f 201/146/142 202/175/171 565/147/143
f 183/148/144 184/169/165 151/149/145
f 183/148/144 150/150/146 158/151/147
f 182/153/149 585/202/192 165/154/150
f 186/152/148 158/151/147 576/156/152
f 567/360/332 204/160/156 557/159/155
f 204/160/156 590/361/333 558/158/154
f 590/361/333 238/362/334 558/158/154
f 571/161/157 174/363/335 156/134/130
f 196/140/136 153/139/135 560/162/158
f 219/164/160 181/194/184 179/165/161
f 569/166/162 170/185/175 155/167/163
f 187/155/151 165/154/150 151/149/145
f 597/170/166 574/364/336 162/171/167
f 227/173/169 602/218/205 570/168/164
f 198/125/121 160/124/120 147/174/170
f 204/160/156 567/360/332 565/147/143
f 578/176/172 171/365/127 169/177/173
f 563/179/174 564/178/174 169/177/173
f 568/181/174 563/179/174 168/180/174
f 556/184/174 555/366/174 170/185/175
f 555/366/174 568/367/174 170/185/175
f 170/185/175 569/166/162 613/368/174
f 612/183/174 170/185/175 613/368/174
f 157/186/176 174/363/335 571/161/157
f 162/171/167 574/364/336 573/187/177
f 216/188/178 180/191/181 586/189/179
f 211/137/133 178/136/132 180/191/181
f 593/192/182 218/369/337 164/122/118
f 160/124/120 187/155/151 184/169/165
f 153/139/135 186/152/148 575/157/153
f 562/193/183 182/153/149 187/155/151
f 146/142/138 183/148/144 186/152/148
f 146/142/138 147/174/170 184/169/165
f 181/194/184 199/196/186 195/195/185
f 199/196/186 198/125/121 194/141/137
f 180/191/181 197/199/189 587/197/187
f 587/197/187 197/199/189 196/140/136
f 179/165/161 195/195/185 193/198/188
f 195/195/185 194/141/137 192/138/134
f 178/136/132 193/198/188 197/199/189
f 193/198/188 192/138/134 196/140/136
f 181/194/184 177/213/200 191/200/190
f 199/196/186 191/200/190 588/123/119
f 165/154/150 204/160/156 202/175/171
f 158/151/147 203/143/139 589/201/191
f 150/150/146 151/149/145 202/175/171
f 150/150/146 201/146/142 203/143/139
f 585/202/192 590/361/333 204/160/156
f 220/203/193 592/370/195 591/204/194
f 220/205/193 218/369/337 593/192/182
f 211/137/133 212/371/338 214/207/196
f 208/208/180 210/212/199 217/209/197
f 596/211/198 215/132/128 217/209/197
f 213/135/131 214/207/196 220/203/193
f 219/164/160 591/204/194 177/213/200
f 231/172/168 232/215/202 598/214/201
f 232/215/202 230/221/208 599/216/203
f 600/217/204 229/219/206 228/126/122
f 602/218/205 227/173/169 229/219/206
f 579/220/207 599/216/203 230/221/208
f 603/223/210 589/201/191 234/224/211
f 589/201/191 203/143/139 234/224/211
f 203/143/139 577/145/141 234/224/211
f 234/224/211 605/372/209 604/222/209
f 171/131/127 578/373/172 608/374/339
f 608/374/339 611/375/340 171/131/127
f 611/375/340 242/376/341 171/131/127
f 242/376/341 609/225/212 171/131/127
f 496/226/213 244/251/213 246/227/214
f 498/229/216 237/258/241 239/230/217
f 6/232/219 66/282/265 189/233/220
f 5/235/222 59/276/259 561/236/223
f 3/238/225 134/265/248 135/239/226
f 507/241/227 145/263/246 144/242/228
f 506/243/229 144/242/228 161/244/230
f 4/240/226 135/239/226 154/246/226
f 510/248/232 166/347/232 142/249/233
f 29/247/226 154/246/226 244/251/213
f 512/252/235 172/270/253 143/253/236
f 48/255/238 173/272/255 139/256/239
f 508/245/231 161/244/230 237/258/241
f 62/259/242 185/278/261 149/260/243
f 507/241/227 27/327/309 152/262/245
f 3/238/225 34/333/314 159/264/247
f 7/266/249 138/314/297 167/267/250
f 512/252/235 10/317/300 141/269/252
f 48/255/238 9/301/284 140/271/254
f 54/273/256 68/285/268 583/274/257
f 59/276/259 23/289/272 148/277/260
f 6/232/219 137/234/221 185/278/261
f 53/279/262 176/303/286 188/280/263
f 65/281/264 188/280/263 189/233/220
f 5/235/222 136/237/224 190/283/266
f 68/285/268 67/284/267 190/283/266
f 77/286/269 24/261/244 149/260/243
f 2/288/271 133/331/312 148/277/260
f 83/290/273 206/300/283 207/291/274
f 82/293/276 533/292/275 207/291/274
f 85/295/278 87/299/282 594/296/279
f 86/298/281 209/302/285 594/296/279
f 54/273/256 584/275/258 206/300/283
f 9/301/284 82/293/276 205/294/277
f 12/254/237 143/253/236 209/302/285
f 53/279/262 85/295/278 595/297/280
f 101/304/287 222/315/298 223/305/288
f 100/307/290 539/306/289 223/305/288
f 103/309/292 105/313/296 226/310/293
f 104/312/295 225/316/299 226/310/293
f 7/266/249 100/307/290 221/308/291
f 8/257/240 139/256/239 222/315/298
f 11/250/234 142/249/233 225/316/299
f 10/317/300 103/309/292 224/311/294
f 77/286/269 200/287/270 233/318/301
f 544/319/302 233/318/301 235/320/303
f 545/321/304 235/320/303 236/322/305
f 119/324/307 546/377/306 236/325/305
f 27/327/309 119/324/307 606/326/308
f 123/328/310 499/378/218 239/329/217
f 2/288/271 123/328/310 607/330/311
f 549/332/313 241/341/321 159/264/247
f 125/334/315 521/268/251 167/267/250
f 127/336/317 125/334/315 240/335/316
f 127/336/317 610/337/318 243/338/319
f 552/340/320 243/379/319 241/341/321
f 497/342/215 246/380/214 245/343/322
f 553/344/323 245/343/322 132/345/324
f 554/346/324 132/345/324 166/347/232
f 645/381/342 352/382/343 354/383/344
f 346/384/345 641/385/346 640/386/347
f 373/387/174 272/388/174 369/389/174
f 340/390/174 624/391/174 339/392/174
f 273/393/348 264/394/174 260/395/174
f 271/396/174 263/397/174 264/394/174
f 333/398/349 260/395/174 332/399/174
f 274/400/174 263/397/174 272/388/174
f 648/401/350 296/402/351 377/403/352
f 272/388/174 371/404/174 369/389/174
f 271/396/174 367/405/353 371/404/174
f 639/406/354 293/407/355 270/408/356
f 286/409/357 319/410/358 308/411/359
f 304/412/360 292/413/361 291/414/362
f 382/415/174 340/390/174 392/416/174
f 258/417/363 288/418/364 280/419/365
f 397/420/77 267/421/366 360/422/367
f 326/423/368 354/383/344 352/382/343
f 322/424/369 255/425/370 282/426/371
f 347/427/372 629/428/373 641/385/346
f 297/429/374 249/430/375 299/431/376
f 319/410/358 266/432/377 308/411/359
f 285/433/378 270/408/356 293/407/355
f 333/398/349 375/434/379 387/435/380
f 288/418/364 259/436/381 291/414/362
f 282/426/371 258/417/363 280/419/365
f 356/437/77 294/438/382 248/439/383
f 269/440/384 275/441/385 296/402/351
f 314/442/386 310/443/387 343/444/388
f 318/445/389 342/446/390 344/447/391
f 285/433/378 295/448/392 286/409/357
f 314/442/386 614/449/393 313/450/394
f 327/451/395 354/383/344 328/452/396
f 377/403/352 298/453/397 379/454/398
f 320/455/399 254/456/400 627/457/401
f 282/426/371 325/458/402 322/424/369
f 291/414/362 630/459/403 304/412/360
f 291/414/362 289/460/404 288/418/364
f 280/419/365 289/460/404 281/461/405
f 299/431/376 644/462/406 353/463/407
f 321/464/408 386/465/409 383/466/410
f 362/467/411 334/468/412 361/469/413
f 313/450/394 615/470/414 297/429/374
f 282/426/371 281/461/405 283/471/415
f 394/472/416 319/410/358 396/473/417
f 296/402/351 276/474/418 298/453/397
f 389/475/419 627/457/401 647/476/420
f 309/477/421 307/478/422 305/479/423
f 311/480/424 306/481/425 307/478/422
f 306/481/425 310/443/387 304/412/360
f 289/460/404 314/442/386 313/450/394
f 343/444/388 253/482/426 314/442/386
f 353/463/407 283/471/415 299/431/376
f 297/429/374 289/460/404 313/450/394
f 379/454/398 320/455/399 389/475/419
f 630/459/403 306/481/425 304/412/360
f 303/483/427 307/478/422 306/481/425
f 632/484/428 305/479/423 307/478/422
f 363/485/429 351/486/430 364/487/431
f 326/423/368 323/488/432 328/452/396
f 328/452/396 324/489/433 327/451/395
f 327/451/395 322/424/369 325/458/402
f 347/427/372 312/490/434 311/480/424
f 345/491/435 311/480/424 309/477/421
f 320/455/399 276/474/418 284/492/436
f 299/431/376 281/461/405 297/429/374
f 343/444/388 312/490/434 346/384/345
f 636/493/437 324/489/433 635/494/438
f 635/494/438 323/488/432 637/495/439
f 637/495/439 321/464/408 638/496/440
f 386/465/409 352/382/343 395/497/441
f 247/498/442 278/499/443 329/500/444
f 278/499/443 330/501/174 329/500/444
f 336/502/445 302/503/446 337/504/447
f 277/505/174 331/506/448 330/501/174
f 330/501/174 620/507/449 618/508/174
f 329/500/444 618/508/174 619/509/450
f 337/504/447 631/510/451 301/511/452
f 622/512/453 329/500/444 619/509/450
f 317/513/454 344/447/391 315/514/455
f 256/515/456 337/504/447 331/506/448
f 325/458/402 355/516/457 327/451/395
f 273/393/348 387/435/380 367/405/353
f 643/517/458 353/463/407 644/462/406
f 626/518/459 332/399/174 621/519/174
f 346/384/345 642/520/460 343/444/388
f 331/506/448 301/511/452 620/507/449
f 358/521/461 287/522/77 357/523/462
f 247/498/442 342/446/390 279/524/463
f 616/525/464 357/523/462 251/526/465
f 392/416/174 274/400/174 373/387/174
f 274/400/174 339/392/174 262/527/174
f 645/381/342 355/516/457 643/517/458
f 315/514/455 247/498/442 622/512/453
f 341/528/466 362/467/411 335/529/467
f 252/530/77 248/439/383 625/531/468
f 364/487/431 350/532/469 348/533/470
f 358/521/461 361/469/413 250/534/471
f 267/421/366 359/535/472 360/422/367
f 616/525/464 362/467/411 358/521/461
f 294/438/382 364/487/431 248/439/383
f 248/439/383 348/533/470 625/531/468
f 279/524/463 391/536/473 374/537/474
f 374/537/474 392/416/174 373/387/174
f 368/538/475 336/502/445 256/515/456
f 367/405/353 388/539/476 368/538/475
f 295/448/392 396/473/417 319/410/358
f 385/540/477 395/497/441 396/473/417
f 309/477/421 390/541/478 345/491/435
f 380/542/479 389/475/419 390/541/478
f 345/491/435 628/543/480 629/428/373
f 390/541/478 647/476/420 628/543/480
f 646/544/481 395/497/441 352/382/343
f 393/545/482 396/473/417 395/497/441
f 293/407/355 385/540/477 295/448/392
f 383/466/410 385/540/477 384/546/483
f 305/479/423 380/542/479 309/477/421
f 378/547/484 379/454/398 380/542/479
f 388/539/476 633/548/485 336/502/445
f 387/435/380 634/549/486 388/539/476
f 361/469/413 366/550/77 398/551/77
f 398/551/77 365/552/77 397/420/77
f 316/553/487 391/536/473 342/446/390
f 391/536/473 382/415/174 392/416/174
f 638/496/440 383/466/410 649/554/488
f 649/554/488 384/546/483 639/406/354
f 372/555/174 256/515/456 277/505/174
f 371/404/174 368/538/475 372/555/174
f 370/556/489 277/505/174 278/499/443
f 369/389/174 372/555/174 370/556/489
f 300/557/490 378/547/484 305/479/423
f 376/558/491 377/403/352 378/547/484
f 374/537/474 278/499/443 279/524/463
f 373/387/174 370/556/489 374/537/474
f 645/381/342 646/544/481 352/382/343
f 346/384/345 347/427/372 641/385/346
f 373/387/174 274/400/174 272/388/174
f 340/390/174 623/559/174 624/391/174
f 273/393/348 271/396/174 264/394/174
f 271/396/174 272/388/174 263/397/174
f 333/398/349 273/393/348 260/395/174
f 274/400/174 262/527/174 263/397/174
f 648/401/350 269/440/384 296/402/351
f 272/388/174 271/396/174 371/404/174
f 271/396/174 273/393/348 367/405/353
f 639/406/354 384/546/483 293/407/355
f 286/409/357 295/448/392 319/410/358
f 304/412/360 310/443/387 292/413/361
f 382/415/174 623/559/174 340/390/174
f 258/417/363 257/560/492 288/418/364
f 397/420/77 365/552/77 267/421/366
f 326/423/368 328/452/396 354/383/344
f 322/424/369 636/493/437 255/425/370
f 347/427/372 345/491/435 629/428/373
f 297/429/374 615/470/414 249/430/375
f 319/410/358 268/561/493 266/432/377
f 285/433/378 265/562/494 270/408/356
f 333/398/349 626/518/459 375/434/379
f 288/418/364 257/560/492 259/436/381
f 282/426/371 255/425/370 258/417/363
f 356/437/77 290/563/77 294/438/382
f 269/440/384 261/564/495 275/441/385
f 314/442/386 292/413/361 310/443/387
f 318/445/389 316/553/487 342/446/390
f 285/433/378 293/407/355 295/448/392
f 314/442/386 253/482/426 614/449/393
f 327/451/395 355/516/457 354/383/344
f 377/403/352 296/402/351 298/453/397
f 320/455/399 284/492/436 254/456/400
f 282/426/371 283/471/415 325/458/402
f 291/414/362 259/436/381 630/459/403
f 291/414/362 292/413/361 289/460/404
f 280/419/365 288/418/364 289/460/404
f 299/431/376 249/430/375 644/462/406
f 321/464/408 326/423/368 386/465/409
f 362/467/411 338/565/496 334/468/412
f 313/450/394 614/449/393 615/470/414
f 282/426/371 280/419/365 281/461/405
f 394/472/416 268/561/493 319/410/358
f 296/402/351 275/441/385 276/474/418
f 389/475/419 320/455/399 627/457/401
f 309/477/421 311/480/424 307/478/422
f 311/480/424 312/490/434 306/481/425
f 306/481/425 312/490/434 310/443/387
f 289/460/404 292/413/361 314/442/386
f 343/444/388 642/520/460 253/482/426
f 353/463/407 325/458/402 283/471/415
f 297/429/374 281/461/405 289/460/404
f 379/454/398 298/453/397 320/455/399
f 630/459/403 303/483/427 306/481/425
f 303/483/427 632/484/428 307/478/422
f 632/484/428 300/557/490 305/479/423
f 363/485/429 349/566/497 351/486/430
f 326/423/368 321/464/408 323/488/432
f 328/452/396 323/488/432 324/489/433
f 327/451/395 324/489/433 322/424/369
f 347/427/372 346/384/345 312/490/434
f 345/491/435 347/427/372 311/480/424
f 320/455/399 298/453/397 276/474/418
f 299/431/376 283/471/415 281/461/405
f 343/444/388 310/443/387 312/490/434
f 636/493/437 322/424/369 324/489/433
f 635/494/438 324/489/433 323/488/432
f 637/495/439 323/488/432 321/464/408
f 386/465/409 326/423/368 352/382/343
f 247/498/442 279/524/463 278/499/443
f 278/499/443 277/505/174 330/501/174
f 336/502/445 633/548/485 302/503/446
f 277/505/174 256/515/456 331/506/448
f 330/501/174 331/506/448 620/507/449
f 329/500/444 330/501/174 618/508/174
f 337/504/447 302/503/446 631/510/451
f 622/512/453 247/498/442 329/500/444
f 317/513/454 318/445/389 344/447/391
f 256/515/456 336/502/445 337/504/447
f 325/458/402 353/463/407 355/516/457
f 273/393/348 333/398/349 387/435/380
f 643/517/458 355/516/457 353/463/407
f 626/518/459 333/398/349 332/399/174
f 346/384/345 640/386/347 642/520/460
f 331/506/448 337/504/447 301/511/452
f 358/521/461 250/534/471 287/522/77
f 247/498/442 344/447/391 342/446/390
f 616/525/464 358/521/461 357/523/462
f 392/416/174 340/390/174 274/400/174
f 274/400/174 340/390/174 339/392/174
f 645/381/342 354/383/344 355/516/457
f 315/514/455 344/447/391 247/498/442
f 341/528/466 338/565/496 362/467/411
f 252/530/77 356/437/77 248/439/383
f 364/487/431 351/486/430 350/532/469
f 358/521/461 362/467/411 361/469/413
f 267/421/366 617/567/498 359/535/472
f 616/525/464 335/529/467 362/467/411
f 294/438/382 363/485/429 364/487/431
f 248/439/383 364/487/431 348/533/470
f 279/524/463 342/446/390 391/536/473
f 374/537/474 391/536/473 392/416/174
f 368/538/475 388/539/476 336/502/445
f 367/405/353 387/435/380 388/539/476
f 295/448/392 385/540/477 396/473/417
f 385/540/477 386/465/409 395/497/441
f 309/477/421 380/542/479 390/541/478
f 380/542/479 379/454/398 389/475/419
f 345/491/435 390/541/478 628/543/480
f 390/541/478 389/475/419 647/476/420
f 646/544/481 393/545/482 395/497/441
f 393/545/482 394/472/416 396/473/417
f 293/407/355 384/546/483 385/540/477
f 383/466/410 386/465/409 385/540/477
f 305/479/423 378/547/484 380/542/479
f 378/547/484 377/403/352 379/454/398
f 388/539/476 634/549/486 633/548/485
f 387/435/380 375/434/379 634/549/486
f 361/469/413 334/468/412 366/550/77
f 398/551/77 366/550/77 365/552/77
f 316/553/487 381/568/499 391/536/473
f 391/536/473 381/568/499 382/415/174
f 638/496/440 321/464/408 383/466/410
f 649/554/488 383/466/410 384/546/483
f 372/555/174 368/538/475 256/515/456
f 371/404/174 367/405/353 368/538/475
f 370/556/489 372/555/174 277/505/174
f 369/389/174 371/404/174 372/555/174
f 300/557/490 376/558/491 378/547/484
f 376/558/491 648/401/350 377/403/352
f 374/537/474 370/556/489 278/499/443
f 373/387/174 369/389/174 370/556/489
f 420/569/500 424/570/501 425/571/500
f 399/572/502 412/573/503 421/574/504
f 412/573/503 422/575/505 421/574/504
f 650/576/506 652/577/507 651/578/508
f 411/579/509 423/580/510 422/575/505
f 422/575/505 404/581/511 402/582/512
f 421/574/504 402/582/512 403/583/513
f 400/584/514 421/574/504 403/583/513
f 419/585/515 425/571/500 656/586/515
f 401/587/516 650/576/506 423/580/510
f 423/580/510 653/588/517 404/581/511
f 399/572/502 655/570/518 413/589/519
f 417/586/520 399/572/502 400/584/514
f 438/590/521 429/591/522 435/592/127
f 430/593/523 405/594/524 406/595/525
f 409/596/526 426/597/527 428/598/528
f 426/597/527 436/599/529 432/600/530
f 438/590/521 437/601/531 431/602/532
f 428/598/528 432/600/530 434/603/533
f 408/604/534 428/598/528 427/605/535
f 427/605/535 434/603/533 433/606/536
f 408/604/534 429/591/522 407/607/537
f 429/591/522 433/606/536 435/592/127
f 413/589/519 433/606/536 412/573/503
f 433/606/536 411/579/509 412/573/503
f 434/603/533 401/587/516 411/579/509
f 424/570/501 437/601/531 438/590/521
f 410/608/538 429/591/522 431/602/532
f 432/600/530 414/577/539 401/587/516
f 413/589/519 438/590/521 435/592/127
f 443/609/540 441/610/541 439/576/542
f 420/569/500 418/611/501 424/570/501
f 399/572/502 413/589/519 412/573/503
f 412/573/503 411/579/509 422/575/505
f 411/579/509 401/587/516 423/580/510
f 422/575/505 423/580/510 404/581/511
f 421/574/504 422/575/505 402/582/512
f 400/584/514 399/572/502 421/574/504
f 419/585/515 420/569/500 425/571/500
f 401/587/516 652/577/507 650/576/506
f 423/580/510 650/576/506 653/588/517
f 399/572/502 654/571/543 655/570/518
f 417/586/520 654/571/543 399/572/502
f 438/590/521 431/602/532 429/591/522
f 430/593/523 426/597/527 405/594/524
f 409/596/526 405/594/524 426/597/527
f 426/597/527 430/593/523 436/599/529
f 428/598/528 426/597/527 432/600/530
f 408/604/534 409/596/526 428/598/528
f 427/605/535 428/598/528 434/603/533
f 408/604/534 427/605/535 429/591/522
f 429/591/522 427/605/535 433/606/536
f 413/589/519 435/592/127 433/606/536
f 433/606/536 434/603/533 411/579/509
f 434/603/533 432/600/530 401/587/516
f 424/570/501 418/611/501 437/601/531
f 410/608/538 407/607/537 429/591/522
f 432/600/530 436/599/529 414/577/539
f 413/589/519 655/570/518 438/590/521
f 441/610/541 415/588/540 439/576/542
f 439/576/542 416/578/540 440/612/540
f 440/612/540 442/613/542 439/576/542
f 442/613/542 443/609/540 439/576/542
f 658/614/544 657/615/544 445/616/544
f 453/617/545 454/618/546 660/619/546
f 453/617/545 447/620/174 450/621/547
f 455/619/548 661/618/548 444/622/548
f 456/623/174 451/624/549 446/625/174
f 450/621/547 449/615/550 448/614/550
f 660/619/546 451/624/549 453/617/545
f 453/617/545 659/626/546 454/618/546
f 453/617/545 456/623/174 447/620/174
f 456/623/174 453/617/545 451/624/549
f 448/614/550 452/626/550 453/617/545
f 453/617/545 450/621/547 448/614/550
f 464/627/551 664/628/551 662/629/551
f 665/630/552 460/631/552 465/628/552
f 468/632/553 667/633/553 459/634/553
f 481/635/554 469/636/555 494/637/556
f 484/638/174 475/639/174 488/640/174
f 666/632/557 678/641/557 482/642/558
f 461/643/174 675/642/174 457/641/174
f 487/644/174 677/645/174 485/646/174
f 672/646/559 663/627/557 463/629/557
f 669/647/560 471/648/561 668/649/562
f 668/649/562 469/636/555 670/650/563
f 476/651/174 474/649/174 472/650/174
f 477/652/174 473/647/174 474/649/174
f 472/650/174 490/653/174 476/651/174
f 672/646/559 480/654/564 671/655/565
f 671/655/565 478/656/566 673/638/567
f 485/646/174 489/657/174 487/644/174
f 486/655/174 488/640/174 489/657/174
f 491/658/174 674/659/174 675/642/174
f 492/660/174 676/635/174 674/659/174
f 494/637/556 483/659/568 481/635/554
f 495/661/569 482/642/558 483/659/568
f 470/662/570 673/638/567 478/656/566
f 464/627/551 466/630/551 664/628/551
f 481/635/554 670/650/563 469/636/555
f 484/638/174 473/647/174 475/639/174
f 493/663/571 467/633/557 482/642/558
f 467/633/557 666/632/557 482/642/558
f 461/643/174 491/658/174 675/642/174
f 487/644/174 462/664/174 677/645/174
f 463/629/557 479/665/572 672/646/559
f 672/646/559 458/645/557 663/627/557
f 669/647/560 470/662/570 471/648/561
f 668/649/562 471/648/561 469/636/555
f 476/651/174 477/652/174 474/649/174
f 477/652/174 475/639/174 473/647/174
f 472/650/174 676/635/174 490/653/174
f 672/646/559 479/665/572 480/654/564
f 671/655/565 480/654/564 478/656/566
f 485/646/174 486/655/174 489/657/174
f 486/655/174 484/638/174 488/640/174
f 491/658/174 492/660/174 674/659/174
f 492/660/174 490/653/174 676/635/174
f 494/637/556 495/661/569 483/659/568
f 495/661/569 493/663/571 482/642/558
f 470/662/570 669/647/560 673/638/567
o stalker_survival_guide_open
v -0.074373 0.001348 0.035505
v -0.074373 0.001348 -0.035505
v 0.165505 0.010198 0.106514
v 0.165120 0.009781 -0.106514
v 0.054845 0.000613 0.106514
v 0.078228 0.005859 0.106514
v 0.071632 0.002307 0.106514
v 0.090381 0.008379 0.106514
v 0.099338 0.003303 0.106514
v 0.078228 0.005859 -0.106514
v 0.054845 0.000613 -0.106514
v 0.071632 0.002307 -0.106514
v 0.093998 0.002448 -0.106514
v 0.090449 0.002654 -0.106514
v 0.237828 0.012334 0.035505
v 0.237828 0.012334 -0.035505
v 0.165331 0.012076 -0.035505
v 0.165331 0.012076 0.035505
v 0.053501 0.000625 0.035505
v 0.053765 0.000623 -0.035505
v 0.071393 0.003704 -0.035505
v 0.071217 0.004556 0.035505
v 0.078020 0.007395 -0.035505
v 0.079416 0.010903 0.034472
v 0.095048 0.003690 -0.035505
v 0.100273 0.004526 0.035505
v 0.091049 0.009050 0.035505
v 0.088582 0.005526 -0.035505
v 0.217052 0.008197 0.106514
v 0.206146 0.005108 -0.106514
v 0.216449 0.014685 -0.035505
v 0.216449 0.014685 0.035505
v 0.237057 0.004004 -0.081377
v 0.165631 0.008847 -0.091148
v -0.074373 0.001348 -0.091148
v 0.054611 0.000615 -0.091148
v 0.090531 0.002965 -0.091148
v 0.071591 0.002611 -0.091148
v 0.078183 0.006191 -0.091148
v 0.094225 0.002717 -0.091148
v 0.207812 0.008337 -0.082401
v -0.074373 0.001348 0.091408
v 0.165468 0.010598 0.091408
v 0.237220 0.005760 0.091408
v 0.071591 0.002606 0.091408
v 0.078184 0.006185 0.091408
v 0.099562 0.003567 0.091408
v 0.054615 0.000615 0.091408
v 0.090535 0.008671 0.091408
v 0.216923 0.009577 0.091408
v -0.059058 0.001345 -0.106514
v -0.059058 0.002201 0.106514
v -0.059186 0.001346 -0.035505
v -0.059186 0.001346 0.035505
v -0.059085 0.001345 -0.091148
v -0.059085 0.002202 0.091408
v 0.083062 0.007684 -0.106514
v 0.084138 0.010005 0.106514
v 0.083785 0.010416 -0.035505
v 0.086162 0.012521 0.035505
v 0.083219 0.007981 -0.091148
v 0.084292 0.010297 0.091408
v 0.101005 0.002257 -0.106514
v 0.118178 0.004604 0.106514
v 0.105384 0.004284 -0.035505
v 0.109041 0.004870 0.035505
v 0.101197 0.002586 -0.091148
v 0.118397 0.004925 0.091408
v 0.194295 0.009080 0.106514
v 0.193882 0.013533 -0.035505
v 0.193882 0.013533 0.035505
v 0.188296 0.006365 -0.106514
v 0.189190 0.008562 -0.086262
v 0.194207 0.010028 0.091408
v 0.122575 0.004157 -0.106514
v 0.144342 0.004820 -0.106514
v 0.149729 0.008333 0.106514
v 0.133954 0.006469 0.106514
v 0.145349 0.009479 -0.035505
v 0.125366 0.006881 -0.035505
v 0.146567 0.009674 0.035505
v 0.127804 0.007272 0.035505
v 0.144153 0.006760 -0.091148
v 0.122675 0.004673 -0.091148
v 0.149778 0.008707 0.091408
v 0.134087 0.006816 0.091408
v 0.224585 0.003810 -0.106514
v 0.229763 0.015365 -0.035505
v 0.229763 0.015365 0.035505
v 0.225308 0.007844 -0.081377
v 0.230325 0.008842 0.091408
v -0.065063 0.003332 0.106514
v -0.074354 0.003378 0.097236
v -0.069698 0.004538 0.105271
v -0.073099 0.004555 0.101875
v -0.064590 0.001257 -0.106514
v -0.074373 0.001348 -0.096730
v -0.069481 0.001302 -0.105203
v -0.073062 0.001335 -0.101622
v 0.227030 0.002923 -0.106514
v 0.236804 0.001265 -0.096462
v 0.231855 0.001426 -0.105167
v 0.235433 0.000819 -0.101488
v 0.230510 0.007187 0.106514
v 0.237137 0.004860 0.099060
v 0.233794 0.005938 0.105515
v 0.236219 0.004914 0.102787
v -0.074429 0.005348 0.035489
v -0.074373 0.005348 -0.035505
v 0.165326 0.014203 0.106654
v 0.164926 0.013829 -0.106426
v 0.054653 0.004616 0.106536
v 0.076140 0.009276 0.106583
v 0.070420 0.006199 0.106577
v 0.091895 0.012118 0.106602
v 0.100267 0.007376 0.106602
v 0.076580 0.009514 -0.106589
v 0.054638 0.004614 -0.106536
v 0.070420 0.006198 -0.106577
v 0.094169 0.006444 -0.106593
v 0.091796 0.006576 -0.106600
v 0.239339 0.016039 0.035713
v 0.239186 0.016096 -0.035871
v 0.217170 0.012180 0.106867
v 0.206360 0.009065 -0.107057
v 0.238343 0.007729 -0.082067
v 0.165433 0.012873 -0.067727
v -0.074375 0.005348 -0.091154
v 0.054369 0.004617 -0.091170
v 0.092082 0.006805 -0.091251
v 0.070336 0.006483 -0.091211
v 0.076468 0.009813 -0.091233
v 0.094488 0.006722 -0.091239
v 0.207898 0.012303 -0.082931
v -0.074248 0.005351 0.091127
v 0.165239 0.014598 0.091549
v 0.238965 0.009339 0.091811
v 0.070228 0.006457 0.091507
v 0.076160 0.009647 0.091533
v 0.100458 0.007635 0.091483
v 0.054360 0.004619 0.091432
v 0.092179 0.012339 0.091499
v 0.216952 0.013563 0.091761
v -0.059047 0.005345 -0.106521
v -0.058847 0.006199 0.106247
v -0.059173 0.005346 -0.035505
v -0.059197 0.005346 0.035489
v -0.059073 0.005345 -0.091151
v -0.058997 0.006208 0.091259
v 0.083609 0.012148 -0.106612
v 0.083363 0.014333 0.106601
v 0.083810 0.012539 -0.091272
v 0.083904 0.014700 0.091544
v 0.100868 0.006261 -0.106607
v 0.117801 0.008586 0.106592
v 0.100991 0.006586 -0.091245
v 0.118015 0.008908 0.091482
v 0.194412 0.013072 0.106756
v 0.188642 0.010355 -0.106734
v 0.189324 0.012560 -0.063084
v 0.194235 0.014022 0.091651
v 0.122263 0.008141 -0.106726
v 0.143799 0.008798 -0.106616
v 0.149255 0.012304 0.106611
v 0.133480 0.010439 0.106601
v 0.143656 0.010735 -0.067794
v 0.122295 0.008653 -0.067826
v 0.149293 0.012676 0.091505
v 0.133603 0.010786 0.091496
v 0.225348 0.007723 -0.107155
v 0.230427 0.019381 -0.035843
v 0.230475 0.019393 0.035715
v 0.226003 0.011776 -0.082032
v 0.231252 0.012816 0.091830
v -0.064700 0.007280 0.105983
v -0.073991 0.007326 0.096705
v -0.069335 0.008486 0.104740
v -0.072736 0.008503 0.101344
v -0.064593 0.005257 -0.106527
v -0.074377 0.005348 -0.096743
v -0.069485 0.005302 -0.105216
v -0.073066 0.005335 -0.101635
v 0.228311 0.006654 -0.107179
v 0.238085 0.004995 -0.097127
v 0.233136 0.005156 -0.105832
v 0.236714 0.004550 -0.102153
v 0.231504 0.011152 0.106931
v 0.239013 0.008371 0.099452
v 0.235670 0.009449 0.105908
v 0.238095 0.008425 0.103179
v -0.077922 0.008127 0.088419
v -0.062119 0.003475 -0.082596
v -0.073337 0.007622 -0.034303
v -0.070834 0.007622 0.034346
v -0.078683 0.007454 -0.080969
v 0.069747 0.007969 -0.104088
v 0.069747 0.004756 0.103250
v 0.058367 0.005363 -0.104129
v 0.058367 0.003465 0.103301
v -0.049064 0.016659 0.034346
v -0.048724 0.016659 0.088685
v 0.077074 0.010839 -0.102130
v -0.061991 0.004802 -0.034303
v -0.049064 0.016659 -0.034303
v -0.064391 0.006435 0.034346
v -0.046891 0.016659 -0.075223
v -0.066646 0.004527 0.088392
v 0.076596 0.015888 0.105797
v -0.059773 0.014739 0.034346
v 0.077519 0.015800 -0.101254
v -0.058706 0.014173 0.088647
v 0.077074 0.010241 0.104205
v -0.031266 0.017198 -0.102726
v -0.044121 0.016753 -0.088917
v -0.040161 0.014944 -0.098587
v -0.061596 0.010971 -0.034303
v -0.058418 0.014155 -0.075503
v 0.071124 0.009934 0.104830
v 0.071124 0.009926 -0.102158
v -0.048722 0.017065 0.095326
v -0.042479 0.019967 0.105084
v -0.050468 0.018162 0.103456
v -0.066929 0.005726 -0.106744
v -0.078859 0.006249 -0.096443
v -0.075905 0.006229 -0.101864
v -0.056673 0.014196 -0.089860
v -0.033365 0.014439 -0.103535
v -0.053758 0.011845 -0.099218
v -0.077910 0.008952 0.095950
v -0.063810 0.007503 0.103161
v -0.073573 0.010355 0.101056
v -0.044290 0.017483 0.105792
v -0.058698 0.014582 0.095336
v -0.057479 0.016419 0.102728
v -0.064566 0.003385 -0.097440
v -0.066177 0.005911 0.095701
v 0.016579 0.005363 -0.105001
v -0.025208 0.004522 -0.105872
v 0.041961 0.023754 -0.101077
v 0.004394 0.024181 -0.100764
v 0.035944 0.024199 0.105797
v -0.007641 0.024472 0.105797
v 0.029923 0.012254 -0.102938
v -0.012215 0.010430 -0.104048
v -0.026920 0.003465 0.103279
v 0.015723 0.003465 0.103295
v -0.014303 0.014771 0.104845
v 0.028907 0.014543 0.104839
v 0.233751 0.012788 0.088417
v 0.238908 0.011164 0.088519
v 0.240002 0.015593 -0.034306
v 0.240722 0.016169 0.034420
v 0.231777 0.011607 -0.069736
v 0.094370 0.006065 -0.103905
v 0.099756 0.008215 0.103250
v 0.101945 0.006299 -0.103894
v 0.103756 0.006465 0.103698
v 0.088580 0.009489 -0.102774
v 0.237605 0.027826 0.034420
v 0.232128 0.029893 0.034420
v 0.236909 0.023222 0.088648
v 0.232340 0.029862 0.088747
v 0.093966 0.011680 0.104205
v 0.236670 0.023875 -0.034306
v 0.232843 0.029893 -0.034303
v 0.232496 0.023169 -0.072565
v 0.230679 0.029695 -0.075223
v 0.097523 0.012305 0.104871
v 0.091467 0.016134 0.105797
v 0.094968 0.011872 -0.102783
v 0.090547 0.015961 -0.101254
v 0.205929 0.010182 -0.099965
v 0.229819 0.008411 -0.085514
v 0.215923 0.007074 -0.097282
v 0.223638 0.007779 -0.091535
v 0.229929 0.020178 -0.087231
v 0.206114 0.020754 -0.100989
v 0.225030 0.021039 -0.095358
v 0.217172 0.019588 -0.099410
v 0.205671 0.027487 -0.102461
v 0.227930 0.029349 -0.088917
v 0.215602 0.028048 -0.101434
v 0.223731 0.030789 -0.098413
v 0.239079 0.009300 0.094804
v 0.227977 0.010850 0.103530
v 0.237906 0.009155 0.098963
v 0.234315 0.010663 0.101714
v 0.224722 0.024770 0.105889
v 0.237002 0.022185 0.095193
v 0.232234 0.020378 0.102880
v 0.235846 0.020893 0.099666
v 0.232374 0.029459 0.095387
v 0.221220 0.025864 0.106055
v 0.231230 0.027522 0.100011
v 0.227612 0.025877 0.103519
v 0.237499 0.015653 0.034346
v 0.233852 0.015319 -0.034303
v 0.220174 0.014066 -0.072325
v 0.217978 0.010783 -0.091808
v 0.234263 0.011515 0.095364
v 0.136308 0.015834 -0.102584
v 0.170901 0.018939 -0.101506
v 0.130994 0.022654 -0.101524
v 0.167382 0.026099 -0.100449
v 0.127656 0.026734 -0.101077
v 0.165081 0.029602 -0.100764
v 0.186824 0.017546 0.103663
v 0.144369 0.013379 0.103689
v 0.180913 0.025155 0.104869
v 0.137847 0.021097 0.104872
v 0.133689 0.026840 0.105797
v 0.177092 0.031438 0.105797
v 0.091929 0.016312 0.097584
v 0.133943 0.027497 0.098211
v 0.177012 0.031500 0.098875
v 0.221364 0.027835 0.099637
v 0.228494 0.027850 0.097918
v 0.092337 0.016426 0.089046
v 0.133805 0.027595 0.089873
v 0.176197 0.031526 0.090776
v 0.220328 0.028224 0.091595
v 0.227931 0.028216 0.090358
v 0.096036 0.017627 0.034805
v 0.136073 0.027627 0.035273
v 0.176892 0.031191 0.035842
v 0.219826 0.027972 0.035906
v 0.227768 0.028039 0.035062
v 0.091218 0.016134 -0.033976
v 0.132217 0.027108 -0.033756
v 0.173890 0.030525 -0.033407
v 0.218135 0.027482 -0.034060
v 0.226910 0.027688 -0.034541
v 0.090779 0.016007 -0.074848
v 0.130802 0.026790 -0.074952
v 0.171368 0.029874 -0.074901
v 0.214835 0.026915 -0.076313
v 0.224077 0.027225 -0.076414
v 0.090605 0.015926 -0.094706
v 0.129383 0.026456 -0.093347
v 0.168588 0.029175 -0.091833
v 0.210864 0.026347 -0.092132
v 0.220543 0.026738 -0.091425
v 0.076123 0.015842 0.097584
v 0.035631 0.023569 0.098211
v -0.007661 0.023381 0.098875
v -0.043203 0.018278 0.099637
v 0.075710 0.015844 0.089046
v 0.035759 0.023458 0.089873
v -0.006851 0.023280 0.090776
v -0.042682 0.017797 0.091595
v 0.071999 0.016605 0.034805
v 0.033498 0.023633 0.035273
v -0.007513 0.023678 0.035842
v -0.042539 0.018002 0.035906
v 0.076842 0.015813 -0.033976
v 0.037385 0.023798 -0.033756
v -0.004463 0.024067 -0.033407
v -0.041888 0.018336 -0.034060
v 0.077287 0.015817 -0.074848
v 0.038823 0.023986 -0.074952
v -0.001892 0.024485 -0.074901
v -0.039170 0.018600 -0.076313
v 0.077465 0.015851 -0.094706
v 0.040266 0.024189 -0.093347
v 0.000940 0.024927 -0.091833
v -0.035789 0.018803 -0.092132
v 0.084187 0.011858 -0.101406
v 0.084237 0.014949 -0.101245
v 0.084292 0.014429 0.104944
v 0.084229 0.014947 0.105114
v 0.084230 0.014932 0.096940
v 0.084230 0.014932 0.088488
v 0.084231 0.016183 0.034381
v 0.084233 0.014933 -0.034262
v 0.084234 0.014933 -0.074995
v 0.084236 0.014932 -0.094938
v -0.001892 0.003444 -0.128365
v 0.070650 0.002417 -0.117009
v -0.011771 0.009527 -0.096021
v 0.068676 0.009527 -0.091474
v 0.061224 0.009527 -0.121292
v 0.071421 0.009527 -0.106901
v 0.070179 0.009527 -0.099921
v -0.010154 0.009527 -0.105112
v 0.018534 0.004117 -0.128803
v 0.017286 0.009527 -0.103339
v 0.001528 0.008298 -0.131912
v -0.006677 0.009527 -0.124652
v 0.016867 0.009527 -0.094402
v -0.037843 0.011851 -0.106468
v 0.062424 0.011851 -0.104385
v -0.037957 0.012978 -0.116612
v 0.060430 0.018405 -0.120123
v -0.037408 0.011851 -0.098589
v 0.062591 0.011851 -0.101363
v 0.043085 0.020487 -0.118516
v 0.062025 0.015486 -0.110172
v 0.051655 0.016771 -0.119540
v 0.061581 0.015034 -0.112248
v -0.000485 0.018724 -0.116618
v -0.037996 0.013238 -0.108675
v 0.015779 0.016076 -0.117327
v 0.022520 0.016338 -0.117620
v 0.019156 0.015762 -0.117474
v 0.015073 0.011851 -0.105369
v 0.022107 0.011851 -0.105223
v 0.018590 0.011851 -0.105296
v 0.022382 0.011851 -0.100248
v 0.015366 0.011851 -0.100053
v 0.018874 0.011851 -0.100151
v 0.028130 0.018354 -0.117865
v 0.037837 0.020275 -0.118288
v 0.032959 0.019630 -0.118075
v 0.010539 0.011851 -0.105463
v 0.000794 0.011851 -0.105665
v 0.005666 0.011851 -0.105564
v 0.026636 0.011851 -0.105129
v 0.036391 0.011851 -0.104926
v 0.031513 0.011851 -0.105027
v 0.036627 0.011851 -0.100643
v 0.026899 0.011851 -0.100373
v 0.031763 0.011851 -0.100508
v 0.010844 0.011851 -0.099928
v 0.001126 0.011851 -0.099658
v 0.005985 0.011851 -0.099793
v 0.000555 0.018767 -0.116664
v 0.010144 0.017647 -0.117081
v 0.005379 0.018520 -0.116874
v -0.049064 0.017865 0.034346
v -0.048724 0.021725 0.088685
v -0.049064 0.017865 -0.034303
v -0.047269 0.018535 -0.075558
v 0.077519 0.017006 -0.101254
v -0.032987 0.021924 -0.103578
v -0.043316 0.023488 -0.087862
v -0.037203 0.023454 -0.100407
v -0.040737 0.025136 -0.098016
v -0.048722 0.022130 0.095326
v -0.049543 0.023228 0.101054
v -0.046060 0.020670 0.103826
v 0.041961 0.025960 -0.101077
v 0.035944 0.026405 0.105797
v 0.232843 0.031099 0.034346
v 0.232505 0.031068 0.088685
v 0.232843 0.031099 -0.034303
v 0.229402 0.031758 -0.074205
v 0.091467 0.017339 0.105797
v 0.090547 0.017167 -0.101254
v 0.198043 0.028232 -0.102670
v 0.220853 0.037186 -0.081948
v 0.207586 0.036909 -0.093839
v 0.233186 0.029446 0.097022
v 0.220011 0.034798 0.104117
v 0.230781 0.033038 0.100368
v 0.226303 0.034762 0.102622
v 0.127656 0.028561 -0.101077
v 0.165081 0.031835 -0.100764
v 0.133689 0.028667 0.105797
v 0.177092 0.032643 0.105797
v 0.091929 0.017518 0.097584
v 0.133943 0.029323 0.098211
v 0.177012 0.033732 0.098875
v 0.221305 0.029748 0.099882
v 0.228544 0.030253 0.098885
v 0.092337 0.017632 0.089046
v 0.133805 0.029422 0.089873
v 0.176197 0.033758 0.090776
v 0.220328 0.028810 0.091595
v 0.227931 0.029421 0.090358
v 0.096036 0.018832 0.034805
v 0.136073 0.029454 0.035273
v 0.176892 0.033423 0.035842
v 0.219826 0.028558 0.035906
v 0.227768 0.029245 0.035062
v 0.091218 0.017340 -0.033976
v 0.132217 0.028935 -0.033756
v 0.173890 0.032757 -0.033407
v 0.218135 0.028068 -0.034060
v 0.226910 0.028893 -0.034541
v 0.090779 0.017213 -0.074848
v 0.130802 0.028616 -0.074952
v 0.171368 0.032106 -0.074901
v 0.214835 0.027501 -0.076313
v 0.224077 0.028431 -0.076414
v 0.090605 0.017132 -0.094706
v 0.129383 0.028283 -0.093347
v 0.168588 0.031408 -0.091833
v 0.209738 0.027941 -0.091704
v -0.044547 0.019503 0.097919
v 0.075710 0.017050 0.089046
v -0.044019 0.019088 0.090358
v 0.071999 0.017811 0.034805
v 0.033498 0.025839 0.035273
v -0.043841 0.019249 0.035062
v 0.076842 0.017019 -0.033976
v 0.037385 0.026004 -0.033756
v -0.042954 0.019521 -0.034541
v 0.077287 0.017023 -0.074848
v 0.038823 0.026192 -0.074952
v -0.043478 0.018797 -0.075821
v 0.077465 0.017056 -0.094706
v 0.040266 0.026395 -0.093347
v -0.036298 0.020588 -0.092643
v -0.040082 0.021831 -0.089823
v 0.084231 0.014954 -0.101249
v 0.084232 0.014953 -0.094938
v 0.084230 0.014953 -0.074995
v 0.084229 0.014953 -0.034259
v 0.084226 0.016800 0.034380
v 0.084227 0.014952 0.088485
v 0.084228 0.014952 0.096940
v 0.084230 0.014952 0.105109
v 0.222952 0.029286 -0.080973
v 0.020115 0.031056 -0.098447
v -0.022966 0.031294 0.104128
v -0.021938 0.030197 0.097282
v -0.019922 0.030097 0.089424
v -0.012292 0.030525 0.034957
v 0.001172 0.030944 -0.033116
v 0.009982 0.031367 -0.073799
v 0.015376 0.031798 -0.090195
v -0.042263 0.019501 -0.083068
v -0.030785 0.020320 -0.104284
v 0.076596 0.017094 0.105797
v 0.076123 0.017047 0.097584
v 0.035631 0.025775 0.098211
v 0.035759 0.025664 0.089873
v 0.216906 0.039275 -0.085161
v 0.210122 0.038821 -0.091288
v 0.213414 0.039939 -0.088180
v 0.229478 0.031762 -0.074288
v 0.198119 0.028236 -0.102753
v 0.220928 0.037190 -0.082031
v 0.207661 0.036913 -0.093922
v 0.209814 0.027945 -0.091787
v 0.223028 0.029290 -0.081055
v 0.216981 0.039279 -0.085244
v 0.210197 0.038825 -0.091371
v 0.213490 0.039943 -0.088263
v -0.047305 0.018485 -0.075580
v -0.033023 0.021874 -0.103600
v -0.043352 0.023438 -0.087884
v -0.037239 0.023404 -0.100429
v -0.040773 0.025086 -0.098038
v -0.036334 0.020538 -0.092665
v -0.040119 0.021781 -0.089845
v -0.042300 0.019451 -0.083090
v -0.030821 0.020270 -0.104305
v -0.037843 0.011752 -0.106468
v 0.062424 0.011752 -0.104385
v -0.037957 0.012879 -0.116612
v 0.060430 0.018306 -0.120123
v -0.037408 0.011752 -0.098589
v 0.062591 0.011752 -0.101363
v 0.043085 0.020389 -0.118516
v 0.062025 0.015387 -0.110172
v 0.051655 0.016673 -0.119540
v 0.061581 0.014935 -0.112248
v -0.000485 0.018626 -0.116618
v -0.037996 0.013139 -0.108675
v 0.015779 0.015977 -0.117327
v 0.022520 0.016239 -0.117620
v 0.019156 0.015663 -0.117474
v 0.015073 0.011752 -0.105369
v 0.022107 0.011752 -0.105223
v 0.018590 0.011752 -0.105296
v 0.022382 0.011752 -0.100248
v 0.015366 0.011752 -0.100053
v 0.018874 0.011752 -0.100151
v 0.028130 0.018255 -0.117865
v 0.037837 0.020176 -0.118288
v 0.032959 0.019531 -0.118075
v 0.010539 0.011752 -0.105463
v 0.000794 0.011752 -0.105665
v 0.005666 0.011752 -0.105564
v 0.026636 0.011752 -0.105129
v 0.036391 0.011752 -0.104926
v 0.031513 0.011752 -0.105027
v 0.036627 0.011752 -0.100643
v 0.026899 0.011752 -0.100373
v 0.031763 0.011752 -0.100508
v 0.010844 0.011752 -0.099928
v 0.001126 0.011752 -0.099658
v 0.005985 0.011752 -0.099793
v 0.000555 0.018668 -0.116664
v 0.010144 0.017548 -0.117081
v 0.005379 0.018421 -0.116874
v 0.144342 0.004820 -0.106514
v 0.165120 0.009781 -0.106514
v 0.194295 0.009080 0.106514
v 0.165505 0.010198 0.106514
v -0.074373 0.001348 -0.035505
v -0.074373 0.001348 0.035505
v 0.237828 0.012334 0.035505
v 0.237828 0.012334 -0.035505
v 0.237220 0.005760 0.091408
v -0.074373 0.001348 -0.091148
v 0.071632 0.002307 0.106514
v 0.054845 0.000613 0.106514
v 0.054845 0.000613 -0.106514
v 0.071632 0.002307 -0.106514
v 0.078228 0.005859 0.106514
v 0.078228 0.005859 -0.106514
v 0.090449 0.002654 -0.106514
v 0.093998 0.002448 -0.106514
v 0.099338 0.003303 0.106514
v 0.090381 0.008379 0.106514
v -0.059058 0.001345 -0.106514
v 0.083062 0.007684 -0.106514
v 0.084138 0.010005 0.106514
v 0.118178 0.004604 0.106514
v 0.188296 0.006365 -0.106514
v 0.206146 0.005108 -0.106514
v 0.237057 0.004004 -0.081377
v -0.074373 0.001348 0.091408
v -0.059058 0.002201 0.106514
v 0.101005 0.002257 -0.106514
v 0.133954 0.006469 0.106514
v 0.217052 0.008197 0.106514
v 0.122575 0.004157 -0.106514
v 0.149729 0.008333 0.106514
v 0.224585 0.003810 -0.106514
v 0.230510 0.007187 0.106514
v -0.074354 0.003378 0.097236
v -0.065063 0.003332 0.106514
v -0.069698 0.004538 0.105271
v -0.073099 0.004555 0.101875
v -0.074373 0.001348 -0.096730
v -0.073062 0.001335 -0.101622
v -0.069481 0.001302 -0.105203
v -0.064590 0.001257 -0.106514
v 0.227030 0.002923 -0.106514
v 0.231855 0.001426 -0.105167
v 0.235433 0.000819 -0.101488
v 0.236804 0.001265 -0.096462
v 0.237137 0.004860 0.099060
v 0.236219 0.004914 0.102787
v 0.233794 0.005938 0.105515
v 0.143799 0.008798 -0.106616
v 0.164926 0.013829 -0.106426
v 0.194412 0.013072 0.106756
v 0.165326 0.014203 0.106654
v -0.074373 0.005348 -0.035505
v -0.074429 0.005348 0.035489
v 0.239339 0.016039 0.035713
v 0.239186 0.016096 -0.035871
v 0.238965 0.009339 0.091811
v -0.074375 0.005348 -0.091154
v 0.070420 0.006199 0.106577
v 0.054653 0.004616 0.106536
v 0.054638 0.004614 -0.106536
v 0.070420 0.006198 -0.106577
v 0.076140 0.009276 0.106583
v 0.076580 0.009514 -0.106589
v 0.091796 0.006576 -0.106600
v 0.094169 0.006444 -0.106593
v 0.100267 0.007376 0.106602
v 0.091895 0.012118 0.106602
v -0.059047 0.005345 -0.106521
v 0.083609 0.012148 -0.106612
v 0.083363 0.014333 0.106601
v 0.117801 0.008586 0.106592
v 0.188642 0.010355 -0.106734
v 0.206360 0.009065 -0.107057
v 0.238343 0.007729 -0.082067
v -0.074248 0.005351 0.091127
v -0.058847 0.006199 0.106247
v 0.100868 0.006261 -0.106607
v 0.133480 0.010439 0.106601
v 0.217170 0.012180 0.106867
v 0.122263 0.008141 -0.106726
v 0.149255 0.012304 0.106611
v 0.225348 0.007723 -0.107155
v 0.231504 0.011152 0.106931
v -0.073991 0.007326 0.096705
v -0.064700 0.007280 0.105983
v -0.069335 0.008486 0.104740
v -0.072736 0.008503 0.101344
v -0.074377 0.005348 -0.096743
v -0.073066 0.005335 -0.101635
v -0.069485 0.005302 -0.105216
v -0.064593 0.005257 -0.106527
v 0.228311 0.006654 -0.107179
v 0.233136 0.005156 -0.105832
v 0.236714 0.004550 -0.102153
v 0.238085 0.004995 -0.097127
v 0.239013 0.008371 0.099452
v 0.238095 0.008425 0.103179
v 0.235670 0.009449 0.105908
v -0.073337 0.007622 -0.034303
v -0.070834 0.007622 0.034346
v -0.078683 0.007454 -0.080969
v -0.077922 0.008127 0.088419
v -0.025208 0.004522 -0.105872
v -0.066929 0.005726 -0.106744
v -0.046891 0.016659 -0.075223
v -0.049064 0.016659 -0.034303
v -0.049064 0.016659 0.034346
v -0.048724 0.016659 0.088685
v -0.031266 0.017198 -0.102726
v -0.040161 0.014944 -0.098587
v -0.044121 0.016753 -0.088917
v 0.004394 0.024181 -0.100764
v -0.050468 0.018162 0.103456
v -0.042479 0.019967 0.105084
v -0.048722 0.017065 0.095326
v -0.007641 0.024472 0.105797
v -0.078859 0.006249 -0.096443
v -0.075905 0.006229 -0.101864
v -0.073573 0.010355 0.101056
v -0.073573 0.010355 0.101056
v -0.077910 0.008952 0.095950
v -0.063810 0.007503 0.103161
v 0.077519 0.015800 -0.101254
v 0.041961 0.023754 -0.101077
v 0.076596 0.015888 0.105797
v 0.035944 0.024199 0.105797
v 0.240002 0.015593 -0.034306
v 0.240722 0.016169 0.034420
v 0.231777 0.011607 -0.069736
v 0.238908 0.011164 0.088519
v 0.230679 0.029695 -0.075223
v 0.232843 0.029893 -0.034303
v 0.232128 0.029893 0.034420
v 0.232340 0.029862 0.088747
v 0.205671 0.027487 -0.102461
v 0.215602 0.028048 -0.101434
v 0.223731 0.030789 -0.098413
v 0.227930 0.029349 -0.088917
v 0.229819 0.008411 -0.085514
v 0.223638 0.007779 -0.091535
v 0.215923 0.007074 -0.097282
v 0.165081 0.029602 -0.100764
v 0.227612 0.025877 0.103519
v 0.221220 0.025864 0.106055
v 0.231230 0.027522 0.100011
v 0.232374 0.029459 0.095387
v 0.237906 0.009155 0.098963
v 0.239079 0.009300 0.094804
v 0.234315 0.010663 0.101714
v 0.177092 0.031438 0.105797
v 0.090547 0.015961 -0.101254
v 0.127656 0.026734 -0.101077
v 0.091467 0.016134 0.105797
v 0.133689 0.026840 0.105797
v 0.084234 0.014933 -0.074995
v 0.084233 0.014933 -0.034262
v 0.084236 0.014932 -0.094938
v 0.084237 0.014949 -0.101245
v 0.084237 0.014949 -0.101245
v 0.084231 0.016183 0.034381
v 0.084230 0.014932 0.088488
v 0.084230 0.014932 0.096940
v 0.084229 0.014947 0.105114
v 0.084229 0.014947 0.105114
v 0.071421 0.009527 -0.106901
v 0.061224 0.009527 -0.121292
v 0.018534 0.004117 -0.128803
v -0.006677 0.009527 -0.124652
v 0.001528 0.008298 -0.131912
v 0.043085 0.020487 -0.118516
v 0.062025 0.015486 -0.110172
v 0.051655 0.016771 -0.119540
v 0.061581 0.015034 -0.112248
v -0.037996 0.013238 -0.108675
v -0.000485 0.018724 -0.116618
v 0.018590 0.011851 -0.105296
v 0.022107 0.011851 -0.105223
v 0.015073 0.011851 -0.105369
v 0.031513 0.011851 -0.105027
v 0.036391 0.011851 -0.104926
v 0.026636 0.011851 -0.105129
v 0.005666 0.011851 -0.105564
v 0.000794 0.011851 -0.105665
v 0.010539 0.011851 -0.105463
v 0.062424 0.011851 -0.104385
v -0.037843 0.011851 -0.106468
v 0.209738 0.027941 -0.091704
v 0.198043 0.028232 -0.102670
v 0.228544 0.030253 0.098885
v 0.221305 0.029748 0.099882
v 0.233186 0.029446 0.097022
v -0.044547 0.019503 0.097919
v -0.046060 0.020670 0.103826
v -0.044019 0.019088 0.090358
v 0.084228 0.014952 0.096940
v 0.084230 0.014952 0.105109
v 0.084227 0.014952 0.088485
v 0.084226 0.016800 0.034380
v 0.084229 0.014953 -0.034259
v 0.084230 0.014953 -0.074995
v 0.084232 0.014953 -0.094938
v 0.084231 0.014954 -0.101249
v 0.222952 0.029286 -0.080973
v 0.222952 0.029286 -0.080973
v 0.229402 0.031758 -0.074205
v 0.177092 0.032643 0.105797
v -0.022966 0.031294 0.104128
v -0.021938 0.030197 0.097282
v -0.019922 0.030097 0.089424
v -0.012292 0.030525 0.034957
v 0.001172 0.030944 -0.033116
v 0.009982 0.031367 -0.073799
v 0.015376 0.031798 -0.090195
v 0.020115 0.031056 -0.098447
v -0.042263 0.019501 -0.083068
v -0.036298 0.020588 -0.092643
v -0.047269 0.018535 -0.075558
v -0.030785 0.020320 -0.104284
v 0.043085 0.020389 -0.118516
v 0.062025 0.015387 -0.110172
v 0.051655 0.016673 -0.119540
v 0.061581 0.014935 -0.112248
v -0.037996 0.013139 -0.108675
v -0.000485 0.018626 -0.116618
v 0.018590 0.011752 -0.105296
v 0.022107 0.011752 -0.105223
v 0.015073 0.011752 -0.105369
v 0.031513 0.011752 -0.105027
v 0.036391 0.011752 -0.104926
v 0.026636 0.011752 -0.105129
v 0.005666 0.011752 -0.105564
v 0.000794 0.011752 -0.105665
v 0.010539 0.011752 -0.105463
v 0.062424 0.011752 -0.104385
v -0.037843 0.011752 -0.106468
vn 0.0682 -0.9970 -0.0370
vn -0.4032 -0.9148 -0.0216
vn 0.2001 -0.9796 -0.0196
vn 0.1227 -0.9922 -0.0242
vn 0.0232 -0.9990 -0.0377
vn 0.1184 -0.9927 -0.0241
vn 0.0085 -1.0000 0.0014
vn 0.2446 -0.9695 0.0139
vn 0.0127 -0.9999 0.0015
vn 0.4224 -0.9062 0.0188
vn 0.4437 -0.8959 0.0226
vn 0.0113 -0.9999 0.0029
vn -0.0224 -0.9996 0.0146
vn -0.0092 -0.9999 0.0091
vn -0.0057 -1.0000 0.0001
vn 0.0180 -0.9998 0.0012
vn -0.0056 -1.0000 -0.0000
vn 0.0181 -0.9998 0.0023
vn -0.0057 -1.0000 0.0034
vn -0.1340 -0.9908 -0.0205
vn -0.4384 -0.8985 -0.0213
vn -0.1614 -0.9868 -0.0160
vn -0.1180 -0.9927 0.0265
vn -0.4650 -0.8849 0.0270
vn -0.0549 -0.9982 0.0243
vn 0.3144 -0.9493 -0.0061
vn 0.4979 -0.8663 -0.0395
vn 0.2889 -0.9570 -0.0257
vn 0.2915 -0.9565 0.0125
vn 0.4819 -0.8762 -0.0071
vn 0.0521 -0.9969 0.0585
vn 0.1208 -0.9925 0.0213
vn 0.1125 -0.9925 0.0481
vn 0.0726 -0.9970 0.0279
vn 0.1262 -0.9920 -0.0097
vn -0.2253 -0.9738 0.0299
vn -0.4903 -0.8705 0.0419
vn -0.1908 -0.9808 0.0400
vn -0.4768 -0.8789 0.0172
vn -0.0778 -0.9969 0.0060
vn -0.1428 -0.9767 0.1603
vn -0.3401 -0.9370 0.0798
vn -0.1195 -0.9903 0.0715
vn -0.1254 -0.9910 -0.0468
vn 0.0334 -0.9981 0.0516
vn 0.0353 -0.9990 -0.0260
vn 0.0363 -0.9987 0.0365
vn -0.0129 -0.9913 0.1309
vn -0.0073 -0.9960 0.0891
vn -0.0020 -0.9963 -0.0864
vn -0.0293 -0.9978 -0.0587
vn 0.0059 -0.9983 -0.0588
vn -0.0534 -0.9891 0.1370
vn -0.0684 -0.9944 0.0810
vn -0.2531 -0.9672 0.0220
vn 0.0266 -0.9990 0.0353
vn 0.1139 -0.9920 0.0553
vn -0.1623 -0.9867 0.0059
vn -0.0057 -1.0000 0.0004
vn 0.4634 -0.8858 0.0238
vn 0.0324 -0.9987 -0.0384
vn 0.0020 -1.0000 -0.0014
vn 0.2245 -0.9744 -0.0138
vn 0.5214 -0.8531 -0.0172
vn 0.0712 -0.9973 -0.0160
vn -0.3627 -0.9308 -0.0461
vn -0.1528 -0.9826 -0.1053
vn 0.0043 -0.9995 0.0327
vn 0.0123 -0.9999 0.0034
vn -0.0001 -1.0000 -0.0000
vn -0.0000 -1.0000 0.0006
vn -0.0365 -0.9991 0.0196
vn 0.0994 -0.9950 -0.0062
vn 0.0641 -0.9976 0.0249
vn 0.0955 -0.9953 0.0135
vn 0.0824 -0.9963 0.0261
vn 0.0925 -0.9955 -0.0193
vn 0.0495 -0.9981 -0.0375
vn 0.1262 -0.9920 -0.0085
vn 0.0952 -0.9953 -0.0178
vn 0.1226 -0.9922 -0.0219
vn 0.0777 -0.9956 0.0533
vn 0.1045 -0.9938 0.0383
vn 0.1208 -0.9925 0.0161
vn 0.1183 -0.9927 -0.0216
vn -0.1609 -0.9745 0.1563
vn -0.0424 -0.9955 -0.0850
vn -0.0908 -0.9870 0.1327
vn -0.0908 -0.9870 0.1328
vn 0.0008 -1.0000 0.0032
vn -0.3203 -0.9326 0.1661
vn -0.3215 -0.9308 0.1741
vn -0.4142 -0.9054 -0.0935
vn -0.1711 0.9851 0.0196
vn 0.3866 0.9220 0.0239
vn -0.1185 0.9927 0.0242
vn -0.0235 0.9990 0.0376
vn -0.2235 0.9746 -0.0136
vn -0.0077 1.0000 -0.0013
vn -0.0077 1.0000 -0.0012
vn -0.4106 0.9116 -0.0199
vn -0.2235 0.9746 -0.0135
vn 0.0223 0.9997 -0.0141
vn -0.0011 1.0000 0.0015
vn 0.0068 0.9999 -0.0121
vn 0.1334 0.9909 0.0202
vn 0.2279 0.9593 -0.1665
vn 0.3408 0.9368 -0.0788
vn 0.3216 0.9307 -0.1742
vn 0.3408 0.9368 -0.0789
vn 0.3644 0.9301 0.0460
vn 0.0292 0.9979 0.0585
vn 0.0414 0.9955 0.0851
vn 0.0292 0.9979 0.0584
vn 0.0486 0.9980 -0.0412
vn 0.0211 0.9938 -0.1089
vn 0.0214 0.9938 -0.1092
vn 0.1892 0.9816 -0.0255
vn 0.4767 0.8787 -0.0246
vn 0.1892 0.9816 -0.0260
vn -0.1148 0.9932 -0.0216
vn -0.0329 0.9994 -0.0143
vn -0.1144 0.9932 -0.0216
vn 0.0056 1.0000 -0.0004
vn -0.0010 1.0000 0.0015
vn -0.2183 0.9758 0.0137
vn -0.5240 0.8516 0.0146
vn 0.3049 0.9466 0.1045
vn -0.0048 0.9995 -0.0322
vn -0.0123 0.9999 -0.0034
vn 0.0001 1.0000 -0.0000
vn -0.0000 1.0000 -0.0006
vn 0.0040 1.0000 -0.0003
vn -0.1712 0.9850 0.0196
vn 0.0297 0.9994 -0.0193
vn 0.4766 0.8788 -0.0246
vn 0.0298 0.9994 -0.0192
vn -0.0678 0.9976 -0.0159
vn 0.1334 0.9909 0.0200
vn -0.0932 0.9955 0.0194
vn -0.0236 0.9990 0.0376
vn -0.0719 0.9971 -0.0248
vn -0.1185 0.9927 0.0218
vn -0.1184 0.9927 0.0218
vn 0.1617 0.9742 -0.1572
vn 0.0416 0.9955 0.0854
vn 0.0913 0.9869 -0.1332
vn -0.0008 1.0000 -0.0032
vn 0.3203 0.9327 -0.1660
vn 0.3202 0.9327 -0.1660
vn 0.4185 0.9034 0.0934
vn -0.0023 -0.0090 -1.0000
vn 0.0043 -0.0201 -0.9998
vn -0.0024 -0.0091 -1.0000
vn -0.0016 -0.0413 0.9991
vn -0.0043 -0.0595 0.9982
vn -1.0000 -0.0039 -0.0002
vn -1.0000 -0.0000 0.0005
vn 0.9379 -0.3464 0.0163
vn 0.9251 -0.3793 -0.0183
vn 0.9251 -0.3793 -0.0184
vn 0.9110 -0.4104 -0.0415
vn 0.9109 -0.4104 -0.0416
vn -1.0000 -0.0003 -0.0000
vn -1.0000 -0.0004 0.0001
vn -0.0008 0.0254 0.9997
vn 0.0020 -0.0119 0.9999
vn -0.0001 -0.0045 -1.0000
vn 0.0021 -0.0123 -0.9999
vn 0.0088 -0.0155 0.9998
vn 0.0021 -0.0120 0.9999
vn 0.0067 -0.0178 -0.9998
vn 0.0067 -0.0176 -0.9998
vn -0.0008 -0.0211 -0.9998
vn -0.0094 -0.0196 -0.9998
vn -0.0011 -0.0212 -0.9998
vn -0.0082 -0.0203 0.9998
vn -0.0027 -0.0202 0.9998
vn -0.0082 -0.0202 0.9998
vn -0.0001 -0.0036 -1.0000
vn -0.0001 -0.0044 -1.0000
vn -0.0051 -0.0197 -0.9998
vn -0.0093 -0.0196 -0.9998
vn 0.0023 -0.0192 0.9998
vn 0.0087 -0.0156 0.9998
vn 0.0019 -0.0206 0.9998
vn -0.0028 -0.0202 0.9998
vn -0.0119 -0.0499 -0.9987
vn -0.0144 -0.1215 -0.9925
vn -0.0144 -0.1216 -0.9925
vn 0.9447 -0.3251 0.0425
vn -0.9999 0.0138 0.0017
vn -0.0010 0.0341 0.9994
vn 0.0026 -0.0187 0.9998
vn -0.0000 -0.0341 -0.9994
vn 0.0021 -0.0217 0.9998
vn -0.0044 -0.0595 0.9982
vn -0.0068 -0.0822 0.9966
vn 0.0022 -0.0385 -0.9993
vn 0.0021 -0.0385 -0.9993
vn 0.0043 -0.0206 -0.9998
vn 0.0023 -0.0262 0.9997
vn 0.0023 -0.0217 0.9998
vn -0.0192 -0.1479 -0.9888
vn 0.0368 -0.1146 0.9927
vn -0.9903 0.0886 0.1070
vn -0.1008 0.1232 0.9872
vn -0.1008 0.1232 0.9873
vn -0.4751 0.1601 0.8653
vn -0.4751 0.1601 0.8652
vn -0.8651 0.1442 0.4805
vn -0.8650 0.1442 0.4805
vn -0.9903 0.0887 0.1071
vn -0.9923 -0.0012 -0.1241
vn -0.9923 -0.0011 -0.1241
vn -0.8661 -0.0023 -0.4999
vn -0.8662 -0.0023 -0.4997
vn -0.5000 -0.0032 -0.8660
vn -0.4999 -0.0032 -0.8661
vn -0.1244 -0.0028 -0.9922
vn -0.1244 -0.0029 -0.9922
vn 0.1041 -0.2080 -0.9726
vn 0.4330 -0.3001 -0.8500
vn 0.4332 -0.3001 -0.8498
vn 0.8080 -0.3605 -0.4660
vn 0.9440 -0.3290 -0.0244
vn 0.9443 -0.3281 -0.0245
vn 0.8855 -0.4631 0.0370
vn 0.8855 -0.4632 0.0370
vn 0.7566 -0.4566 0.4680
vn 0.7566 -0.4566 0.4681
vn 0.4041 -0.2952 0.8658
vn 0.2246 -0.9744 0.0137
vn -0.4315 -0.9018 0.0210
vn -0.3829 -0.9178 -0.1054
vn -0.1810 -0.9785 -0.0987
vn -0.0907 -0.9870 0.1328
vn 0.0485 0.9980 -0.0412
vn 0.3862 0.9164 0.1048
vn 0.1861 0.9776 0.0988
vn 0.0913 0.9869 -0.1333
vn -0.2278 -0.9735 0.0207
vn -0.2380 -0.9712 -0.0090
vn -0.0486 -0.1063 0.9932
vn -0.3271 0.8515 0.4098
vn -0.2016 0.1898 0.9609
vn -0.1415 0.9824 -0.1222
vn -0.1251 0.9700 -0.2085
vn -0.1311 0.9690 -0.2096
vn -0.3193 0.9475 -0.0184
vn -0.4076 0.9130 -0.0168
vn -0.3839 0.9229 -0.0300
vn -0.0039 -0.1517 0.9884
vn 0.0654 -0.3072 0.9494
vn 0.0724 -0.2876 0.9550
vn -0.1809 -0.9704 -0.1602
vn -0.1372 -0.9864 -0.0902
vn -0.2042 -0.9789 0.0014
vn -0.2631 -0.9647 -0.0066
vn -0.2755 -0.9296 0.2450
vn -0.2754 -0.9296 0.2449
vn -0.2934 0.9560 0.0047
vn -0.2543 0.9586 -0.1278
vn -0.3022 0.9532 0.0083
vn -0.3665 0.9304 0.0122
vn -0.3431 0.9393 0.0031
vn 0.0206 0.2068 -0.9782
vn -0.1487 0.7454 -0.6498
vn 0.0133 0.3177 -0.9481
vn -0.2991 0.9496 -0.0934
vn -0.2773 0.9551 -0.1042
vn -0.1470 0.9891 -0.0106
vn -0.2464 0.9692 0.0004
vn -0.1634 0.9866 -0.0009
vn -0.3471 0.9377 -0.0138
vn -0.0011 -0.1752 0.9845
vn -0.0060 -0.1266 0.9919
vn -0.0042 -0.1476 0.9890
vn 0.0169 0.2050 -0.9786
vn 0.0207 0.2702 -0.9626
vn -0.3155 0.9489 -0.0075
vn -0.3080 0.9513 0.0107
vn -0.2119 0.9773 0.0006
vn 0.0146 0.1660 -0.9860
vn -0.0561 0.4867 -0.8718
vn -0.2123 0.9206 -0.3276
vn -0.0427 0.3622 -0.9311
vn -0.2632 0.9640 0.0384
vn -0.0404 -0.0680 0.9969
vn -0.0196 0.0276 0.9994
vn -0.2696 0.9629 -0.0099
vn -0.2130 0.9215 -0.3249
vn -0.1985 0.9705 -0.1366
vn -0.0015 -0.1246 0.9922
vn -0.2358 0.9638 -0.1242
vn -0.3097 0.9448 -0.1073
vn -0.2134 0.9219 -0.3235
vn -0.2866 0.9502 -0.1225
vn -0.0637 0.5561 -0.8287
vn -0.2755 -0.8916 0.3595
vn -0.2289 -0.9728 0.0370
vn -0.2288 -0.9728 0.0370
vn -0.0081 -0.1030 0.9946
vn 0.0010 -0.0744 0.9972
vn 0.0138 0.2263 -0.9740
vn 0.0085 0.2033 -0.9791
vn 0.0208 0.2559 -0.9665
vn -0.0032 -0.1588 0.9873
vn -0.0509 0.2031 -0.9778
vn -0.0697 0.2070 -0.9759
vn -0.0391 0.1824 -0.9824
vn -0.0048 0.1475 -0.9890
vn -0.0140 0.1661 -0.9860
vn -0.0297 0.1819 -0.9829
vn 0.0222 -0.1456 0.9891
vn 0.0177 -0.1604 0.9869
vn 0.0209 -0.1440 0.9894
vn 0.9464 -0.0143 -0.3228
vn 0.9363 0.3314 -0.1163
vn 0.9755 0.1666 -0.1434
vn 0.9651 0.2617 0.0085
vn 0.9150 0.3983 -0.0642
vn 0.8882 0.4593 0.0071
vn 0.9346 0.3195 0.1564
vn 0.9780 0.2051 0.0385
vn 0.9105 0.4117 0.0399
vn 0.9859 0.0497 -0.1597
vn -0.1956 -0.4519 0.8704
vn 0.0216 -0.1673 0.9857
vn -0.1021 -0.3928 0.9140
vn -0.0154 0.1263 -0.9919
vn 0.8212 0.5371 0.1929
vn 0.7759 0.6292 -0.0454
vn 0.6555 0.7552 0.0039
vn -0.0049 -0.1575 0.9875
vn 0.0257 -0.1077 0.9939
vn 0.0001 -0.1531 0.9882
vn 0.6814 0.7309 0.0376
vn 0.0363 -0.0982 -0.9945
vn 0.2836 -0.1952 -0.9389
vn 0.3293 -0.1959 -0.9237
vn 0.7091 -0.0689 -0.7018
vn 0.6827 -0.1546 -0.7141
vn 0.9417 0.1205 -0.3140
vn 0.6605 -0.2149 -0.7194
vn 0.0587 -0.0379 -0.9976
vn 0.0256 -0.1470 0.9888
vn 0.5309 0.4043 0.7448
vn 0.4805 0.1086 0.8702
vn 0.6962 0.4529 0.5569
vn 0.9797 0.1566 0.1254
vn 0.7929 0.2617 0.5503
vn 0.8417 0.1099 0.5287
vn 0.4429 -0.0234 0.8963
vn 0.0256 -0.1595 0.9869
vn -0.0259 -0.9980 0.0575
vn -0.1915 -0.9701 0.1490
vn -0.0046 -0.9995 -0.0305
vn -0.2993 -0.9150 0.2705
vn -0.4082 -0.7181 0.5636
vn -0.2992 -0.9150 0.2705
vn -0.1613 -0.9823 -0.0952
vn -0.4442 -0.8862 -0.1315
vn -0.3940 -0.9030 -0.1716
vn -0.3939 -0.9030 -0.1716
vn -0.0362 0.1932 -0.9805
vn -0.1914 -0.9701 0.1490
vn 0.0246 -0.1474 0.9888
vn 0.0264 -0.1757 0.9841
vn 0.0021 0.0121 -0.9999
vn 0.0011 -0.1912 -0.9815
vn -0.0190 -0.0936 -0.9954
vn -0.0075 -0.1600 0.9871
vn 0.0149 0.0756 -0.9970
vn 0.0018 0.1607 -0.9870
vn -0.1792 0.9828 0.0438
vn -0.2429 0.9699 0.0203
vn -0.2392 0.9704 0.0344
vn -0.1785 0.9836 0.0265
vn -0.2334 0.9724 0.0019
vn -0.1720 0.9851 -0.0021
vn -0.2307 0.9730 -0.0003
vn -0.1692 0.9856 -0.0023
vn -0.1695 0.9855 -0.0025
vn -0.1708 0.9853 -0.0054
vn -0.2360 0.9717 -0.0007
vn -0.1709 0.9852 0.0107
vn -0.1672 0.9840 0.0608
vn -0.2492 0.9684 0.0128
vn -0.0017 0.9951 0.0985
vn -0.0054 1.0000 -0.0026
vn -0.0043 0.9985 0.0537
vn -0.0035 0.9999 -0.0100
vn -0.0045 1.0000 -0.0065
vn -0.0027 0.9998 -0.0203
vn -0.0014 1.0000 -0.0042
vn 0.0013 0.9983 0.0590
vn 0.0833 0.9925 0.0890
vn 0.1008 0.9801 0.1713
vn 0.0635 0.9980 -0.0016
vn 0.0597 0.9982 -0.0077
vn 0.0550 0.9984 -0.0129
vn 0.0506 0.9984 -0.0260
vn 0.0446 0.9990 -0.0033
vn 0.0373 0.9967 0.0723
vn 0.0289 0.9459 0.3231
vn -0.0582 0.9849 0.1629
vn -0.1407 0.9900 0.0042
vn -0.1522 0.9883 -0.0035
vn -0.1670 0.9860 0.0015
vn -0.1613 0.9869 -0.0026
vn -0.1887 0.9774 0.0952
vn -0.2150 0.9506 0.2241
vn -0.1400 0.9338 0.3293
vn -0.2710 0.9493 0.1596
vn -0.3671 0.9301 0.0072
vn -0.3687 0.9295 -0.0011
vn -0.3514 0.9359 0.0235
vn -0.3602 0.9329 0.0046
vn -0.3792 0.9111 0.1617
vn -0.4070 0.8585 0.3121
vn 0.1771 0.9839 -0.0257
vn 0.0988 0.9915 -0.0846
vn 0.1806 0.9826 -0.0442
vn 0.0892 0.9960 0.0001
vn 0.0946 0.9944 -0.0466
vn 0.1624 0.9867 0.0029
vn 0.1611 0.9869 0.0007
vn 0.0984 0.9951 0.0064
vn 0.0923 0.9957 0.0041
vn 0.1743 0.9847 0.0044
vn 0.1085 0.9940 0.0106
vn 0.1938 0.9810 0.0082
vn 0.1146 0.9934 0.0013
vn 0.2019 0.9794 0.0080
vn 0.1073 0.9934 -0.0394
vn -0.0550 0.9862 -0.1565
vn -0.0727 0.9974 0.0012
vn -0.0629 0.9942 -0.0874
vn -0.0706 0.9975 0.0029
vn -0.0723 0.9974 0.0040
vn -0.0686 0.9976 0.0039
vn -0.0730 0.9965 -0.0412
vn -0.0852 0.9877 -0.1313
vn -0.1599 0.9871 -0.0015
vn -0.1635 0.9865 0.0030
vn -0.1661 0.9861 -0.0006
vn -0.1695 0.9855 -0.0067
vn -0.1859 0.9786 -0.0887
vn -0.2022 0.9574 -0.2062
vn -0.1419 0.9798 -0.1409
vn -0.1906 0.9817 -0.0053
vn -0.2068 0.9784 0.0017
vn -0.2406 0.9704 -0.0193
vn -0.2943 0.9442 -0.1481
vn -0.3485 0.8895 -0.2957
vn 0.0830 0.9965 -0.0085
vn -0.1577 0.9875 0.0001
vn 0.1248 0.9922 0.0009
vn -0.2565 0.9653 0.0486
vn -0.1563 0.9877 0.0047
vn 0.1302 0.9915 0.0005
vn 0.2060 0.9785 -0.0058
vn -0.1425 0.9898 -0.0002
vn 0.0654 0.9979 0.0006
vn -0.1504 0.9885 0.0157
vn 0.0698 0.9975 0.0142
vn -0.1747 0.9846 0.0036
vn 0.1122 0.9937 -0.0046
vn -0.1697 0.9855 0.0052
vn 0.1159 0.9932 -0.0068
vn 0.0242 -0.3066 0.9515
vn 0.0241 -0.3066 0.9515
vn -0.0069 -0.1253 0.9921
vn -0.0363 0.3711 -0.9279
vn 0.0254 0.1321 -0.9909
vn -0.0715 -0.9739 -0.2153
vn -0.0230 -0.9709 -0.2385
vn -0.2275 -0.9736 0.0204
vn -0.0391 0.1824 -0.9825
vn 0.9680 0.2397 -0.0736
vn 0.9391 -0.1105 -0.3254
vn 0.3599 -0.1962 -0.9121
vn -0.4082 -0.7181 0.5637
vn -0.2237 0.9747 -0.0034
vn 0.1300 0.9915 -0.0020
vn 0.6579 0.5914 -0.4662
vn 0.0170 0.9987 -0.0475
vn 0.1115 0.9900 -0.0867
vn -0.0000 1.0000 -0.0000
vn -0.0227 0.9982 -0.0554
vn -0.6669 -0.0719 -0.7416
vn 0.0519 0.9978 -0.0403
vn -0.0422 0.9937 -0.1034
vn 0.3555 0.8946 -0.2708
vn -0.1410 0.9025 0.4069
vn -0.1515 0.9879 -0.0331
vn 0.1166 0.8950 0.4306
vn 0.0955 0.9300 0.3549
vn 0.1138 0.8935 0.4345
vn -0.0111 0.8464 0.5324
vn 0.0087 0.8505 0.5259
vn -0.0317 0.8504 0.5251
vn -0.1250 0.9276 0.3520
vn -0.0183 0.9469 0.3210
vn -0.0136 0.9469 0.3211
vn 0.0977 0.9292 0.3564
vn -0.0758 0.8633 0.4990
vn -0.0816 0.8654 0.4944
vn -0.1367 0.8894 0.4362
vn -0.1442 0.8932 0.4259
vn 0.0568 0.8662 0.4965
vn 0.0553 0.8656 0.4977
vn -0.1302 0.9256 0.3553
vn 0.0084 0.8505 0.5260
vn -0.0286 0.8498 0.5262
vn -0.3148 0.9492 0.0016
vn -0.2748 0.9614 0.0105
vn -0.3154 0.9490 -0.0006
vn -0.1847 0.9800 0.0741
vn -0.2694 0.9629 0.0176
vn -0.1875 0.9813 0.0447
vn -0.2837 0.9589 -0.0034
vn -0.1820 0.9833 0.0049
vn -0.2324 0.9726 0.0041
vn -0.1806 0.9835 -0.0017
vn -0.1752 0.9845 -0.0062
vn -0.1794 0.9838 -0.0004
vn -0.2907 0.9567 -0.0121
vn -0.1882 0.9818 0.0234
vn -0.3000 0.9538 -0.0195
vn -0.1778 0.9812 0.0756
vn -0.3053 0.9522 -0.0132
vn -0.0399 0.9885 0.1457
vn 0.0117 0.9999 0.0036
vn 0.0163 0.9981 0.0592
vn 0.0090 0.9999 -0.0147
vn 0.0094 0.9999 -0.0059
vn 0.0093 0.9997 -0.0240
vn 0.0079 0.9999 -0.0064
vn 0.0192 0.9993 0.0333
vn -0.0919 0.6284 -0.7725
vn -0.0861 0.6245 -0.7763
vn -0.0620 0.6319 -0.7725
vn 0.0840 0.9957 -0.0387
vn 0.0747 0.9964 -0.0402
vn 0.0535 0.9967 -0.0603
vn 0.0383 0.9967 -0.0720
vn 0.0179 0.9979 -0.0625
vn 0.0723 0.9971 -0.0238
vn 0.0872 0.9947 -0.0546
vn -0.1716 0.5879 -0.7905
vn 0.0052 0.9941 -0.1080
vn -0.1553 0.9873 -0.0332
vn -0.2162 0.9761 0.0235
vn -0.2445 0.9683 0.0508
vn -0.2253 0.9730 0.0498
vn -0.1312 0.9804 0.1471
vn -0.6980 0.0029 0.7161
vn -0.6838 0.0095 0.7296
vn -0.6702 -0.0126 0.7421
vn -0.1948 0.5783 -0.7922
vn -0.1720 0.5875 -0.7907
vn 0.0023 1.0000 -0.0055
vn -0.3815 0.9220 0.0654
vn -0.3439 0.9390 -0.0008
vn -0.5187 0.8538 0.0447
vn -0.3396 0.9404 0.0183
vn -0.5903 0.7544 0.2871
vn 0.1623 0.9867 -0.0057
vn 0.1412 0.9900 0.0007
vn 0.2215 0.9751 -0.0048
vn 0.1784 0.9839 0.0138
vn 0.1548 0.9879 0.0088
vn 0.2368 0.9716 -0.0019
vn 0.2078 0.9780 0.0176
vn 0.2418 0.9703 -0.0026
vn 0.2298 0.9731 0.0158
vn 0.2497 0.9683 0.0008
vn 0.2366 0.9716 -0.0030
vn -0.2800 0.9599 -0.0100
vn -0.3134 0.9492 -0.0268
vn -0.2483 0.9681 -0.0350
vn 0.0826 0.9964 0.0166
vn 0.1353 0.9896 -0.0490
vn 0.0969 0.9951 0.0172
vn 0.1245 0.9919 0.0252
vn 0.1608 0.9860 0.0440
vn 0.1987 0.9784 0.0576
vn 0.0814 0.9944 -0.0669
vn 0.1360 0.9866 -0.0905
vn -0.3857 0.9223 -0.0258
vn -0.3854 0.9222 -0.0330
vn -0.2032 0.9785 0.0359
vn -0.2248 0.9736 -0.0393
vn -0.2098 0.9768 -0.0419
vn -0.2029 0.9710 -0.1264
vn -0.2001 0.9750 -0.0969
vn -0.1816 0.9646 -0.1911
vn -0.4003 0.9163 -0.0120
vn -0.4210 0.8938 -0.1545
vn 0.5227 0.7994 0.2962
vn 0.5235 0.8110 0.2611
vn 0.5455 0.7700 0.3309
vn 0.5535 0.8323 -0.0286
vn 0.5815 0.8126 -0.0386
vn 0.5951 0.8036 -0.0063
vn 0.3240 0.9458 -0.0201
vn 0.5433 0.8382 -0.0470
vn 0.3693 0.9290 -0.0238
vn -0.2724 0.9618 -0.0283
vn -0.1150 0.9933 -0.0046
vn -0.2711 0.9625 0.0026
vn -0.0575 0.9953 0.0783
vn 0.5585 0.7837 0.2716
vn 0.5828 0.7329 0.3509
vn 0.2592 0.9658 -0.0103
vn 0.2225 0.9747 -0.0216
vn 0.2317 0.9722 -0.0339
vn -0.2730 0.9620 0.0099
vn 0.2471 0.9690 -0.0030
vn -0.1752 0.9845 0.0099
vn 0.1929 0.9812 0.0103
vn -0.3029 0.9529 -0.0155
vn 0.0896 0.9959 0.0120
vn -0.3259 0.9454 -0.0004
vn 0.2447 0.9695 -0.0144
vn -0.3248 0.9458 0.0007
vn 0.2843 0.9587 0.0016
vn -0.2950 0.9552 0.0255
vn -0.3307 0.9437 0.0002
vn 0.2948 0.9556 -0.0000
vn 0.2514 0.9679 -0.0042
vn 0.2181 0.9755 0.0297
vn 0.5591 0.6993 0.4453
vn 0.5525 0.6965 0.4578
vn 0.6221 0.7320 0.2778
vn 0.5233 0.8115 0.2601
vn -0.4197 0.8817 -0.2156
vn -0.4173 0.8932 -0.1676
vn -0.3988 0.8748 -0.2750
vn -0.6711 -0.0814 0.7369
vn -0.6423 -0.0471 0.7650
vn -0.7019 -0.0994 0.7053
vn -0.6681 -0.0863 0.7390
vn -0.6663 -0.0149 0.7456
vn -0.6939 -0.0031 0.7201
vn -0.2117 0.5864 -0.7819
vn 0.0859 0.9857 -0.1450
vn 0.2924 0.9563 0.0001
vn 0.6980 -0.0029 -0.7161
vn 0.6702 0.0126 -0.7421
vn 0.6838 -0.0095 -0.7296
vn 0.6423 0.0471 -0.7650
vn 0.6711 0.0814 -0.7369
vn 0.6681 0.0863 -0.7390
vn 0.7019 0.0994 -0.7053
vn 0.6663 0.0149 -0.7456
vn 0.6939 0.0031 -0.7200
vn -0.4765 -0.8358 -0.2727
vn -0.5346 -0.7700 -0.3482
vn -0.5126 -0.8252 -0.2370
vn -0.6040 -0.7136 -0.3548
vn -0.5585 -0.7837 -0.2716
vn -0.5673 -0.6900 -0.4495
vn -0.5525 -0.6965 -0.4578
vn -0.5446 -0.7686 -0.3356
vn -0.6221 -0.7320 -0.2778
vt 0.113991 0.312584
vt 0.084469 0.324858
vt 0.084539 0.312296
vt 0.113672 0.443516
vt 0.084407 0.474276
vt 0.084313 0.443408
vt 0.495833 0.250982
vt 0.466066 0.283672
vt 0.466097 0.250522
vt 0.495803 0.298163
vt 0.465950 0.298281
vt 0.113533 0.250477
vt 0.084171 0.030882
vt 0.113372 0.030647
vt 0.466235 0.030726
vt 0.358555 0.248693
vt 0.358677 0.030477
vt 0.221512 0.248111
vt 0.221462 0.030453
vt 0.084226 0.344899
vt 0.113901 0.325199
vt 0.113620 0.345397
vt 0.358891 0.336434
vt 0.466396 0.325994
vt 0.466513 0.333225
vt 0.221582 0.283039
vt 0.113802 0.298212
vt 0.113597 0.283610
vt 0.358458 0.283213
vt 0.223758 0.302873
vt 0.468277 0.472959
vt 0.359561 0.434370
vt 0.467890 0.430697
vt 0.359724 0.473409
vt 0.222085 0.437308
vt 0.465911 0.308732
vt 0.358691 0.323501
vt 0.358192 0.310341
vt 0.221870 0.327492
vt 0.221803 0.316077
vt 0.449980 0.589251
vt 0.360614 0.615001
vt 0.360023 0.598330
vt 0.222682 0.598885
vt 0.360009 0.572574
vt 0.222364 0.529305
vt 0.359926 0.528820
vt 0.451649 0.555237
vt 0.458900 0.518980
vt 0.113666 0.574149
vt 0.084317 0.530213
vt 0.113706 0.530027
vt 0.498793 0.551821
vt 0.498346 0.517247
vt 0.495813 0.308166
vt 0.498631 0.471573
vt 0.497893 0.429716
vt 0.221908 0.347236
vt 0.495942 0.030794
vt 0.358321 0.297820
vt 0.222545 0.573079
vt 0.084299 0.250953
vt 0.084287 0.283670
vt 0.084399 0.298241
vt 0.222203 0.473924
vt 0.222404 0.615593
vt 0.113552 0.600228
vt 0.113566 0.001048
vt 0.221476 0.001119
vt 0.358685 0.001126
vt 0.466248 0.001169
vt 0.496301 0.332394
vt 0.221919 0.364145
vt 0.496473 0.345977
vt 0.359064 0.356399
vt 0.466724 0.346784
vt 0.084204 0.381628
vt 0.113757 0.474218
vt 0.221987 0.400710
vt 0.113577 0.382101
vt 0.113610 0.412812
vt 0.496982 0.387845
vt 0.467262 0.388659
vt 0.359334 0.395358
vt 0.084243 0.412522
vt 0.499344 0.587626
vt 0.084208 0.574423
vt 0.084034 0.019235
vt 0.092686 0.003519
vt 0.495949 0.020097
vt 0.481064 0.612731
vt 0.451353 0.613240
vt 0.097962 0.614823
vt 0.090771 0.612860
vt 0.085701 0.607522
vt 0.144364 0.987791
vt 0.160545 0.958618
vt 0.161015 0.987846
vt 0.274453 0.958944
vt 0.305531 0.988262
vt 0.274456 0.988180
vt 0.988195 0.468237
vt 0.958526 0.437664
vt 0.988258 0.437132
vt 0.958541 0.481889
vt 0.958458 0.468355
vt 0.183574 0.646787
vt 0.153785 0.865702
vt 0.154576 0.646347
vt 0.179163 0.958488
vt 0.115659 0.957897
vt 0.136590 0.867012
vt 0.140786 0.957768
vt 0.118489 0.866963
vt 0.136870 0.728504
vt 0.362085 0.958874
vt 0.405611 0.988032
vt 0.361647 0.988158
vt 0.185955 0.827918
vt 0.232818 0.864352
vt 0.185668 0.862296
vt 0.217906 0.618784
vt 0.187621 0.637069
vt 0.188225 0.617917
vt 0.260788 0.739282
vt 0.185661 0.780871
vt 0.185592 0.737860
vt 0.958466 0.217693
vt 0.183007 0.866419
vt 0.153768 0.896611
vt 0.182777 0.909645
vt 0.182929 0.897080
vt 0.124415 0.619335
vt 0.118533 0.728505
vt 0.083625 0.618998
vt 0.112702 0.726664
vt 0.083230 0.726651
vt 0.083280 0.864017
vt 0.112690 0.864030
vt 0.083230 0.971693
vt 0.112836 0.971699
vt 0.988260 0.481738
vt 0.958573 0.496415
vt 0.153649 0.909642
vt 0.182550 0.926705
vt 0.153401 0.927531
vt 0.187535 0.641667
vt 0.217306 0.638249
vt 0.217227 0.642907
vt 0.187229 0.654631
vt 0.179439 0.987748
vt 0.213169 0.958656
vt 0.213499 0.987900
vt 0.260742 0.781620
vt 0.305764 0.959025
vt 0.216948 0.655489
vt 0.186206 0.696175
vt 0.261462 0.697760
vt 0.243716 0.958800
vt 0.243877 0.988035
vt 0.185849 0.899128
vt 0.406153 0.958684
vt 0.433318 0.987883
vt 0.183123 0.635269
vt 0.960983 0.197493
vt 0.967910 0.190562
vt 0.988204 0.217629
vt 0.187894 0.915068
vt 0.185592 0.905217
vt 0.204668 0.924770
vt 0.442734 0.960147
vt 0.448034 0.965219
vt 0.449963 0.972392
vt 0.150448 0.773938
vt 0.143232 0.813007
vt 0.143232 0.773938
vt 0.536523 0.651286
vt 0.585252 0.659762
vt 0.536523 0.659762
vt 0.916976 0.278430
vt 0.924770 0.141100
vt 0.924770 0.278430
vt 0.906087 0.143093
vt 0.913728 0.278181
vt 0.906087 0.278181
vt 0.913728 0.384934
vt 0.906087 0.384934
vt 0.916976 0.382458
vt 0.924770 0.382458
vt 0.968939 0.732141
vt 0.960973 0.763638
vt 0.960973 0.732141
vt 0.957897 0.644292
vt 0.950209 0.611923
vt 0.957897 0.611923
vt 0.968939 0.778080
vt 0.968939 0.763638
vt 0.957897 0.597082
vt 0.950209 0.597082
vt 0.150448 0.913474
vt 0.143232 0.927582
vt 0.143232 0.913474
vt 0.401690 0.651287
vt 0.414071 0.659762
vt 0.401690 0.659762
vt 0.957897 0.862810
vt 0.950209 0.644292
vt 0.150448 0.944094
vt 0.150448 0.927582
vt 0.968939 0.792266
vt 0.960973 0.778080
vt 0.434408 0.651287
vt 0.414071 0.651287
vt 0.150448 0.718410
vt 0.143232 0.675091
vt 0.150448 0.675091
vt 0.913728 0.040764
vt 0.913728 0.143093
vt 0.916976 0.141100
vt 0.924770 0.032575
vt 0.968939 0.519506
vt 0.960973 0.519506
vt 0.957897 0.582503
vt 0.950209 0.582503
vt 0.387200 0.651287
vt 0.387200 0.659762
vt 0.143232 0.890299
vt 0.150448 0.890299
vt 0.468266 0.651287
vt 0.434408 0.659762
vt 0.585252 0.651286
vt 0.623267 0.659762
vt 0.143232 0.718410
vt 0.150448 0.851718
vt 0.143232 0.851718
vt 0.150448 0.813007
vt 0.502237 0.659762
vt 0.502237 0.651287
vt 0.468266 0.659762
vt 0.150448 0.643892
vt 0.143232 0.643892
vt 0.650647 0.651286
vt 0.623267 0.651286
vt 0.916976 0.020892
vt 0.916976 0.032575
vt 0.968939 0.508184
vt 0.960973 0.508184
vt 0.968939 0.498900
vt 0.960973 0.498900
vt 0.916976 0.011332
vt 0.924770 0.002047
vt 0.924770 0.011332
vt 0.924770 0.020892
vt 0.916976 0.393249
vt 0.924770 0.393249
vt 0.916976 0.403034
vt 0.924770 0.403034
vt 0.957897 0.893025
vt 0.950210 0.883258
vt 0.957897 0.883258
vt 0.950210 0.873492
vt 0.957897 0.873492
vt 0.950210 0.862810
vt 0.143232 0.638030
vt 0.150448 0.638030
vt 0.143232 0.627372
vt 0.150448 0.627372
vt 0.143232 0.616838
vt 0.150448 0.616838
vt 0.906087 0.011645
vt 0.913728 0.001708
vt 0.913728 0.011645
vt 0.906087 0.040764
vt 0.913728 0.399575
vt 0.906087 0.399575
vt 0.913729 0.406871
vt 0.906087 0.406871
vt 0.906087 0.414076
vt 0.913729 0.414076
vt 0.658381 0.659762
vt 0.650647 0.659762
vt 0.495867 0.283653
vt 0.496217 0.325501
vt 0.112918 0.614897
vt 0.084034 0.600630
vt 0.101800 0.001162
vt 0.086121 0.009983
vt 0.477041 0.001169
vt 0.486499 0.003709
vt 0.493420 0.010637
vt 0.499652 0.592657
vt 0.497605 0.602580
vt 0.490801 0.609928
vt 0.143490 0.958643
vt 0.270530 0.827687
vt 0.140786 0.619258
vt 0.113181 0.618742
vt 0.988262 0.496892
vt 0.235103 0.899367
vt 0.433959 0.958488
vt 0.153401 0.616814
vt 0.164856 0.617163
vt 0.174154 0.619444
vt 0.180758 0.625991
vt 0.977374 0.188022
vt 0.988188 0.188022
vt 0.958449 0.206960
vt 0.234286 0.924481
vt 0.194876 0.922225
vt 0.449679 0.987293
vt 0.143232 0.944094
vt 0.960973 0.792266
vt 0.916976 0.002047
vt 0.950210 0.893025
vt 0.906087 0.001708
vt 0.658381 0.651286
vt 0.515631 0.607396
vt 0.388268 0.648955
vt 0.385938 0.636494
vt 0.001570 0.248118
vt 0.027307 0.269887
vt 0.001570 0.269887
vt 0.892132 0.014961
vt 0.899733 0.001059
vt 0.903065 0.016834
vt 0.027307 0.297929
vt 0.001570 0.404429
vt 0.001570 0.297929
vt 0.027307 0.019134
vt 0.001570 0.002137
vt 0.027307 0.002137
vt 0.643527 0.579203
vt 0.639169 0.602991
vt 0.632136 0.575609
vt 0.280563 0.642112
vt 0.270540 0.667270
vt 0.266060 0.644245
vt 0.043357 0.620148
vt 0.027307 0.653057
vt 0.027307 0.620149
vt 0.001570 0.538980
vt 0.027307 0.538980
vt 0.027307 0.921331
vt 0.001570 0.938573
vt 0.001570 0.921331
vt 0.001570 0.283175
vt 0.027307 0.283175
vt 0.632379 0.263207
vt 0.553875 0.275931
vt 0.553612 0.263101
vt 0.284720 0.664636
vt 0.027307 0.404429
vt 0.001570 0.019134
vt 0.027307 0.098159
vt 0.001570 0.098159
vt 0.027307 0.842306
vt 0.001570 0.842306
vt 0.043357 0.538980
vt 0.001570 0.620148
vt 0.043357 0.297929
vt 0.043357 0.842306
vt 0.027307 0.692347
vt 0.043357 0.670578
vt 0.043357 0.692347
vt 0.043357 0.269887
vt 0.027307 0.248118
vt 0.043357 0.248118
vt 0.043357 0.404429
vt 0.027307 0.670578
vt 0.043357 0.653057
vt 0.027307 0.179341
vt 0.043357 0.283175
vt 0.001570 0.670578
vt 0.001570 0.653057
vt 0.001570 0.692347
vt 0.256556 0.653468
vt 0.611746 0.612758
vt 0.602581 0.580941
vt 0.043357 0.098159
vt 0.043357 0.179341
vt 0.027307 0.761124
vt 0.043357 0.761124
vt 0.001570 0.761124
vt 0.001570 0.179341
vt 0.047154 0.852807
vt 0.060520 0.865318
vt 0.052377 0.865420
vt 0.060520 0.781684
vt 0.080055 0.852808
vt 0.060520 0.852807
vt 0.060520 0.079805
vt 0.080055 0.008681
vt 0.080055 0.079805
vt 0.060520 0.593774
vt 0.047154 0.564429
vt 0.060520 0.564429
vt 0.080055 0.372066
vt 0.060520 0.492048
vt 0.060520 0.372066
vt 0.060520 0.263940
vt 0.080055 0.277096
vt 0.060520 0.277096
vt 0.080055 0.564429
vt 0.080055 0.001676
vt 0.060520 0.008681
vt 0.060520 0.001676
vt 0.047154 0.781684
vt 0.047154 0.263940
vt 0.047154 0.492049
vt 0.047154 0.372066
vt 0.060520 0.150387
vt 0.047154 0.224267
vt 0.047154 0.150387
vt 0.047154 0.277096
vt 0.060520 0.637221
vt 0.047154 0.621875
vt 0.060520 0.621875
vt 0.047154 0.609398
vt 0.060520 0.609398
vt 0.047154 0.593774
vt 0.080055 0.609398
vt 0.080055 0.637221
vt 0.060520 0.224267
vt 0.047154 0.239613
vt 0.060520 0.239613
vt 0.047154 0.252090
vt 0.080055 0.263940
vt 0.060520 0.252090
vt 0.080055 0.252090
vt 0.080055 0.239613
vt 0.080055 0.224267
vt 0.935411 0.452605
vt 0.934097 0.521642
vt 0.923539 0.451638
vt 0.939206 0.319641
vt 0.932923 0.318979
vt 0.957442 0.566316
vt 0.945033 0.566184
vt 0.934696 0.553016
vt 0.946546 0.214684
vt 0.949659 0.194226
vt 0.956858 0.202424
vt 0.946554 0.201995
vt 0.080055 0.865318
vt 0.956750 0.527858
vt 0.956910 0.216125
vt 0.047154 0.079805
vt 0.047154 0.008681
vt 0.060520 0.711102
vt 0.047154 0.637221
vt 0.047154 0.711101
vt 0.080055 0.150387
vt 0.080055 0.711101
vt 0.080055 0.781684
vt 0.903375 0.362125
vt 0.887685 0.278727
vt 0.903570 0.277811
vt 0.888657 0.362799
vt 0.871180 0.279488
vt 0.872548 0.362532
vt 0.766120 0.286650
vt 0.633303 0.358979
vt 0.766895 0.366602
vt 0.553604 0.356129
vt 0.632930 0.276877
vt 0.517987 0.353298
vt 0.502987 0.350098
vt 0.515461 0.275519
vt 0.903172 0.446638
vt 0.874123 0.444854
vt 0.889783 0.446458
vt 0.633907 0.439853
vt 0.767858 0.445910
vt 0.553663 0.434833
vt 0.520875 0.429420
vt 0.503569 0.422625
vt 0.891073 0.532565
vt 0.904047 0.532602
vt 0.875471 0.530473
vt 0.767736 0.529201
vt 0.632396 0.525626
vt 0.550681 0.519056
vt 0.520157 0.511343
vt 0.500087 0.501271
vt 0.899142 0.544831
vt 0.887679 0.546397
vt 0.873004 0.545190
vt 0.766067 0.544556
vt 0.550410 0.536944
vt 0.631431 0.542610
vt 0.521563 0.529902
vt 0.501944 0.520665
vt 0.891796 0.551633
vt 0.882473 0.554268
vt 0.869779 0.554221
vt 0.764814 0.553713
vt 0.552627 0.550631
vt 0.631871 0.554862
vt 0.525975 0.545136
vt 0.506795 0.537797
vt 0.887729 0.247877
vt 0.903801 0.168682
vt 0.903587 0.248792
vt 0.872944 0.168396
vt 0.889089 0.168160
vt 0.766202 0.239731
vt 0.871244 0.247076
vt 0.633562 0.170964
vt 0.767231 0.163886
vt 0.632974 0.248849
vt 0.553844 0.173480
vt 0.553915 0.249553
vt 0.518246 0.176097
vt 0.515498 0.249826
vt 0.503270 0.179401
vt 0.904067 0.084626
vt 0.874830 0.085917
vt 0.890525 0.084400
vt 0.634490 0.089991
vt 0.768511 0.084484
vt 0.554212 0.094727
vt 0.521479 0.100114
vt 0.504078 0.106597
vt 0.876564 0.015782
vt 0.768838 0.015832
vt 0.633475 0.016735
vt 0.551717 0.021737
vt 0.521128 0.028203
vt 0.500087 0.036179
vt 0.883817 0.004050
vt 0.870965 0.003882
vt 0.765862 0.002936
vt 0.553845 0.006318
vt 0.527236 0.011563
vt 0.507659 0.018113
vt 0.515032 0.263047
vt 0.502799 0.275401
vt 0.502829 0.263037
vt 0.502824 0.249931
vt 0.765340 0.263524
vt 0.870163 0.263594
vt 0.886468 0.263621
vt 0.902254 0.263638
vt 0.043873 0.001350
vt 0.044168 0.002379
vt 0.043357 0.019134
vt 0.027307 0.938573
vt 0.043357 0.921331
vt 0.042519 0.937650
vt 0.656235 0.594377
vt 0.672184 0.673564
vt 0.047353 0.001497
vt 0.048227 0.001434
vt 0.519804 0.629628
vt 0.256427 0.673564
vt 0.047073 0.865327
vt 0.080055 0.492049
vt 0.080055 0.593774
vt 0.080055 0.621875
vt 0.957897 0.579707
vt 0.957896 0.190071
vt 0.633051 0.002477
vt 0.043797 0.931781
vt 0.999152 0.024595
vt 0.969338 0.001949
vt 0.998717 0.000712
vt 0.949863 0.103371
vt 0.999122 0.141283
vt 0.983011 0.154637
vt 0.939598 0.003493
vt 0.955871 0.002649
vt 0.999304 0.154411
vt 0.932903 0.101831
vt 0.945312 0.155516
vt 0.927812 0.155969
vt 0.999304 0.107500
vt 0.978840 0.796483
vt 0.999283 0.813423
vt 0.999267 0.831200
vt 0.982947 0.796486
vt 0.999298 0.796501
vt 0.981755 0.986606
vt 0.998871 0.915158
vt 0.998532 0.986882
vt 0.972452 0.894534
vt 0.999304 0.883893
vt 0.999269 0.894914
vt 0.970941 0.864047
vt 0.961927 0.872424
vt 0.961857 0.863916
vt 0.975980 0.986284
vt 0.973170 0.913074
vt 0.960167 0.985399
vt 0.961472 0.845576
vt 0.965892 0.796472
vt 0.969580 0.845596
vt 0.971657 0.872628
vt 0.999266 0.877478
vt 0.972071 0.879284
vt 0.972287 0.885940
vt 0.961945 0.885637
vt 0.961948 0.879030
vt 0.961906 0.894159
vt 0.998949 0.850447
vt 0.970251 0.854812
vt 0.999037 0.859848
vt 0.961694 0.854752
vt 0.961634 0.912492
vt 0.972790 0.903795
vt 0.961795 0.903321
vt 0.998993 0.904061
vt 0.999119 0.871033
vt 0.998965 0.913194
vt 0.960167 0.796467
vt 0.999260 0.841143
vt 0.280471 0.956289
vt 0.294962 0.940724
vt 0.296163 0.956309
vt 0.279343 0.857371
vt 0.279154 0.941639
vt 0.294013 0.856694
vt 0.311385 0.939982
vt 0.310066 0.856965
vt 0.416132 0.932970
vt 0.548378 0.860328
vt 0.415308 0.852941
vt 0.627719 0.863021
vt 0.548907 0.942381
vt 0.663190 0.865771
vt 0.627592 0.943178
vt 0.678134 0.868914
vt 0.665838 0.943532
vt 0.279443 0.773158
vt 0.308527 0.774937
vt 0.292951 0.773330
vt 0.547654 0.779765
vt 0.414302 0.773872
vt 0.627489 0.784633
vt 0.660153 0.789902
vt 0.680154 0.796620
vt 0.278454 0.690024
vt 0.291189 0.687823
vt 0.307173 0.689473
vt 0.414401 0.690648
vt 0.549141 0.694138
vt 0.629794 0.695734
vt 0.659991 0.704441
vt 0.681846 0.726264
vt 0.280818 0.677557
vt 0.292530 0.673758
vt 0.309360 0.674689
vt 0.416051 0.675286
vt 0.630154 0.677947
vt 0.550106 0.677128
vt 0.639763 0.678779
vt 0.679175 0.694171
vt 0.286618 0.669022
vt 0.296235 0.664584
vt 0.312726 0.665298
vt 0.417442 0.664878
vt 0.628189 0.664204
vt 0.549661 0.664898
vt 0.707093 0.821225
vt 0.777388 0.928506
vt 0.698476 0.925895
vt 0.777325 0.689547
vt 0.783077 0.823043
vt 0.699151 0.688251
vt 0.775548 0.609929
vt 0.699175 0.609303
vt 0.773306 0.574355
vt 0.699258 0.570949
vt 0.770076 0.559367
vt 0.936019 0.689783
vt 0.872041 0.823557
vt 0.847935 0.691640
vt 0.885403 0.929053
vt 0.777442 0.944604
vt 0.832104 0.612797
vt 0.824278 0.577489
vt 0.889002 0.944424
vt 0.776815 0.959277
vt 0.936761 0.824256
vt 0.938181 0.610090
vt 0.924355 0.577346
vt 0.914116 0.554638
vt 0.820359 0.559532
vt 0.936535 0.930933
vt 0.927766 0.561645
vt 0.932567 0.582145
vt 0.937074 0.945281
vt 0.948235 0.952536
vt 0.939154 0.956925
vt 0.946860 0.941043
vt 0.947011 0.927974
vt 0.947190 0.822798
vt 0.945451 0.610655
vt 0.948235 0.690359
vt 0.935813 0.596136
vt 0.935415 0.565565
vt 0.939925 0.584891
vt 0.681142 0.956650
vt 0.697487 0.942357
vt 0.696409 0.958185
vt 0.312365 0.956333
vt 0.681357 0.940902
vt 0.416936 0.956299
vt 0.681563 0.924598
vt 0.549507 0.956516
vt 0.683408 0.820095
vt 0.627873 0.956516
vt 0.684344 0.687518
vt 0.666282 0.956512
vt 0.685187 0.608873
vt 0.678447 0.943623
vt 0.678440 0.956516
vt 0.685579 0.570360
vt 0.699261 0.558302
vt 0.919270 0.555709
vt 0.890478 0.957873
vt 0.664027 0.673005
vt 0.653720 0.668947
vt 0.671701 0.678321
vt 0.676744 0.686234
vt 0.685708 0.558171
s 1
usemtl stalker_survival_guide_open
f 740/666/573 1285/667/574 1288/668/575
f 763/669/576 1269/670/577 1299/671/578
f 1278/672/579 716/673/580 714/674/581
f 716/673/580 1281/675/582 717/676/583
f 726/677/584 1294/678/585 734/679/586
f 733/680/587 698/681/588 731/682/589
f 731/682/589 697/683/590 732/684/591
f 1284/685/592 727/686/593 725/687/594
f 703/688/595 715/689/596 718/690/597
f 700/691/598 724/692/599 723/693/600
f 699/694/601 702/695/602 700/691/598
f 726/677/584 700/691/598 723/693/600
f 698/681/588 700/691/598 697/683/590
f 712/696/603 757/697/604 761/698/605
f 695/699/606 759/700/607 757/697/604
f 739/701/608 706/702/609 737/703/610
f 737/703/610 705/704/611 738/705/612
f 768/706/613 694/707/614 766/708/615
f 694/707/614 767/709/616 766/708/615
f 709/710/617 749/711/618 748/712/619
f 719/713/620 748/712/619 751/714/621
f 728/715/622 1268/716/623 752/717/624
f 1291/718/625 751/714/621 1290/719/626
f 735/720/627 715/689/596 739/701/608
f 1267/721/628 761/698/605 1266/722/629
f 725/687/594 705/704/611 704/723/630
f 729/724/631 714/674/581 733/680/587
f 699/694/601 717/676/583 701/725/632
f 714/674/581 699/694/601 698/681/588
f 710/726/633 752/717/624 749/711/618
f 1277/727/634 723/693/600 1276/728/635
f 723/693/600 1280/729/636 1276/728/635
f 697/683/590 734/679/586 732/684/591
f 703/688/595 705/704/611 706/702/609
f 696/730/637 763/669/576 759/700/607
f 738/705/612 727/686/593 740/666/573
f 693/731/638 769/732/639 767/709/616
f 732/684/591 1293/733/640 1271/734/641
f 731/682/589 1271/734/641 1270/735/642
f 1275/736/643 731/682/589 1270/735/642
f 738/705/612 724/692/599 702/695/602
f 735/720/627 717/676/583 1281/675/582
f 737/703/610 702/695/602 701/725/632
f 739/701/608 701/725/632 717/676/583
f 724/692/599 1288/668/575 1280/729/636
f 715/689/596 1283/737/644 718/690/597
f 744/738/645 725/687/594 704/723/630
f 1295/739/646 718/690/597 1283/737/644
f 743/740/647 704/723/630 703/688/595
f 745/741/648 703/688/595 718/690/597
f 725/687/594 1289/742/649 1284/685/592
f 749/711/618 721/743/650 696/730/637
f 1290/719/626 712/696/603 1267/721/628
f 752/717/624 1269/670/577 721/743/650
f 751/714/621 695/699/606 712/696/603
f 748/712/619 696/730/637 695/699/606
f 760/744/651 746/745/652 744/738/645
f 759/700/607 764/746/653 760/744/651
f 1298/747/654 745/741/648 1295/739/646
f 1266/722/629 762/748/655 1298/747/654
f 758/749/656 744/738/645 743/740/647
f 757/697/604 760/744/651 758/749/656
f 762/748/655 743/740/647 745/741/648
f 761/698/605 758/749/656 762/748/655
f 746/745/652 1296/750/657 1289/742/649
f 764/746/653 1299/671/578 1296/750/657
f 767/709/616 728/715/622 710/726/633
f 1300/751/658 719/713/620 1291/718/625
f 766/708/615 710/726/633 709/710/617
f 768/706/613 709/710/617 719/713/620
f 769/732/639 1297/752/659 728/715/622
f 734/679/586 1303/753/660 1305/754/661
f 774/755/662 729/724/631 733/680/587
f 1313/756/663 1292/757/664 768/706/613
f 783/758/665 1315/759/665 1316/760/665
f 831/761/666 1336/762/667 820/763/667
f 1350/764/668 814/765/669 846/766/668
f 809/767/670 1329/768/671 807/769/672
f 809/767/670 1332/770/673 1330/771/674
f 823/772/675 819/773/676 827/774/677
f 1335/775/678 820/763/667 1336/762/667
f 851/776/679 1324/777/680 1343/778/681
f 849/779/682 1323/780/683 1324/777/680
f 836/781/684 821/782/685 839/783/686
f 1341/784/687 812/785/688 1342/786/689
f 830/787/690 799/788/691 1338/789/692
f 844/790/693 1318/791/694 1317/792/695
f 1337/793/696 807/769/672 1329/768/671
f 790/794/697 816/795/698 819/773/676
f 1331/796/699 816/795/698 792/797/698
f 852/798/700 1323/780/683 850/799/683
f 1344/800/701 825/801/702 786/802/702
f 787/803/703 825/801/702 824/804/703
f 806/805/704 824/804/703 826/806/705
f 810/807/673 1338/808/692 1332/770/673
f 817/809/699 1339/810/706 831/811/666
f 798/812/707 808/813/708 811/814/709
f 811/814/709 1346/815/710 798/812/707
f 818/816/711 1340/817/712 835/818/712
f 805/819/694 1341/784/687 1318/791/694
f 1320/820/713 839/783/686 814/765/669
f 834/821/710 1349/822/714 1346/815/710
f 845/823/714 1317/792/695 1349/822/714
f 835/818/712 1347/824/715 847/825/716
f 847/825/716 1350/764/668 846/766/668
f 812/785/688 1351/826/717 1342/786/689
f 1348/827/718 852/828/700 821/782/685
f 1354/829/719 823/772/675 827/774/677
f 1359/830/720 860/831/720 826/832/705
f 1362/833/721 1361/834/722 862/835/722
f 1367/836/723 1366/837/723 1365/838/723
f 682/839/724 841/840/725 789/841/726
f 681/842/727 1319/843/728 788/844/727
f 680/845/729 1322/846/730 1321/847/729
f 1273/848/731 800/849/732 1272/850/733
f 1272/850/733 815/851/734 1274/852/735
f 713/853/736 1321/847/729 1326/854/737
f 683/855/738 1327/856/739 1328/857/738
f 689/858/740 797/859/741 1279/860/741
f 684/861/742 1327/856/739 685/862/743
f 688/863/744 797/859/741 795/864/745
f 691/865/746 1333/866/747 1334/867/748
f 686/868/749 794/869/750 793/870/751
f 1286/871/752 796/872/753 689/858/740
f 1287/873/754 1333/866/747 692/874/755
f 736/875/756 791/876/757 684/861/742
f 742/877/758 794/869/750 687/878/759
f 750/879/760 803/880/761 708/881/762
f 1273/848/731 804/882/763 801/883/731
f 679/884/730 813/885/764 1322/846/730
f 730/886/765 1328/857/738 1345/887/765
f 1287/888/754 795/864/745 828/889/754
f 736/890/756 793/870/751 829/891/766
f 691/865/746 832/892/767 741/893/767
f 756/894/768 833/895/758 742/877/758
f 747/896/769 802/897/770 1319/843/728
f 682/839/724 837/898/760 750/879/760
f 753/899/771 832/892/767 840/900/772
f 753/899/771 841/840/725 754/901/773
f 681/842/727 842/902/774 755/903/774
f 756/894/768 842/902/774 843/904/775
f 765/905/776 803/880/761 848/906/776
f 782/907/777 802/897/770 707/908/770
f 1302/909/778 813/885/764 720/910/764
f 770/911/779 1345/887/765 853/912/780
f 772/913/781 853/912/780 1355/914/782
f 773/915/783 1355/916/782 1356/917/784
f 773/915/783 854/918/785 1302/909/778
f 775/919/786 1326/854/737 1357/920/787
f 777/921/788 1357/920/787 1358/922/789
f 777/923/788 859/924/790 1308/925/791
f 1308/925/791 857/926/792 1309/927/793
f 1286/871/752 857/926/792 822/928/752
f 765/905/776 861/929/794 1310/930/794
f 1310/930/794 863/931/795 1311/932/796
f 1311/932/796 864/933/797 1312/934/797
f 779/935/798 864/936/797 1364/937/799
f 711/938/763 1364/937/799 804/882/763
f 1274/852/735 866/939/800 1314/940/801
f 1314/940/801 868/941/802 785/942/803
f 784/943/804 868/941/802 867/944/804
f 782/907/777 867/945/804 865/946/777
f 740/666/573 727/686/593 1285/667/574
f 763/669/576 721/743/650 1269/670/577
f 1278/672/579 690/947/805 716/673/580
f 716/673/580 690/947/805 1281/675/582
f 726/677/584 1277/727/634 1294/678/585
f 733/680/587 714/674/581 698/681/588
f 731/682/589 698/681/588 697/683/590
f 1284/685/592 1285/667/574 727/686/593
f 703/688/595 706/702/609 715/689/596
f 700/691/598 702/695/602 724/692/599
f 699/694/601 701/725/632 702/695/602
f 726/677/584 697/683/590 700/691/598
f 698/681/588 699/694/601 700/691/598
f 712/696/603 695/699/606 757/697/604
f 695/699/606 696/730/637 759/700/607
f 739/701/608 715/689/596 706/702/609
f 737/703/610 706/702/609 705/704/611
f 768/706/613 1292/757/664 694/707/614
f 694/707/614 693/731/638 767/709/616
f 709/710/617 710/726/633 749/711/618
f 719/713/620 709/710/617 748/712/619
f 728/715/622 1297/752/659 1268/716/623
f 1291/718/625 719/713/620 751/714/621
f 735/720/627 1282/948/806 715/689/596
f 1267/721/628 712/696/603 761/698/605
f 725/687/594 727/686/593 705/704/611
f 729/724/631 1278/672/579 714/674/581
f 699/694/601 716/673/580 717/676/583
f 714/674/581 716/673/580 699/694/601
f 710/726/633 728/715/622 752/717/624
f 1277/727/634 726/677/584 723/693/600
f 723/693/600 724/692/599 1280/729/636
f 697/683/590 726/677/584 734/679/586
f 703/688/595 704/723/630 705/704/611
f 696/730/637 721/743/650 763/669/576
f 738/705/612 705/704/611 727/686/593
f 693/731/638 722/949/807 769/732/639
f 732/684/591 734/679/586 1293/733/640
f 731/682/589 732/684/591 1271/734/641
f 1275/736/643 733/680/587 731/682/589
f 738/705/612 740/666/573 724/692/599
f 735/720/627 739/701/608 717/676/583
f 737/703/610 738/705/612 702/695/602
f 739/701/608 737/703/610 701/725/632
f 724/692/599 740/666/573 1288/668/575
f 715/689/596 1282/948/806 1283/737/644
f 744/738/645 746/745/652 725/687/594
f 1295/739/646 745/741/648 718/690/597
f 743/740/647 744/738/645 704/723/630
f 745/741/648 743/740/647 703/688/595
f 725/687/594 746/745/652 1289/742/649
f 749/711/618 752/717/624 721/743/650
f 1290/719/626 751/714/621 712/696/603
f 752/717/624 1268/716/623 1269/670/577
f 751/714/621 748/712/619 695/699/606
f 748/712/619 749/711/618 696/730/637
f 760/744/651 764/746/653 746/745/652
f 759/700/607 763/669/576 764/746/653
f 1298/747/654 762/748/655 745/741/648
f 1266/722/629 761/698/605 762/748/655
f 758/749/656 760/744/651 744/738/645
f 757/697/604 759/700/607 760/744/651
f 762/748/655 758/749/656 743/740/647
f 761/698/605 757/697/604 758/749/656
f 746/745/652 764/746/653 1296/750/657
f 764/746/653 763/669/576 1299/671/578
f 767/709/616 769/732/639 728/715/622
f 1300/751/658 768/706/613 719/713/620
f 766/708/615 767/709/616 710/726/633
f 768/706/613 766/708/615 709/710/617
f 769/732/639 1301/950/808 1297/752/659
f 771/951/809 1293/733/640 734/679/586
f 734/679/586 1294/678/585 1303/753/660
f 1303/753/660 1304/952/661 1305/754/661
f 1305/754/661 771/951/809 734/679/586
f 1275/736/643 1306/953/662 733/680/587
f 1306/953/662 1307/954/662 733/680/587
f 1307/954/662 776/955/662 733/680/587
f 776/955/662 774/755/662 733/680/587
f 768/706/613 1300/751/658 1313/756/663
f 1300/751/658 778/956/663 1313/756/663
f 778/956/663 780/957/663 781/958/663
f 781/958/663 1313/756/663 778/956/663
f 1301/950/808 769/732/639 783/758/665
f 769/732/639 722/949/807 783/758/665
f 1301/950/808 783/758/665 1316/760/665
f 831/761/666 1339/959/706 1336/762/667
f 1350/764/668 1320/820/713 814/765/669
f 809/767/670 1330/771/674 1329/768/671
f 809/767/670 810/807/673 1332/770/673
f 823/772/675 790/794/697 819/773/676
f 1335/775/678 818/816/711 820/763/667
f 851/776/679 849/779/682 1324/777/680
f 849/779/682 850/799/683 1323/780/683
f 836/781/684 1348/827/718 821/782/685
f 1341/784/687 838/960/810 812/785/688
f 830/787/690 808/813/708 799/788/691
f 844/790/693 805/819/694 1318/791/694
f 1337/793/696 826/832/705 807/769/672
f 790/794/697 792/797/698 816/795/698
f 1331/796/699 817/809/699 816/795/698
f 852/798/700 1325/961/811 1323/780/683
f 1344/800/701 827/962/677 825/801/702
f 787/803/703 786/802/702 825/801/702
f 806/805/704 787/803/703 824/804/703
f 810/807/673 830/963/690 1338/808/692
f 817/809/699 1331/796/699 1339/810/706
f 798/812/707 799/788/691 808/813/708
f 811/814/709 834/821/710 1346/815/710
f 818/816/711 1335/775/678 1340/817/712
f 805/819/694 838/960/810 1341/784/687
f 1320/820/713 836/781/684 839/783/686
f 834/821/710 845/823/714 1349/822/714
f 845/823/714 844/790/693 1317/792/695
f 835/818/712 1340/817/712 1347/824/715
f 847/825/716 1347/824/715 1350/764/668
f 812/785/688 851/964/679 1351/826/717
f 1348/827/718 1352/965/812 852/828/700
f 827/774/677 1344/966/701 1353/967/813
f 1353/967/813 856/968/719 827/774/677
f 856/968/719 855/969/719 827/774/677
f 855/969/719 1354/829/719 827/774/677
f 860/831/720 858/970/720 826/832/705
f 858/970/720 806/971/704 826/832/705
f 826/832/705 1337/793/696 1360/972/720
f 1359/830/720 826/832/705 1360/972/720
f 1361/834/722 1351/826/717 862/835/722
f 1351/826/717 851/964/679 862/835/722
f 851/964/679 1343/973/681 862/835/722
f 862/835/722 1363/974/721 1362/833/721
f 1325/975/811 852/828/700 1365/838/723
f 852/828/700 1352/965/812 1365/838/723
f 1365/838/723 1352/965/812 1367/836/723
f 682/839/724 754/901/773 841/840/725
f 681/842/727 747/896/769 1319/843/728
f 680/845/729 679/884/730 1322/846/730
f 1273/848/731 801/883/731 800/849/732
f 1272/850/733 800/849/732 815/851/734
f 713/853/736 680/845/729 1321/847/729
f 683/855/738 685/862/743 1327/856/739
f 689/858/740 796/872/753 797/859/741
f 684/861/742 791/876/757 1327/856/739
f 688/863/744 1279/860/741 797/859/741
f 691/865/746 692/874/755 1333/866/747
f 686/868/749 687/878/759 794/869/750
f 1286/871/752 822/928/752 796/872/753
f 1287/873/754 828/976/754 1333/866/747
f 736/875/756 829/977/766 791/876/757
f 742/877/758 833/895/758 794/869/750
f 750/879/760 837/898/760 803/880/761
f 1273/848/731 711/938/763 804/882/763
f 679/884/730 720/910/764 813/885/764
f 730/886/765 683/855/738 1328/857/738
f 1287/888/754 688/863/744 795/864/745
f 736/890/756 686/868/749 793/870/751
f 691/865/746 1334/867/748 832/892/767
f 756/894/768 843/904/775 833/895/758
f 747/896/769 707/908/770 802/897/770
f 682/839/724 789/841/726 837/898/760
f 753/899/771 741/893/767 832/892/767
f 753/899/771 840/900/772 841/840/725
f 681/842/727 788/844/727 842/902/774
f 756/894/768 755/903/774 842/902/774
f 765/905/776 708/881/762 803/880/761
f 782/907/777 865/946/777 802/897/770
f 1302/909/778 854/918/785 813/885/764
f 770/911/779 730/886/765 1345/887/765
f 772/913/781 770/911/779 853/912/780
f 773/915/783 772/978/781 1355/916/782
f 773/915/783 1356/917/784 854/918/785
f 775/919/786 713/853/736 1326/854/737
f 777/921/788 775/919/786 1357/920/787
f 777/923/788 1358/979/789 859/924/790
f 1308/925/791 859/924/790 857/926/792
f 1286/871/752 1309/927/793 857/926/792
f 765/905/776 848/906/776 861/929/794
f 1310/930/794 861/929/794 863/931/795
f 1311/932/796 863/931/795 864/933/797
f 779/935/798 1312/980/797 864/936/797
f 711/938/763 779/935/798 1364/937/799
f 1274/852/735 815/851/734 866/939/800
f 1314/940/801 866/939/800 868/941/802
f 784/943/804 785/942/803 868/941/802
f 782/907/777 784/981/804 867/945/804
f 1368/982/814 883/983/815 1369/984/815
f 1391/985/816 912/986/817 1389/987/818
f 1024/988/819 1382/989/820 1383/990/821
f 889/991/822 872/992/823 1371/993/824
f 896/994/825 875/995/826 890/996/827
f 903/997/828 913/998/829 902/999/830
f 869/1000/831 914/1001/832 907/1002/833
f 1374/1003/834 904/1004/835 895/1005/836
f 895/1005/836 871/1006/837 894/1007/838
f 897/1008/839 874/1009/840 876/1010/841
f 889/991/822 1390/1011/842 911/1012/843
f 1425/1013/844 1011/1014/845 1424/1015/846
f 1369/984/815 885/1016/831 869/1000/831
f 894/1007/838 872/992/823 887/1017/847
f 877/1018/848 926/1019/849 924/1020/850
f 921/1021/851 876/1010/841 915/1022/852
f 1375/1023/853 895/1005/836 894/1007/838
f 904/1004/835 873/1024/854 895/1005/836
f 911/1012/843 1377/1025/855 889/991/822
f 887/1017/847 1375/1023/853 894/1007/838
f 1393/1026/856 897/1008/839 921/1021/851
f 905/1027/857 1379/1028/858 1378/1029/859
f 900/1030/860 910/1031/861 899/1032/862
f 889/991/822 1376/1033/863 887/1017/847
f 906/1034/864 1380/1035/865 1379/1028/858
f 925/1036/866 899/1032/862 910/1031/861
f 1384/1037/867 912/986/817 900/1030/860
f 1388/987/868 911/1012/843 1390/1011/842
f 904/1004/835 1387/1038/869 1386/1039/870
f 906/1034/864 1373/1040/871 1387/1038/869
f 914/1001/832 909/1041/872 907/1002/833
f 902/999/830 870/1042/873 1370/1043/874
f 896/994/825 919/1044/875 926/1019/849
f 926/1019/849 920/1045/876 925/1036/866
f 1378/1029/859 922/1046/877 905/1027/857
f 1381/1047/878 921/1021/851 922/1046/877
f 905/1027/857 1372/1048/879 1373/1040/871
f 922/1046/877 915/1022/852 1372/1048/879
f 923/1049/880 910/1031/861 1391/985/816
f 924/1020/850 925/1036/866 923/1049/880
f 1420/1050/881 936/1051/882 1045/1052/883
f 981/1053/884 934/1054/885 948/1055/886
f 988/1056/887 935/1057/888 986/1058/889
f 954/1059/890 1400/1060/891 944/1061/892
f 930/1062/893 942/1063/894 937/1064/895
f 967/1065/896 928/1066/897 939/1067/898
f 942/1063/894 931/1068/899 944/1061/892
f 939/1067/898 930/1062/893 937/1064/895
f 933/1069/900 946/1070/901 941/1071/902
f 948/1055/886 1421/1072/903 981/1053/884
f 939/1067/898 1415/1073/904 967/1065/896
f 931/1068/899 954/1059/890 944/1061/892
f 944/1061/892 1401/1074/905 942/1063/894
f 937/1064/895 1401/1074/905 1402/1075/906
f 987/1076/907 1413/1077/908 1419/1078/909
f 937/1064/895 1403/1079/910 939/1067/898
f 955/1080/911 1405/1081/912 957/1082/913
f 957/1082/913 1406/1083/914 956/1084/915
f 956/1084/915 959/1085/916 954/1059/890
f 954/1059/890 953/1086/917 956/1084/915
f 953/1086/917 957/1082/913 956/1084/915
f 957/1082/913 950/1087/918 955/1080/911
f 966/1088/919 1412/1089/920 1413/1077/908
f 968/1090/921 1414/1091/922 1412/1089/920
f 1414/1091/922 967/1065/896 1415/1073/904
f 1417/1092/923 969/1093/924 1416/1094/925
f 969/1093/924 1418/1095/926 1416/1094/925
f 968/1090/921 963/1096/927 1418/1095/926
f 975/1097/928 1398/1098/929 1396/1099/928
f 974/1100/930 1396/1099/928 1397/1101/930
f 977/1102/931 1409/1103/932 951/1104/933
f 1399/1105/934 974/1100/930 1397/1101/930
f 964/1106/935 978/1107/936 962/1108/937
f 948/1055/886 932/1109/938 936/1051/882
f 976/1110/939 951/1104/933 1398/1098/929
f 1399/1105/934 978/1107/936 927/1111/934
f 946/1070/901 1423/1112/940 1422/1113/941
f 988/1056/887 1419/1078/909 1423/1112/940
f 982/1114/942 1404/1115/943 955/1080/911
f 981/1053/884 1411/1116/944 982/1114/942
f 966/1088/919 985/1117/945 963/1096/927
f 987/1076/907 986/1058/889 985/1117/945
f 955/1080/911 980/1118/946 982/1114/942
f 982/1114/942 979/1119/947 981/1053/884
f 989/1120/948 991/1121/949 947/1122/950
f 992/1123/951 996/1124/952 991/1121/949
f 997/1125/953 1001/1126/954 996/1124/952
f 1007/1127/955 1001/1126/954 1002/1128/956
f 1012/1129/957 1006/1130/958 1007/1127/955
f 1017/1131/959 1011/1014/845 1012/1129/957
f 983/1132/960 1016/1133/961 1017/1131/959
f 990/1134/962 992/1123/951 989/1120/948
f 998/1135/963 992/1123/951 993/1136/964
f 998/1135/963 1002/1128/956 997/1125/953
f 1008/1137/965 1002/1128/956 1003/1138/966
f 1013/1139/967 1007/1127/955 1008/1137/965
f 1018/1140/968 1012/1129/957 1013/1139/967
f 984/1141/969 1017/1131/959 1018/1140/968
f 994/1142/970 990/1134/962 971/1143/971
f 999/1144/972 993/1136/964 994/1142/970
f 1004/1145/973 998/1135/963 999/1144/972
f 1009/1146/974 1003/1138/966 1004/1145/973
f 1014/1147/975 1008/1137/965 1009/1146/974
f 1019/1148/976 1013/1139/967 1014/1147/975
f 958/1149/977 1018/1140/968 1019/1148/976
f 973/1150/978 994/1142/970 971/1143/971
f 995/1151/979 999/1144/972 994/1142/970
f 1000/1152/980 1004/1145/973 999/1144/972
f 1005/1153/981 1009/1146/974 1004/1145/973
f 1015/1154/982 1009/1146/974 1010/1155/983
f 1020/1156/984 1014/1147/975 1015/1154/982
f 960/1157/985 1019/1148/976 1020/1156/984
f 972/1158/986 995/1151/979 973/1150/978
f 970/1159/987 1000/1152/980 995/1151/979
f 940/1160/988 1005/1153/981 1000/1152/980
f 938/1161/989 1010/1155/983 1005/1153/981
f 945/1162/990 1010/1155/983 943/1163/991
f 1407/1164/992 1015/1154/982 945/1162/990
f 961/1165/993 1020/1156/984 1407/1164/992
f 1021/1166/994 1395/1167/995 886/1168/996
f 1021/1166/994 1026/1169/997 1022/1170/998
f 1029/1171/999 1026/1169/997 1025/1172/1000
f 1029/1171/999 1034/1173/1001 1030/1174/1002
f 1033/1175/1003 1038/1176/1004 1034/1173/1001
f 1037/1177/1005 1042/1178/1006 1038/1176/1004
f 1041/1179/1007 917/1180/1008 1042/1178/1006
f 1022/1170/998 1385/1181/1009 1395/1167/995
f 1022/1170/998 1027/1182/1010 1023/1183/1011
f 1030/1174/1002 1027/1182/1010 1026/1169/997
f 1030/1174/1002 1035/1184/1012 1031/1185/1013
f 1034/1173/1001 1039/1186/1014 1035/1184/1012
f 1038/1176/1004 1043/1187/1015 1039/1186/1014
f 1042/1178/1006 918/1188/1016 1043/1187/1015
f 1023/1183/1011 1383/990/821 1385/1181/1009
f 1023/1183/1011 1028/1189/1017 1024/988/819
f 1027/1182/1010 1032/1190/1018 1028/1189/1017
f 1031/1185/1013 1036/1191/1019 1032/1190/1018
f 1035/1184/1012 1040/1192/1020 1036/1191/1019
f 1039/1186/1014 1044/1193/1021 1040/1192/1020
f 1043/1187/1015 891/1194/1022 1044/1193/1021
f 1028/1189/1017 898/1195/1023 1024/988/819
f 1032/1190/1018 879/1196/1024 1028/1189/1017
f 1036/1191/1019 878/1197/1025 1032/1190/1018
f 884/1198/1026 1036/1191/1019 1040/1192/1020
f 892/1199/1027 1040/1192/1020 1044/1193/1021
f 893/1200/1028 1044/1193/1021 891/1194/1022
f 1052/1013/1029 1037/1177/1005 1033/1175/1003
f 1424/1015/846 1016/1133/961 1426/1201/1030
f 1053/1015/1031 1041/1179/1007 1037/1177/1005
f 1426/1201/1030 949/1202/1032 1427/1203/1033
f 1054/1201/1034 888/1204/1035 1041/1179/1007
f 1429/1205/1036 1006/1130/958 1425/1013/844
f 1033/1175/1003 1051/1205/1037 1052/1013/1029
f 1430/1206/1038 1001/1126/954 1429/1205/1036
f 1050/1206/1039 1029/1171/999 1025/1172/1000
f 1431/1207/1040 996/1124/952 1430/1206/1038
f 1049/1207/1041 1025/1172/1000 1021/1166/994
f 1432/1208/1042 991/1121/949 1431/1207/1040
f 1048/1208/1043 1021/1166/994 886/1168/996
f 1047/1209/1044 1433/1210/1045 1394/1211/1046
f 880/1212/1047 1392/1213/1048 1045/1214/883
f 901/1215/1049 916/1216/1050 913/998/829
f 1422/1113/941 1433/1217/1045 1047/1218/1044
f 1370/1043/874 881/1219/1051 1368/982/814
f 1368/982/814 881/1219/1051 883/983/815
f 1391/985/816 910/1031/861 912/986/817
f 1024/988/819 898/1195/1023 1382/989/820
f 889/991/822 887/1017/847 872/992/823
f 896/994/825 877/1018/848 875/995/826
f 903/997/828 901/1215/1049 913/998/829
f 869/1000/831 885/1016/831 914/1001/832
f 1374/1003/834 1380/1035/865 904/1004/835
f 895/1005/836 873/1024/854 871/1006/837
f 897/1008/839 880/1212/1047 874/1009/840
f 889/991/822 1371/993/824 1390/1011/842
f 1425/1013/844 1006/1130/958 1011/1014/845
f 1369/984/815 883/983/815 885/1016/831
f 894/1007/838 871/1006/837 872/992/823
f 877/1018/848 896/994/825 926/1019/849
f 921/1021/851 897/1008/839 876/1010/841
f 1375/1023/853 1374/1003/834 895/1005/836
f 904/1004/835 1386/1039/870 873/1024/854
f 911/1012/843 1384/1037/867 1377/1025/855
f 887/1017/847 1376/1033/863 1375/1023/853
f 1393/1026/856 1392/1213/1048 897/1008/839
f 905/1027/857 906/1034/864 1379/1028/858
f 900/1030/860 912/986/817 910/1031/861
f 889/991/822 1377/1025/855 1376/1033/863
f 906/1034/864 904/1004/835 1380/1035/865
f 925/1036/866 920/1045/876 899/1032/862
f 1384/1037/867 911/1012/843 912/986/817
f 1388/987/868 912/986/817 911/1012/843
f 904/1004/835 906/1034/864 1387/1038/869
f 906/1034/864 905/1027/857 1373/1040/871
f 914/1001/832 908/1220/872 909/1041/872
f 902/999/830 913/998/829 870/1042/873
f 896/994/825 1394/1211/1046 919/1044/875
f 926/1019/849 919/1044/875 920/1045/876
f 1378/1029/859 1381/1047/878 922/1046/877
f 1381/1047/878 1393/1026/856 921/1021/851
f 905/1027/857 922/1046/877 1372/1048/879
f 922/1046/877 921/1021/851 915/1022/852
f 923/1049/880 925/1036/866 910/1031/861
f 924/1020/850 926/1019/849 925/1036/866
f 1045/1052/883 1428/1221/1052 1420/1050/881
f 1420/1050/881 948/1055/886 936/1051/882
f 981/1053/884 979/1119/947 934/1054/885
f 988/1056/887 946/1070/901 935/1057/888
f 954/1059/890 959/1085/916 1400/1060/891
f 930/1062/893 929/1222/1053 942/1063/894
f 967/1065/896 1417/1092/923 928/1066/897
f 942/1063/894 929/1222/1053 931/1068/899
f 939/1067/898 928/1066/897 930/1062/893
f 933/1069/900 935/1057/888 946/1070/901
f 948/1055/886 1420/1050/881 1421/1072/903
f 939/1067/898 1403/1079/910 1415/1073/904
f 931/1068/899 1408/1223/1054 954/1059/890
f 944/1061/892 1400/1060/891 1401/1074/905
f 937/1064/895 942/1063/894 1401/1074/905
f 987/1076/907 966/1088/919 1413/1077/908
f 937/1064/895 1402/1075/906 1403/1079/910
f 955/1080/911 1404/1115/943 1405/1081/912
f 957/1082/913 1405/1081/912 1406/1083/914
f 956/1084/915 1406/1083/914 959/1085/916
f 954/1059/890 1408/1223/1054 953/1086/917
f 953/1086/917 1410/1224/1055 957/1082/913
f 957/1082/913 1410/1224/1055 950/1087/918
f 966/1088/919 968/1090/921 1412/1089/920
f 968/1090/921 969/1093/924 1414/1091/922
f 1414/1091/922 969/1093/924 967/1065/896
f 1417/1092/923 967/1065/896 969/1093/924
f 969/1093/924 968/1090/921 1418/1095/926
f 968/1090/921 966/1088/919 963/1096/927
f 975/1097/928 976/1110/939 1398/1098/929
f 974/1100/930 975/1097/928 1396/1099/928
f 977/1102/931 952/1225/1056 1409/1103/932
f 1399/1105/934 927/1111/934 974/1100/930
f 964/1106/935 965/1226/935 978/1107/936
f 948/1055/886 934/1054/885 932/1109/938
f 976/1110/939 977/1102/931 951/1104/933
f 1399/1105/934 962/1108/937 978/1107/936
f 946/1070/901 988/1056/887 1423/1112/940
f 988/1056/887 987/1076/907 1419/1078/909
f 982/1114/942 1411/1116/944 1404/1115/943
f 981/1053/884 1421/1072/903 1411/1116/944
f 966/1088/919 987/1076/907 985/1117/945
f 987/1076/907 988/1056/887 986/1058/889
f 955/1080/911 950/1087/918 980/1118/946
f 982/1114/942 980/1118/946 979/1119/947
f 989/1120/948 992/1123/951 991/1121/949
f 992/1123/951 997/1125/953 996/1124/952
f 997/1125/953 1002/1128/956 1001/1126/954
f 1007/1127/955 1006/1130/958 1001/1126/954
f 1012/1129/957 1011/1014/845 1006/1130/958
f 1017/1131/959 1016/1133/961 1011/1014/845
f 983/1132/960 949/1202/1032 1016/1133/961
f 990/1134/962 993/1136/964 992/1123/951
f 998/1135/963 997/1125/953 992/1123/951
f 998/1135/963 1003/1138/966 1002/1128/956
f 1008/1137/965 1007/1127/955 1002/1128/956
f 1013/1139/967 1012/1129/957 1007/1127/955
f 1018/1140/968 1017/1131/959 1012/1129/957
f 984/1141/969 983/1132/960 1017/1131/959
f 994/1142/970 993/1136/964 990/1134/962
f 999/1144/972 998/1135/963 993/1136/964
f 1004/1145/973 1003/1138/966 998/1135/963
f 1009/1146/974 1008/1137/965 1003/1138/966
f 1014/1147/975 1013/1139/967 1008/1137/965
f 1019/1148/976 1018/1140/968 1013/1139/967
f 958/1149/977 984/1141/969 1018/1140/968
f 973/1150/978 995/1151/979 994/1142/970
f 995/1151/979 1000/1152/980 999/1144/972
f 1000/1152/980 1005/1153/981 1004/1145/973
f 1005/1153/981 1010/1155/983 1009/1146/974
f 1015/1154/982 1014/1147/975 1009/1146/974
f 1020/1156/984 1019/1148/976 1014/1147/975
f 960/1157/985 958/1149/977 1019/1148/976
f 972/1158/986 970/1159/987 995/1151/979
f 970/1159/987 940/1160/988 1000/1152/980
f 940/1160/988 938/1161/989 1005/1153/981
f 938/1161/989 943/1163/991 1010/1155/983
f 945/1162/990 1015/1154/982 1010/1155/983
f 1407/1164/992 1020/1156/984 1015/1154/982
f 961/1165/993 960/1157/985 1020/1156/984
f 1021/1166/994 1022/1170/998 1395/1167/995
f 1021/1166/994 1025/1172/1000 1026/1169/997
f 1029/1171/999 1030/1174/1002 1026/1169/997
f 1029/1171/999 1033/1175/1003 1034/1173/1001
f 1033/1175/1003 1037/1177/1005 1038/1176/1004
f 1037/1177/1005 1041/1179/1007 1042/1178/1006
f 1041/1179/1007 888/1204/1035 917/1180/1008
f 1022/1170/998 1023/1183/1011 1385/1181/1009
f 1022/1170/998 1026/1169/997 1027/1182/1010
f 1030/1174/1002 1031/1185/1013 1027/1182/1010
f 1030/1174/1002 1034/1173/1001 1035/1184/1012
f 1034/1173/1001 1038/1176/1004 1039/1186/1014
f 1038/1176/1004 1042/1178/1006 1043/1187/1015
f 1042/1178/1006 917/1180/1008 918/1188/1016
f 1023/1183/1011 1024/988/819 1383/990/821
f 1023/1183/1011 1027/1182/1010 1028/1189/1017
f 1027/1182/1010 1031/1185/1013 1032/1190/1018
f 1031/1185/1013 1035/1184/1012 1036/1191/1019
f 1035/1184/1012 1039/1186/1014 1040/1192/1020
f 1039/1186/1014 1043/1187/1015 1044/1193/1021
f 1043/1187/1015 918/1188/1016 891/1194/1022
f 1028/1189/1017 879/1196/1024 898/1195/1023
f 1032/1190/1018 878/1197/1025 879/1196/1024
f 1036/1191/1019 882/1227/1057 878/1197/1025
f 884/1198/1026 882/1227/1057 1036/1191/1019
f 892/1199/1027 884/1198/1026 1040/1192/1020
f 893/1200/1028 892/1199/1027 1044/1193/1021
f 1052/1013/1029 1053/1015/1031 1037/1177/1005
f 1424/1015/846 1011/1014/845 1016/1133/961
f 1053/1015/1031 1054/1201/1034 1041/1179/1007
f 1426/1201/1030 1016/1133/961 949/1202/1032
f 1054/1201/1034 1046/1203/1058 888/1204/1035
f 1429/1205/1036 1001/1126/954 1006/1130/958
f 1033/1175/1003 1029/1171/999 1051/1205/1037
f 1430/1206/1038 996/1124/952 1001/1126/954
f 1050/1206/1039 1051/1205/1037 1029/1171/999
f 1431/1207/1040 991/1121/949 996/1124/952
f 1049/1207/1041 1050/1206/1039 1025/1172/1000
f 1432/1208/1042 947/1122/950 991/1121/949
f 1048/1208/1043 1049/1207/1041 1021/1166/994
f 896/994/825 890/996/827 1394/1211/1046
f 890/996/827 1047/1209/1044 1394/1211/1046
f 897/1008/839 1392/1213/1048 880/1212/1047
f 1392/1213/1048 1428/1228/1052 1045/1214/883
f 1047/1218/1044 941/1071/902 1422/1113/941
f 941/1071/902 946/1070/901 1422/1113/941
f 1370/1043/874 870/1042/873 881/1219/1051
f 1435/1229/1059 1434/1230/1059 1056/1231/1059
f 1064/1232/1060 1065/1233/1061 1437/1234/1061
f 1064/1232/1060 1058/1235/1062 1061/1236/1063
f 1066/1234/1064 1438/1233/1064 1055/1237/1064
f 1067/1238/1062 1062/1239/1065 1057/1240/1062
f 1061/1236/1063 1060/1230/1066 1059/1229/1066
f 1437/1234/1061 1062/1239/1065 1064/1232/1060
f 1064/1232/1060 1436/1241/1061 1065/1233/1061
f 1064/1232/1060 1067/1238/1062 1058/1235/1062
f 1067/1238/1062 1064/1232/1060 1062/1239/1065
f 1059/1229/1066 1063/1241/1066 1064/1232/1060
f 1064/1232/1060 1061/1236/1063 1059/1229/1066
f 1075/1242/1067 1441/1243/1067 1439/1244/1067
f 1442/1245/1068 1071/1246/1068 1076/1243/1068
f 1079/1247/1069 1444/1248/1069 1070/1249/1069
f 1092/1250/1070 1080/1251/1071 1105/1252/1072
f 1095/1253/1062 1086/1254/1062 1099/1255/1062
f 1443/1247/1073 1455/1256/1073 1093/1257/1074
f 1072/1258/1062 1452/1257/1062 1068/1256/1062
f 1098/1259/1062 1454/1260/1062 1096/1261/1062
f 1449/1261/1075 1440/1242/1073 1074/1244/1073
f 1446/1262/1076 1082/1263/1077 1445/1264/1078
f 1445/1264/1078 1080/1251/1071 1447/1265/1079
f 1087/1266/1062 1085/1264/1062 1083/1265/1062
f 1088/1267/1062 1084/1262/1062 1085/1264/1062
f 1083/1265/1062 1101/1268/1062 1087/1266/1062
f 1449/1261/1075 1091/1269/1080 1448/1270/1081
f 1448/1270/1081 1089/1271/1082 1450/1253/1083
f 1096/1261/1062 1100/1272/1062 1098/1259/1062
f 1097/1270/1062 1099/1255/1062 1100/1272/1062
f 1102/1273/1062 1451/1274/1062 1452/1257/1062
f 1103/1275/1062 1453/1250/1062 1451/1274/1062
f 1105/1252/1072 1094/1274/1084 1092/1250/1070
f 1106/1276/1085 1093/1257/1074 1094/1274/1084
f 1081/1277/1086 1450/1253/1083 1089/1271/1082
f 1075/1242/1067 1077/1245/1067 1441/1243/1067
f 1092/1250/1070 1447/1265/1079 1080/1251/1071
f 1095/1253/1062 1084/1262/1062 1086/1254/1062
f 1104/1278/1087 1078/1248/1073 1093/1257/1074
f 1078/1248/1073 1443/1247/1073 1093/1257/1074
f 1072/1258/1062 1102/1273/1062 1452/1257/1062
f 1098/1259/1062 1073/1279/1062 1454/1260/1062
f 1074/1244/1073 1090/1280/1088 1449/1261/1075
f 1449/1261/1075 1069/1260/1073 1440/1242/1073
f 1446/1262/1076 1081/1277/1086 1082/1263/1077
f 1445/1264/1078 1082/1263/1077 1080/1251/1071
f 1087/1266/1062 1088/1267/1062 1085/1264/1062
f 1088/1267/1062 1086/1254/1062 1084/1262/1062
f 1083/1265/1062 1453/1250/1062 1101/1268/1062
f 1449/1261/1075 1090/1280/1088 1091/1269/1080
f 1448/1270/1081 1091/1269/1080 1089/1271/1082
f 1096/1261/1062 1097/1270/1062 1100/1272/1062
f 1097/1270/1062 1095/1253/1062 1099/1255/1062
f 1102/1273/1062 1103/1275/1062 1451/1274/1062
f 1103/1275/1062 1101/1268/1062 1453/1250/1062
f 1105/1252/1072 1106/1276/1085 1094/1274/1084
f 1106/1276/1085 1104/1278/1087 1093/1257/1074
f 1081/1277/1086 1446/1262/1076 1450/1253/1083
f 1465/1281/1089 1138/1282/1090 1464/1283/1091
f 1136/1284/1092 1138/1282/1090 1125/1285/1093
f 1139/1286/1094 1143/1287/1095 1138/1282/1090
f 1144/1288/1096 1148/1289/1097 1143/1287/1095
f 1154/1290/1098 1148/1289/1097 1149/1291/1099
f 1159/1292/1100 1153/1293/1101 1154/1290/1098
f 1164/1294/1102 1158/1295/1103 1159/1292/1100
f 1134/1296/1104 1163/1297/1105 1164/1294/1102
f 1137/1298/1106 1139/1286/1094 1136/1284/1092
f 1145/1299/1107 1139/1286/1094 1140/1300/1108
f 1145/1299/1107 1149/1291/1099 1144/1288/1096
f 1155/1301/1109 1149/1291/1099 1150/1302/1110
f 1160/1303/1111 1154/1290/1098 1155/1301/1109
f 1165/1304/1112 1159/1292/1100 1160/1303/1111
f 1135/1305/1113 1164/1294/1102 1165/1304/1112
f 1131/1306/1114 1459/1307/1115 1475/1298/1116
f 1146/1308/1117 1140/1300/1108 1141/1307/1118
f 1151/1309/1119 1145/1299/1107 1146/1308/1117
f 1156/1310/1120 1150/1302/1110 1151/1309/1119
f 1161/1311/1121 1155/1301/1109 1156/1310/1120
f 1456/1312/1122 1160/1303/1111 1161/1311/1121
f 1127/1313/1123 1165/1304/1112 1456/1312/1122
f 1133/1314/1124 1459/1307/1115 1131/1306/1114
f 1142/1315/1125 1146/1308/1117 1141/1307/1118
f 1147/1316/1126 1151/1309/1119 1146/1308/1117
f 1152/1317/1127 1156/1310/1120 1151/1309/1119
f 1162/1318/1128 1156/1310/1120 1157/1319/1129
f 1472/1320/1130 1161/1311/1121 1162/1318/1128
f 1129/1321/1131 1457/1313/1132 1166/1312/1133
f 1132/1322/1134 1458/1315/1135 1133/1314/1124
f 1130/1323/1136 1147/1316/1126 1142/1315/1125
f 1122/1324/1137 1152/1317/1127 1147/1316/1126
f 1121/1325/1138 1157/1319/1129 1152/1317/1127
f 1474/1326/1139 1157/1319/1129 1123/1327/1140
f 1474/1326/1139 1473/1320/1141 1162/1318/1128
f 1170/1328/1142 1205/1329/1143 1168/1330/1144
f 1170/1328/1142 1174/1331/1145 1171/1332/1146
f 1173/1333/1147 1177/1334/1148 1174/1331/1145
f 1176/1335/1149 1180/1336/1150 1177/1334/1148
f 1179/1337/1151 1119/1338/1152 1180/1336/1150
f 1175/1339/1153 1479/1340/1154 1480/1341/1155
f 1195/1342/1156 1204/1343/1157 1205/1329/1143
f 1196/1340/1158 1205/1329/1143 1171/1332/1146
f 1197/1341/1159 1171/1332/1146 1174/1331/1145
f 1198/1344/1160 1174/1331/1145 1177/1334/1148
f 1482/1345/1161 1177/1334/1148 1180/1336/1150
f 1477/1346/1162 1120/1347/1163 1204/1343/1157
f 1172/1348/1164 1478/1342/1165 1479/1340/1154
f 1178/1349/1166 1480/1341/1155 1481/1344/1167
f 1481/1344/1167 1181/1350/1168 1178/1349/1166
f 1201/1351/1169 1199/1345/1170 1483/1352/1171
f 1169/1353/1172 1194/1346/1173 1478/1342/1165
f 1485/1350/1174 1114/1354/1175 1182/1355/1176
f 1461/1356/1177 1117/1357/1178 1462/1358/1179
f 1463/1353/1180 1116/1359/1181 1461/1356/1177
f 1172/1348/1164 1108/1360/1182 1463/1353/1180
f 1175/1339/1153 1107/1361/1183 1172/1348/1164
f 1175/1339/1153 1486/1362/1184 1109/1363/1185
f 1178/1349/1166 1484/1364/1186 1486/1362/1184
f 1182/1355/1176 1115/1365/1187 1113/1366/1188
f 1190/1367/1189 1203/1368/1190 1202/1369/1191
f 1464/1283/1091 1143/1287/1095 1466/1370/1192
f 1189/1371/1193 1168/1330/1144 1203/1368/1190
f 1466/1370/1192 1148/1289/1097 1467/1372/1194
f 1188/1373/1195 1170/1328/1142 1168/1330/1144
f 1467/1372/1194 1153/1293/1101 1468/1374/1196
f 1187/1375/1197 1173/1333/1147 1170/1328/1142
f 1468/1374/1196 1158/1295/1103 1469/1376/1198
f 1186/1377/1199 1176/1335/1149 1173/1333/1147
f 1469/1376/1198 1163/1297/1105 1470/1378/1200
f 1185/1379/1201 1179/1337/1151 1176/1335/1149
f 1470/1378/1200 1126/1380/1202 1471/1381/1203
f 1184/1382/1204 1111/1383/1205 1179/1337/1151
f 1137/1298/1106 1141/1307/1118 1140/1300/1108
f 1192/1352/1206 1180/1336/1150 1119/1338/1152
f 1200/1364/1207 1485/1350/1174 1182/1355/1176
f 1200/1364/1207 1113/1366/1188 1110/1362/1208
f 1485/1350/1174 1487/1351/1209 1112/1384/1210
f 1203/1368/1190 1120/1347/1163 1202/1369/1191
f 1203/1368/1190 1205/1329/1143 1204/1343/1157
f 1193/1385/1211 1167/1356/1212 1118/1358/1213
f 1465/1281/1089 1125/1285/1093 1138/1282/1090
f 1136/1284/1092 1139/1286/1094 1138/1282/1090
f 1139/1286/1094 1144/1288/1096 1143/1287/1095
f 1144/1288/1096 1149/1291/1099 1148/1289/1097
f 1154/1290/1098 1153/1293/1101 1148/1289/1097
f 1159/1292/1100 1158/1295/1103 1153/1293/1101
f 1164/1294/1102 1163/1297/1105 1158/1295/1103
f 1134/1296/1104 1126/1380/1202 1163/1297/1105
f 1137/1298/1106 1140/1300/1108 1139/1286/1094
f 1145/1299/1107 1144/1288/1096 1139/1286/1094
f 1145/1299/1107 1150/1302/1110 1149/1291/1099
f 1155/1301/1109 1154/1290/1098 1149/1291/1099
f 1160/1303/1111 1159/1292/1100 1154/1290/1098
f 1165/1304/1112 1164/1294/1102 1159/1292/1100
f 1135/1305/1113 1134/1296/1104 1164/1294/1102
f 1146/1308/1117 1145/1299/1107 1140/1300/1108
f 1151/1309/1119 1150/1302/1110 1145/1299/1107
f 1156/1310/1120 1155/1301/1109 1150/1302/1110
f 1161/1311/1121 1160/1303/1111 1155/1301/1109
f 1456/1312/1122 1165/1304/1112 1160/1303/1111
f 1127/1313/1123 1135/1305/1113 1165/1304/1112
f 1133/1314/1124 1458/1315/1135 1459/1307/1115
f 1142/1315/1125 1147/1316/1126 1146/1308/1117
f 1147/1316/1126 1152/1317/1127 1151/1309/1119
f 1152/1317/1127 1157/1319/1129 1156/1310/1120
f 1162/1318/1128 1161/1311/1121 1156/1310/1120
f 1472/1320/1130 1456/1312/1122 1161/1311/1121
f 1166/1312/1133 1191/1320/1214 1206/1386/1215
f 1191/1320/1214 1124/1326/1216 1128/1387/1217
f 1206/1386/1215 1191/1320/1214 1128/1387/1217
f 1206/1386/1215 1208/1388/1218 1166/1312/1133
f 1208/1388/1218 1207/1389/1219 1166/1312/1133
f 1207/1389/1219 1129/1321/1131 1166/1312/1133
f 1132/1322/1134 1460/1323/1220 1458/1315/1135
f 1130/1323/1136 1122/1324/1137 1147/1316/1126
f 1122/1324/1137 1121/1325/1138 1152/1317/1127
f 1121/1325/1138 1123/1327/1140 1157/1319/1129
f 1474/1326/1139 1162/1318/1128 1157/1319/1129
f 1170/1328/1142 1171/1332/1146 1205/1329/1143
f 1170/1328/1142 1173/1333/1147 1174/1331/1145
f 1173/1333/1147 1176/1335/1149 1177/1334/1148
f 1176/1335/1149 1179/1337/1151 1180/1336/1150
f 1179/1337/1151 1111/1383/1205 1119/1338/1152
f 1175/1339/1153 1172/1348/1164 1479/1340/1154
f 1195/1342/1156 1477/1346/1162 1204/1343/1157
f 1196/1340/1158 1195/1342/1156 1205/1329/1143
f 1197/1341/1159 1196/1340/1158 1171/1332/1146
f 1198/1344/1160 1197/1341/1159 1174/1331/1145
f 1482/1345/1161 1198/1344/1160 1177/1334/1148
f 1477/1346/1162 1476/1385/1221 1120/1347/1163
f 1172/1348/1164 1169/1353/1172 1478/1342/1165
f 1178/1349/1166 1175/1339/1153 1480/1341/1155
f 1199/1345/1170 1181/1350/1168 1481/1344/1167
f 1181/1350/1168 1484/1364/1186 1178/1349/1166
f 1201/1351/1169 1181/1350/1168 1199/1345/1170
f 1169/1353/1172 1167/1356/1212 1194/1346/1173
f 1485/1350/1174 1112/1384/1210 1114/1354/1175
f 1461/1356/1177 1116/1359/1181 1117/1357/1178
f 1463/1353/1180 1108/1360/1182 1116/1359/1181
f 1172/1348/1164 1107/1361/1183 1108/1360/1182
f 1175/1339/1153 1109/1363/1185 1107/1361/1183
f 1175/1339/1153 1178/1349/1166 1486/1362/1184
f 1182/1355/1176 1114/1354/1175 1115/1365/1187
f 1190/1367/1189 1189/1371/1193 1203/1368/1190
f 1464/1283/1091 1138/1282/1090 1143/1287/1095
f 1189/1371/1193 1188/1373/1195 1168/1330/1144
f 1466/1370/1192 1143/1287/1095 1148/1289/1097
f 1188/1373/1195 1187/1375/1197 1170/1328/1142
f 1467/1372/1194 1148/1289/1097 1153/1293/1101
f 1187/1375/1197 1186/1377/1199 1173/1333/1147
f 1468/1374/1196 1153/1293/1101 1158/1295/1103
f 1186/1377/1199 1185/1379/1201 1176/1335/1149
f 1469/1376/1198 1158/1295/1103 1163/1297/1105
f 1185/1379/1201 1184/1382/1204 1179/1337/1151
f 1470/1378/1200 1163/1297/1105 1126/1380/1202
f 1184/1382/1204 1183/1390/1222 1111/1383/1205
f 1192/1352/1206 1482/1345/1161 1180/1336/1150
f 1200/1364/1207 1182/1355/1176 1113/1366/1188
f 1203/1368/1190 1204/1343/1157 1120/1347/1163
f 1203/1368/1190 1168/1330/1144 1205/1329/1143
f 1193/1385/1211 1194/1346/1173 1167/1356/1212
f 1212/1321/1223 1213/1312/1224 1210/1313/1225
f 1213/1312/1224 1215/1386/1226 1214/1320/1227
f 1214/1320/1227 1211/1387/1228 1209/1326/1229
f 1215/1386/1226 1211/1387/1228 1214/1320/1227
f 1215/1386/1226 1213/1312/1224 1217/1388/1230
f 1217/1388/1230 1213/1312/1224 1216/1389/1231
f 1216/1389/1231 1213/1312/1224 1212/1321/1223
f 1223/1350/1232 1224/1355/1233 1221/1354/1234
f 1224/1355/1233 1220/1366/1235 1222/1365/1236
f 1225/1364/1237 1224/1355/1233 1223/1350/1232
f 1225/1364/1237 1218/1362/1238 1220/1366/1235
f 1223/1350/1232 1219/1384/1239 1226/1351/1240
f 1223/1350/1232 1221/1354/1234 1219/1384/1239
f 1224/1355/1233 1222/1365/1236 1221/1354/1234
f 1225/1364/1237 1220/1366/1235 1224/1355/1233
f 1234/1242/1067 1490/1243/1067 1488/1244/1067
f 1491/1245/1068 1230/1246/1068 1235/1243/1068
f 1238/1247/1069 1493/1248/1069 1229/1249/1069
f 1251/1250/1070 1239/1251/1071 1264/1252/1072
f 1254/1253/1062 1245/1254/1062 1258/1255/1062
f 1492/1247/1073 1504/1256/1073 1252/1257/1074
f 1231/1258/1062 1501/1257/1062 1227/1256/1062
f 1257/1259/1062 1503/1260/1062 1255/1261/1062
f 1498/1261/1075 1489/1242/1073 1233/1244/1073
f 1495/1262/1076 1241/1263/1077 1494/1264/1078
f 1494/1264/1078 1239/1251/1071 1496/1265/1079
f 1246/1266/1062 1244/1264/1062 1242/1265/1062
f 1247/1267/1062 1243/1262/1062 1244/1264/1062
f 1242/1265/1062 1260/1268/1062 1246/1266/1062
f 1498/1261/1075 1250/1269/1080 1497/1270/1081
f 1497/1270/1081 1248/1271/1082 1499/1253/1083
f 1255/1261/1062 1259/1272/1062 1257/1259/1062
f 1256/1270/1062 1258/1255/1062 1259/1272/1062
f 1261/1273/1062 1500/1274/1062 1501/1257/1062
f 1262/1275/1062 1502/1250/1062 1500/1274/1062
f 1264/1252/1072 1253/1274/1084 1251/1250/1070
f 1265/1276/1085 1252/1257/1074 1253/1274/1084
f 1240/1277/1086 1499/1253/1083 1248/1271/1082
f 1234/1242/1067 1236/1245/1067 1490/1243/1067
f 1251/1250/1070 1496/1265/1079 1239/1251/1071
f 1254/1253/1062 1243/1262/1062 1245/1254/1062
f 1263/1278/1087 1237/1248/1073 1252/1257/1074
f 1237/1248/1073 1492/1247/1073 1252/1257/1074
f 1231/1258/1062 1261/1273/1062 1501/1257/1062
f 1257/1259/1062 1232/1279/1062 1503/1260/1062
f 1233/1244/1073 1249/1280/1088 1498/1261/1075
f 1498/1261/1075 1228/1260/1073 1489/1242/1073
f 1495/1262/1076 1240/1277/1086 1241/1263/1077
f 1494/1264/1078 1241/1263/1077 1239/1251/1071
f 1246/1266/1062 1247/1267/1062 1244/1264/1062
f 1247/1267/1062 1245/1254/1062 1243/1262/1062
f 1242/1265/1062 1502/1250/1062 1260/1268/1062
f 1498/1261/1075 1249/1280/1088 1250/1269/1080
f 1497/1270/1081 1250/1269/1080 1248/1271/1082
f 1255/1261/1062 1256/1270/1062 1259/1272/1062
f 1256/1270/1062 1254/1253/1062 1258/1255/1062
f 1261/1273/1062 1262/1275/1062 1500/1274/1062
f 1262/1275/1062 1260/1268/1062 1502/1250/1062
f 1264/1252/1072 1265/1276/1085 1253/1274/1084
f 1265/1276/1085 1263/1278/1087 1252/1257/1074
f 1240/1277/1086 1495/1262/1076 1499/1253/1083
o bolt_2
v -0.265608 0.045800 -0.383033
v -0.269901 0.045800 -0.381254
v -0.252101 0.045800 -0.381254
v -0.256394 0.045800 -0.383033
v -0.248414 0.045800 -0.378426
v -0.245585 0.045800 -0.374739
v -0.261001 0.045800 -0.348038
v -0.265608 0.045800 -0.348645
v -0.278195 0.045800 -0.370446
v -0.278802 0.045800 -0.365839
v -0.273588 0.045800 -0.378426
v -0.245585 0.045800 -0.356938
v -0.248414 0.045800 -0.353252
v -0.273588 0.045800 -0.353252
v -0.269901 0.045800 -0.350423
v -0.278195 0.045800 -0.361232
v -0.243807 0.045800 -0.370446
v -0.261001 0.045800 -0.383639
v -0.256394 0.045800 -0.348645
v -0.252101 0.045800 -0.350423
v -0.276417 0.045800 -0.374739
v -0.243807 0.045800 -0.361232
v -0.243201 0.045800 -0.365839
v -0.276417 0.045800 -0.356938
v -0.265608 0.131308 -0.383033
v -0.256394 0.131308 -0.383033
v -0.269901 0.131308 -0.381254
v -0.256394 0.131308 -0.348645
v -0.245585 0.131308 -0.374739
v -0.252101 0.131308 -0.350423
v -0.248414 0.131308 -0.378426
v -0.276417 0.131308 -0.374739
v -0.265608 0.131308 -0.348645
v -0.243201 0.131308 -0.365839
v -0.261001 0.131308 -0.348038
v -0.278195 0.131308 -0.370446
v -0.278802 0.131308 -0.365839
v -0.261001 0.131308 -0.383639
v -0.273588 0.131308 -0.378426
v -0.252101 0.131308 -0.381254
v -0.245585 0.131308 -0.356938
v -0.248414 0.131308 -0.353252
v -0.243807 0.131308 -0.361232
v -0.273588 0.131308 -0.353252
v -0.278195 0.131308 -0.361232
v -0.269901 0.131308 -0.350423
v -0.276417 0.131308 -0.356938
v -0.243807 0.131308 -0.370446
v -0.265934 0.044206 -0.384250
v -0.261001 0.044206 -0.384899
v -0.279412 0.044206 -0.370772
v -0.277508 0.044206 -0.375369
v -0.274479 0.044206 -0.352361
v -0.277508 0.044206 -0.356308
v -0.256068 0.044206 -0.347428
v -0.261001 0.044206 -0.346778
v -0.242590 0.044206 -0.360906
v -0.244494 0.044206 -0.356308
v -0.247523 0.044206 -0.379317
v -0.244494 0.044206 -0.375369
v -0.274479 0.044206 -0.379317
v -0.270531 0.044206 -0.382346
v -0.279412 0.044206 -0.360906
v -0.280062 0.044206 -0.365839
v -0.265934 0.044206 -0.347428
v -0.270531 0.044206 -0.349332
v -0.247523 0.044206 -0.352361
v -0.251471 0.044206 -0.349332
v -0.242590 0.044206 -0.370772
v -0.241941 0.044206 -0.365839
v -0.256068 0.044206 -0.384250
v -0.251471 0.044206 -0.382346
v -0.273363 0.024718 -0.387250
v -0.285725 0.024718 -0.365839
v -0.273363 0.024718 -0.344427
v -0.248639 0.024718 -0.344427
v -0.236277 0.024718 -0.365839
v -0.248639 0.024718 -0.387250
v -0.267298 0.024718 -0.390752
v -0.285725 0.024718 -0.372842
v -0.279429 0.024718 -0.347929
v -0.254704 0.024718 -0.340925
v -0.236277 0.024718 -0.358835
v -0.242574 0.024718 -0.383749
v -0.279429 0.024718 -0.383749
v -0.285725 0.024718 -0.358835
v -0.267298 0.024718 -0.340925
v -0.242574 0.024718 -0.347929
v -0.236277 0.024718 -0.372842
v -0.254704 0.024718 -0.390752
v -0.265935 0.024718 -0.384252
v -0.261001 0.024718 -0.384902
v -0.279415 0.024718 -0.370773
v -0.277510 0.024718 -0.375370
v -0.274481 0.024718 -0.352359
v -0.277510 0.024718 -0.356307
v -0.256067 0.024718 -0.347425
v -0.261001 0.024718 -0.346776
v -0.242588 0.024718 -0.360905
v -0.247522 0.024718 -0.379318
v -0.244492 0.024718 -0.375370
v -0.274481 0.024718 -0.379318
v -0.270533 0.024718 -0.382348
v -0.279415 0.024718 -0.360905
v -0.280064 0.024718 -0.365839
v -0.265935 0.024718 -0.347425
v -0.270533 0.024718 -0.349330
v -0.247522 0.024718 -0.352359
v -0.251470 0.024718 -0.349330
v -0.242588 0.024718 -0.370773
v -0.241938 0.024718 -0.365839
v -0.256067 0.024718 -0.384252
v -0.251470 0.024718 -0.382348
v -0.242514 0.003531 -0.383714
v -0.267238 0.003531 -0.340891
v -0.285725 0.003531 -0.372912
v -0.285725 0.002980 -0.365839
v -0.273363 0.002980 -0.387250
v -0.279489 0.003531 -0.383714
v -0.242514 0.003531 -0.347964
v -0.279489 0.003531 -0.347964
v -0.273363 0.002980 -0.344427
v -0.285725 0.003531 -0.358766
v -0.236277 0.003531 -0.372912
v -0.267238 0.003531 -0.390787
v -0.254765 0.003531 -0.340891
v -0.248639 0.002980 -0.344427
v -0.254765 0.003531 -0.390787
v -0.236277 0.003531 -0.358766
v -0.236277 0.002980 -0.365839
v -0.248639 0.002980 -0.387250
v -0.261001 0.024755 -0.394272
v -0.285625 0.024755 -0.380055
v -0.285625 0.024755 -0.351622
v -0.261001 0.024755 -0.337406
v -0.236377 0.024755 -0.351622
v -0.236377 0.024755 -0.380055
v -0.261001 0.004958 -0.337345
v -0.236325 0.004958 -0.351592
v -0.236325 0.004958 -0.380086
v -0.261001 0.004958 -0.394332
v -0.285677 0.004958 -0.380086
v -0.285677 0.004958 -0.351592
v -0.244492 0.024718 -0.356307
v -0.261001 0.000018 -0.365839
v -0.261001 0.134489 -0.365843
v -0.272873 0.134489 -0.377719
v -0.275543 0.134489 -0.374242
v -0.249121 0.134489 -0.353967
v -0.246453 0.134489 -0.357447
v -0.272881 0.134489 -0.353967
v -0.269402 0.134489 -0.351296
v -0.277796 0.134489 -0.365847
v -0.277226 0.134489 -0.361499
v -0.256652 0.134489 -0.349616
v -0.252600 0.134489 -0.351296
v -0.244776 0.134489 -0.361499
v -0.244206 0.134489 -0.365847
v -0.252607 0.134489 -0.380386
v -0.256656 0.134489 -0.382062
v -0.275550 0.134489 -0.357447
v -0.249129 0.134489 -0.377719
v -0.244780 0.134489 -0.370193
v -0.261001 0.134489 -0.349044
v -0.246459 0.134489 -0.374242
v -0.265350 0.134489 -0.349616
v -0.277222 0.134489 -0.370193
v -0.269395 0.134489 -0.380386
v -0.261001 0.134489 -0.382634
v -0.265346 0.134489 -0.382062
v -0.270532 0.000018 -0.382347
v -0.274492 0.000018 -0.379306
v -0.265918 0.000018 -0.384256
v -0.261001 0.000018 -0.384901
v -0.256084 0.000018 -0.384256
v -0.251470 0.000018 -0.382347
v -0.247510 0.000018 -0.379306
v -0.244493 0.000018 -0.375370
v -0.242593 0.000018 -0.370789
v -0.241939 0.000018 -0.365839
v -0.242593 0.000018 -0.360889
v -0.244493 0.000018 -0.356308
v -0.247510 0.000018 -0.352372
v -0.251470 0.000018 -0.349330
v -0.256084 0.000018 -0.347421
v -0.261001 0.000018 -0.346776
v -0.265918 0.000018 -0.347421
v -0.270532 0.000018 -0.349330
v -0.274492 0.000018 -0.352372
v -0.277510 0.000018 -0.356308
v -0.279410 0.000018 -0.360889
v -0.280064 0.000018 -0.365839
v -0.279410 0.000018 -0.370789
v -0.277510 0.000018 -0.375370
v -0.265608 0.045800 -0.383033
v -0.269901 0.045800 -0.381254
v -0.256394 0.045800 -0.383033
v -0.252101 0.045800 -0.381254
v -0.248414 0.045800 -0.378426
v -0.245585 0.045800 -0.374739
v -0.261001 0.045800 -0.348038
v -0.265608 0.045800 -0.348645
v -0.278195 0.045800 -0.370446
v -0.278802 0.045800 -0.365839
v -0.273588 0.045800 -0.378426
v -0.245585 0.045800 -0.356938
v -0.248414 0.045800 -0.353252
v -0.273588 0.045800 -0.353252
v -0.269901 0.045800 -0.350423
v -0.278195 0.045800 -0.361232
v -0.243807 0.045800 -0.370446
v -0.261001 0.045800 -0.383639
v -0.256394 0.045800 -0.348645
v -0.252101 0.045800 -0.350423
v -0.276417 0.045800 -0.374739
v -0.243807 0.045800 -0.361232
v -0.243201 0.045800 -0.365839
v -0.276417 0.045800 -0.356938
v -0.252101 0.131308 -0.350423
v -0.248414 0.131308 -0.353252
v -0.252101 0.131308 -0.381254
v -0.256394 0.131308 -0.383033
v -0.276417 0.131308 -0.356938
v -0.273588 0.131308 -0.353252
v -0.245585 0.131308 -0.356938
v -0.243807 0.131308 -0.361232
v -0.248414 0.131308 -0.378426
v -0.278195 0.131308 -0.361232
v -0.243201 0.131308 -0.365839
v -0.243807 0.131308 -0.370446
v -0.265608 0.131308 -0.383033
v -0.269901 0.131308 -0.381254
v -0.261001 0.131308 -0.348038
v -0.256394 0.131308 -0.348645
v -0.245585 0.131308 -0.374739
v -0.273588 0.131308 -0.378426
v -0.276417 0.131308 -0.374739
v -0.265608 0.131308 -0.348645
v -0.278195 0.131308 -0.370446
v -0.278802 0.131308 -0.365839
v -0.269901 0.131308 -0.350423
v -0.261001 0.131308 -0.383639
v -0.270531 0.044206 -0.382346
v -0.265934 0.044206 -0.384250
v -0.251471 0.044206 -0.382346
v -0.256068 0.044206 -0.384250
v -0.244494 0.044206 -0.375369
v -0.247523 0.044206 -0.379317
v -0.265934 0.044206 -0.347428
v -0.261001 0.044206 -0.346778
v -0.280062 0.044206 -0.365839
v -0.279412 0.044206 -0.370772
v -0.274479 0.044206 -0.379317
v -0.247523 0.044206 -0.352361
v -0.244494 0.044206 -0.356308
v -0.270531 0.044206 -0.349332
v -0.274479 0.044206 -0.352361
v -0.279412 0.044206 -0.360906
v -0.242590 0.044206 -0.370772
v -0.261001 0.044206 -0.384899
v -0.251471 0.044206 -0.349332
v -0.256068 0.044206 -0.347428
v -0.277508 0.044206 -0.375369
v -0.241941 0.044206 -0.365839
v -0.242590 0.044206 -0.360906
v -0.277508 0.044206 -0.356308
v -0.279429 0.024718 -0.383749
v -0.273363 0.024718 -0.387250
v -0.285725 0.024718 -0.358835
v -0.285725 0.024718 -0.365839
v -0.267298 0.024718 -0.340925
v -0.273363 0.024718 -0.344427
v -0.242574 0.024718 -0.347929
v -0.248639 0.024718 -0.344427
v -0.236277 0.024718 -0.372842
v -0.236277 0.024718 -0.365839
v -0.254704 0.024718 -0.390752
v -0.248639 0.024718 -0.387250
v -0.267298 0.024718 -0.390752
v -0.285725 0.024718 -0.372842
v -0.279429 0.024718 -0.347929
v -0.254704 0.024718 -0.340925
v -0.236277 0.024718 -0.358835
v -0.242574 0.024718 -0.383749
v -0.277510 0.024718 -0.375370
v -0.279415 0.024718 -0.370773
v -0.277510 0.024718 -0.356307
v -0.274481 0.024718 -0.352359
v -0.261001 0.024718 -0.346776
v -0.256067 0.024718 -0.347425
v -0.244492 0.024718 -0.375370
v -0.247522 0.024718 -0.379318
v -0.270533 0.024718 -0.382348
v -0.274481 0.024718 -0.379318
v -0.280064 0.024718 -0.365839
v -0.279415 0.024718 -0.360905
v -0.270533 0.024718 -0.349330
v -0.265935 0.024718 -0.347425
v -0.251470 0.024718 -0.349330
v -0.247522 0.024718 -0.352359
v -0.241938 0.024718 -0.365839
v -0.242588 0.024718 -0.370773
v -0.251470 0.024718 -0.382348
v -0.256067 0.024718 -0.384252
v -0.265935 0.024718 -0.384252
v -0.242588 0.024718 -0.360905
v -0.261001 0.024718 -0.384902
v -0.279489 0.003531 -0.383714
v -0.273363 0.002980 -0.387250
v -0.273363 0.002980 -0.344427
v -0.279489 0.003531 -0.347964
v -0.285725 0.003531 -0.358766
v -0.285725 0.002980 -0.365839
v -0.236277 0.002980 -0.365839
v -0.236277 0.003531 -0.358766
v -0.248639 0.002980 -0.344427
v -0.242514 0.003531 -0.347964
v -0.248639 0.002980 -0.387250
v -0.254765 0.003531 -0.390787
v -0.285725 0.003531 -0.372912
v -0.254765 0.003531 -0.340891
v -0.267238 0.003531 -0.340891
v -0.242514 0.003531 -0.383714
v -0.236277 0.003531 -0.372912
v -0.267238 0.003531 -0.390787
v -0.236325 0.004958 -0.380086
v -0.236325 0.004958 -0.380086
v -0.236377 0.024755 -0.380055
v -0.236377 0.024755 -0.380055
v -0.261001 0.024755 -0.337406
v -0.261001 0.024755 -0.337406
v -0.261001 0.004958 -0.337345
v -0.261001 0.004958 -0.337345
v -0.285677 0.004958 -0.380086
v -0.285677 0.004958 -0.380086
v -0.285625 0.024755 -0.380055
v -0.285625 0.024755 -0.380055
v -0.236377 0.024755 -0.351622
v -0.236377 0.024755 -0.351622
v -0.236325 0.004958 -0.351592
v -0.236325 0.004958 -0.351592
v -0.285677 0.004958 -0.351592
v -0.285677 0.004958 -0.351592
v -0.285625 0.024755 -0.351622
v -0.285625 0.024755 -0.351622
v -0.261001 0.024755 -0.394272
v -0.261001 0.024755 -0.394272
v -0.261001 0.004958 -0.394332
v -0.261001 0.004958 -0.394332
v -0.244492 0.024718 -0.356307
v -0.270532 0.000018 -0.382347
v -0.274492 0.000018 -0.379306
v -0.265918 0.000018 -0.384256
v -0.261001 0.000018 -0.384901
v -0.256084 0.000018 -0.384256
v -0.251470 0.000018 -0.382347
v -0.247510 0.000018 -0.379306
v -0.244493 0.000018 -0.375370
v -0.242593 0.000018 -0.370789
v -0.241939 0.000018 -0.365839
v -0.242593 0.000018 -0.360889
v -0.244493 0.000018 -0.356308
v -0.247510 0.000018 -0.352372
v -0.251470 0.000018 -0.349330
v -0.256084 0.000018 -0.347421
v -0.261001 0.000018 -0.346776
v -0.265918 0.000018 -0.347421
v -0.270532 0.000018 -0.349330
v -0.274492 0.000018 -0.352372
v -0.277510 0.000018 -0.356308
v -0.279410 0.000018 -0.360889
v -0.280064 0.000018 -0.365839
v -0.279410 0.000018 -0.370789
v -0.277510 0.000018 -0.375370
v -0.272873 0.134489 -0.377719
v -0.275543 0.134489 -0.374242
v -0.249121 0.134489 -0.353967
v -0.246453 0.134489 -0.357447
v -0.272881 0.134489 -0.353967
v -0.269402 0.134489 -0.351296
v -0.277796 0.134489 -0.365847
v -0.277226 0.134489 -0.361499
v -0.256652 0.134489 -0.349616
v -0.252600 0.134489 -0.351296
v -0.244776 0.134489 -0.361499
v -0.244206 0.134489 -0.365847
v -0.252607 0.134489 -0.380386
v -0.256656 0.134489 -0.382062
v -0.275550 0.134489 -0.357447
v -0.249129 0.134489 -0.377719
v -0.244780 0.134489 -0.370193
v -0.261001 0.134489 -0.349044
v -0.246459 0.134489 -0.374242
v -0.265350 0.134489 -0.349616
v -0.277222 0.134489 -0.370193
v -0.269395 0.134489 -0.380386
v -0.261001 0.134489 -0.382634
v -0.265346 0.134489 -0.382062
vn 1.0000 0.0007 0.0051
vn 0.9999 0.0013 0.0102
vn 1.0000 0.0006 0.0050
vn 0.5088 0.0013 -0.8609
vn 0.5044 0.0006 -0.8635
vn 0.4955 0.0007 -0.8686
vn 0.5000 -0.0000 -0.8660
vn -0.5000 -0.0000 -0.8660
vn -0.4956 0.0006 -0.8685
vn -1.0000 -0.0000 -0.0000
vn -1.0000 0.0006 0.0050
vn -1.0000 0.0007 0.0051
vn 0.5000 -0.0000 0.8660
vn 0.4960 0.0006 0.8683
vn 0.4912 0.0013 0.8711
vn 0.4956 0.0007 0.8686
vn 0.4911 0.0013 0.8711
vn -0.0000 1.0000 -0.0000
vn -0.0011 1.0000 -0.0012
vn -0.0020 1.0000 0.0004
vn 0.0015 1.0000 0.0004
vn 0.0021 1.0000 0.0005
vn 0.0011 1.0000 -0.0012
vn 0.0015 1.0000 -0.0016
vn 0.0021 1.0000 -0.0005
vn 0.0021 1.0000 0.0012
vn 0.0020 1.0000 -0.0004
vn -1.0000 0.0006 -0.0050
vn -0.5044 0.0006 -0.8635
vn -0.5044 0.0007 -0.8635
vn -0.5000 -0.0000 0.8660
vn -0.5045 0.0007 0.8634
vn 0.0005 1.0000 -0.0015
vn 0.0021 1.0000 -0.0012
vn -0.0006 1.0000 -0.0019
vn -0.0000 1.0000 -0.0024
vn -0.0000 1.0000 -0.0025
vn 1.0000 -0.0000 -0.0000
vn -0.0006 1.0000 0.0020
vn -0.0020 1.0000 0.0012
vn -0.0006 1.0000 0.0019
vn -0.5000 0.0001 -0.8660
vn -0.2588 0.0001 -0.9659
vn -0.8660 -0.0000 0.5000
vn -0.9659 -0.0000 0.2588
vn 0.8660 -0.0000 -0.5000
vn 0.9659 -0.0000 -0.2588
vn 0.2588 -0.0000 -0.9659
vn -0.2588 -0.0000 0.9659
vn 0.2588 -0.0000 0.9659
vn -0.0000 -0.0000 1.0000
vn -0.7071 -0.0000 0.7071
vn 0.8660 -0.0000 0.5000
vn 0.7071 -0.0000 0.7071
vn -0.9659 -0.0000 -0.2588
vn -0.8660 -0.0000 -0.5000
vn -0.0000 -0.0000 -1.0000
vn -0.2588 -0.0000 -0.9659
vn -0.7071 -0.0000 -0.7071
vn 0.7071 -0.0000 -0.7071
vn 0.9659 -0.0000 0.2588
vn -0.0015 1.0000 -0.0004
vn 0.0005 1.0000 0.0015
vn -0.0021 1.0000 -0.0005
vn -0.0021 1.0000 -0.0012
vn -0.0006 1.0000 -0.0020
vn -0.0011 1.0000 0.0012
vn -0.0015 1.0000 -0.0016
vn 0.0011 1.0000 0.0012
vn -0.3923 0.6201 -0.6794
vn -0.2030 0.6201 -0.7578
vn 0.2030 0.6201 -0.7578
vn 0.3923 0.6201 -0.6794
vn 0.2588 0.0001 -0.9659
vn 0.5000 0.0001 -0.8660
vn 0.5547 0.6201 -0.5547
vn 0.6794 0.6201 -0.3923
vn 0.7071 0.0001 -0.7071
vn 0.8660 0.0001 -0.5000
vn -0.0000 0.6201 0.7845
vn -0.2030 0.6201 0.7578
vn -0.2588 0.0001 0.9659
vn -0.0000 0.0001 1.0000
vn -0.9659 0.0001 -0.2588
vn -1.0000 0.0001 -0.0000
vn -0.7845 0.6201 -0.0000
vn -0.7578 0.6201 -0.2030
vn -0.5547 0.6201 -0.5547
vn -0.7071 0.0001 -0.7071
vn 0.5547 0.6201 0.5547
vn 0.6794 0.6201 0.3923
vn 0.8660 0.0001 0.5000
vn 0.7071 0.0001 0.7071
vn -0.5000 0.0001 0.8660
vn -0.7071 0.0001 0.7071
vn -0.5547 0.6201 0.5547
vn -0.3923 0.6201 0.6794
vn -0.7578 0.6201 0.2030
vn -0.9659 0.0001 0.2588
vn 0.7578 0.6201 -0.2030
vn 0.9659 0.0001 -0.2588
vn -0.0000 0.6201 -0.7845
vn -0.0000 0.0001 -1.0000
vn 0.5000 0.0001 0.8660
vn 0.2588 0.0001 0.9659
vn 0.3923 0.6201 0.6794
vn 0.2030 0.6201 0.7578
vn -0.6794 0.6201 -0.3923
vn -0.8660 0.0001 -0.5000
vn 0.9659 0.0001 0.2588
vn 1.0000 0.0001 -0.0000
vn 0.7845 0.6201 -0.0000
vn 0.7578 0.6201 0.2030
vn -0.6794 0.6201 0.3923
vn -0.8660 0.0001 0.5000
vn 0.7578 0.6201 -0.2031
vn -0.0021 1.0000 0.0005
vn 0.0015 1.0000 0.0016
vn -0.0000 1.0000 0.0025
vn 0.5044 0.0006 0.8635
vn 0.5088 0.0013 0.8609
vn 1.0000 0.0007 -0.0051
vn 0.9999 0.0013 -0.0102
vn 0.9999 0.0013 -0.0101
vn 0.4912 0.0013 -0.8711
vn -0.9999 0.0013 0.0102
vn -0.9999 0.0013 0.0101
vn -0.4911 0.0013 0.8711
vn -0.4956 0.0006 0.8685
vn -0.4955 0.0007 0.8686
vn -0.5088 0.0013 -0.8609
vn -0.9999 0.0013 -0.0102
vn -1.0000 0.0007 -0.0051
vn -0.9999 0.0013 -0.0101
vn 1.0000 0.0006 -0.0051
vn -0.5088 0.0013 0.8609
vn -0.5044 0.0006 0.8635
vn -0.4912 0.0013 -0.8711
vn -0.2332 -0.8845 -0.4040
vn -0.3354 -0.8850 -0.3229
vn -0.3354 -0.8850 -0.3228
vn -0.1119 -0.8850 -0.4519
vn -0.0000 -0.8858 -0.4640
vn -0.1120 -0.8850 -0.4519
vn -0.0000 -0.8859 -0.4640
vn 0.1119 -0.8850 -0.4519
vn 0.2332 -0.8845 -0.4040
vn 0.3354 -0.8850 -0.3229
vn 0.2332 -0.8846 -0.4039
vn 0.4019 -0.8858 -0.2320
vn 0.3354 -0.8850 -0.3228
vn 0.4018 -0.8859 -0.2320
vn 0.4473 -0.8850 -0.1291
vn 0.4473 -0.8850 -0.1290
vn 0.4665 -0.8845 -0.0000
vn 0.4473 -0.8850 0.1290
vn 0.4019 -0.8858 0.2320
vn 0.4473 -0.8850 0.1291
vn 0.4018 -0.8859 0.2320
vn 0.3354 -0.8850 0.3228
vn 0.3354 -0.8850 0.3229
vn 0.2332 -0.8845 0.4040
vn 0.1119 -0.8850 0.4519
vn -0.0000 -0.8858 0.4640
vn -0.0000 -0.8859 0.4640
vn -0.1119 -0.8850 0.4519
vn -0.2332 -0.8845 0.4040
vn -0.3353 -0.8850 0.3229
vn -0.4019 -0.8858 0.2320
vn -0.3354 -0.8850 0.3229
vn -0.4018 -0.8859 0.2320
vn -0.4473 -0.8850 0.1291
vn -0.4665 -0.8845 -0.0000
vn -0.4473 -0.8850 -0.1290
vn -0.4019 -0.8858 -0.2320
vn -0.4473 -0.8850 -0.1291
vn -0.4018 -0.8859 -0.2320
vn 0.8259 0.3015 0.4764
vn 0.9210 0.3015 0.2466
vn 0.9210 0.3014 0.2470
vn -0.0015 1.0000 0.0016
vn 0.9535 0.3014 -0.0006
vn 0.9535 0.3015 -0.0005
vn 0.9209 0.3015 -0.2469
vn 0.9209 0.3015 -0.2473
vn 0.8256 0.3013 -0.4770
vn 0.8255 0.3015 -0.4771
vn 0.6743 0.3013 -0.6742
vn 0.6739 0.3014 -0.6745
vn 0.4768 0.3013 -0.8258
vn 0.4765 0.3014 -0.8259
vn 0.2468 0.3013 -0.9210
vn 0.2466 0.3014 -0.9211
vn -0.0000 0.3013 -0.9535
vn -0.0000 0.3014 -0.9535
vn -0.2466 0.3014 -0.9211
vn -0.2468 0.3013 -0.9210
vn -0.4765 0.3014 -0.8259
vn -0.4768 0.3013 -0.8258
vn -0.6739 0.3014 -0.6745
vn -0.6743 0.3013 -0.6742
vn -0.8255 0.3015 -0.4771
vn -0.8258 0.3013 -0.4767
vn -0.9210 0.3014 -0.2467
vn -0.9209 0.3014 -0.2473
vn -0.9535 0.3013 0.0002
vn -0.9535 0.3014 -0.0005
vn -0.9210 0.3014 0.2470
vn -0.9210 0.3015 0.2466
vn -0.8259 0.3015 0.4764
vn -0.8258 0.3013 0.4768
vn -0.6745 0.3015 0.6740
vn -0.6742 0.3013 0.6743
vn -0.4770 0.3014 0.8256
vn -0.4767 0.3013 0.8258
vn -0.2469 0.3014 0.9210
vn -0.2468 0.3014 0.9210
vn -0.0000 0.3014 0.9535
vn 0.2468 0.3014 0.9210
vn 0.2469 0.3014 0.9210
vn 0.4767 0.3013 0.8258
vn 0.4770 0.3014 0.8256
vn 0.6745 0.3015 0.6740
vn 0.8261 0.3015 0.4762
vn 0.6742 0.3013 0.6743
vn -0.0000 -1.0000 -0.0000
vn -0.0021 1.0000 0.0012
vn 0.4911 0.0013 -0.8711
vn -0.4912 0.0013 0.8711
vn -0.4911 0.0013 -0.8711
vt 0.083159 0.130279
vt 0.154314 0.103833
vt 0.159578 0.129685
vt 0.154776 0.206605
vt 0.083542 0.232837
vt 0.083371 0.206819
vt 0.160039 0.283495
vt 0.083580 0.258098
vt 0.161986 0.257980
vt 0.083580 0.360657
vt 0.160039 0.335260
vt 0.161986 0.360775
vt 0.083273 0.463216
vt 0.159578 0.489070
vt 0.083159 0.488476
vt 0.082658 0.052982
vt 0.158885 0.026899
vt 0.161061 0.052395
vt 0.153544 0.001063
vt 0.082468 0.027722
vt 0.082142 0.001705
vt 0.820885 0.309241
vt 0.843647 0.291445
vt 0.841304 0.309241
vt 0.865473 0.232012
vt 0.892265 0.242827
vt 0.875682 0.249695
vt 0.843647 0.327036
vt 0.820885 0.334501
vt 0.861442 0.260622
vt 0.843596 0.244643
vt 0.932772 0.399099
vt 0.910061 0.377997
vt 0.927856 0.375655
vt 0.159807 0.438048
vt 0.161677 0.463568
vt 0.159962 0.386283
vt 0.083542 0.385918
vt 0.082658 0.565773
vt 0.159267 0.540835
vt 0.161061 0.566361
vt 0.843596 0.373839
vt 0.850516 0.343619
vt 0.861442 0.357859
vt 0.927856 0.242827
vt 0.954649 0.232012
vt 0.944439 0.249695
vt 0.850516 0.274862
vt 0.821246 0.257963
vt 0.083273 0.155539
vt 0.161677 0.155187
vt 0.976525 0.244643
vt 0.969606 0.274862
vt 0.958679 0.260622
vt 0.333572 0.250480
vt 0.403988 0.232773
vt 0.403988 0.250480
vt 0.489755 0.077826
vt 0.797907 0.094602
vt 0.489755 0.094602
vt 0.489755 0.278203
vt 0.797907 0.294979
vt 0.489755 0.294979
vt 0.489755 0.228186
vt 0.797907 0.244807
vt 0.489755 0.244807
vt 0.489755 0.027805
vt 0.797907 0.044427
vt 0.489755 0.044427
vt 0.489755 0.378396
vt 0.797907 0.395018
vt 0.489755 0.395018
vt 0.797907 0.311600
vt 0.489755 0.311600
vt 0.489755 0.011029
vt 0.797907 0.027805
vt 0.797907 0.061050
vt 0.489755 0.061050
vt 0.489755 0.344998
vt 0.797907 0.361774
vt 0.489755 0.361774
vt 0.797907 0.111223
vt 0.489755 0.111223
vt 0.489755 0.127845
vt 0.797907 0.144620
vt 0.489755 0.144620
vt 0.797907 0.411795
vt 0.489755 0.411795
vt 0.489755 0.211412
vt 0.797907 0.228186
vt 0.489755 0.178016
vt 0.797907 0.194637
vt 0.489755 0.194637
vt 0.489755 0.161395
vt 0.797907 0.178016
vt 0.797907 0.161395
vt 0.797907 0.378396
vt 0.489755 0.261428
vt 0.797907 0.278203
vt 0.797907 0.328222
vt 0.489755 0.328222
vt 0.797907 0.127845
vt 0.797907 0.077826
vt 0.797907 0.344998
vt 0.797907 0.261428
vt 0.797907 0.211412
vt 0.954649 0.386469
vt 0.944439 0.368786
vt 0.976475 0.291445
vt 0.999236 0.309241
vt 0.978818 0.309241
vt 0.887349 0.399099
vt 0.892265 0.375655
vt 0.999236 0.283980
vt 0.910060 0.240484
vt 0.932772 0.219382
vt 0.958679 0.357859
vt 0.820885 0.283980
vt 0.976475 0.327036
vt 0.865473 0.386469
vt 0.875682 0.368786
vt 0.326231 0.250480
vt 0.333572 0.232773
vt 0.333572 0.197029
vt 0.326231 0.179322
vt 0.333572 0.179322
vt 0.403988 0.197029
vt 0.403988 0.179322
vt 0.326231 0.161615
vt 0.333572 0.143743
vt 0.333572 0.161615
vt 0.403988 0.161615
vt 0.403988 0.143743
vt 0.326231 0.428384
vt 0.333572 0.410510
vt 0.333572 0.428384
vt 0.403988 0.410510
vt 0.403988 0.303931
vt 0.333572 0.321639
vt 0.333572 0.303931
vt 0.326231 0.321639
vt 0.326231 0.268187
vt 0.333572 0.268187
vt 0.403988 0.268187
vt 0.326231 0.054709
vt 0.333572 0.072582
vt 0.326231 0.072582
vt 0.403988 0.072582
vt 0.333572 0.054709
vt 0.403988 0.054709
vt 0.403988 0.392802
vt 0.333572 0.375093
vt 0.403988 0.375093
vt 0.326231 0.375093
vt 0.333572 0.392802
vt 0.326231 0.392802
vt 0.333572 0.339347
vt 0.326231 0.339347
vt 0.403988 0.339347
vt 0.403988 0.321639
vt 0.326231 0.125871
vt 0.326231 0.143743
vt 0.403988 0.125871
vt 0.333572 0.125871
vt 0.326231 0.214901
vt 0.333572 0.214901
vt 0.403988 0.214901
vt 0.403988 0.037000
vt 0.333572 0.019291
vt 0.403988 0.019291
vt 0.326231 0.037000
vt 0.333572 0.037000
vt 0.326231 0.410510
vt 0.326231 0.286059
vt 0.326231 0.303931
vt 0.333572 0.286059
vt 0.403988 0.286059
vt 0.403988 0.090455
vt 0.333572 0.108163
vt 0.333572 0.090455
vt 0.326231 0.108163
vt 0.333572 0.357220
vt 0.403988 0.357220
vt 0.403988 0.108163
vt 0.326231 0.001418
vt 0.326231 0.019291
vt 0.333572 0.001418
vt 0.403988 0.001418
vt 0.326231 0.090455
vt 0.326231 0.357220
vt 0.887349 0.219382
vt 0.999236 0.334501
vt 0.969606 0.343619
vt 0.082847 0.078242
vt 0.082910 0.104261
vt 0.083386 0.180800
vt 0.154931 0.309378
vt 0.083618 0.283359
vt 0.154314 0.514922
vt 0.082910 0.514494
vt 0.159267 0.077920
vt 0.153544 0.617692
vt 0.082468 0.591033
vt 0.158885 0.591856
vt 0.154776 0.412150
vt 0.083371 0.411936
vt 0.083386 0.437955
vt 0.159962 0.232472
vt 0.159807 0.180707
vt 0.082847 0.540513
vt 0.083618 0.335396
vt 0.821246 0.360518
vt 0.268084 0.760708
vt 0.250432 0.786505
vt 0.241760 0.760395
vt 0.285736 0.786523
vt 0.268082 0.784120
vt 0.302040 0.793355
vt 0.294434 0.760382
vt 0.321527 0.759689
vt 0.334419 0.783527
vt 0.316084 0.804090
vt 0.347261 0.806539
vt 0.333683 0.834694
vt 0.326960 0.818201
vt 0.335904 0.852219
vt 0.360644 0.829209
vt 0.374714 0.852289
vt 0.360557 0.875313
vt 0.333628 0.869736
vt 0.347097 0.897917
vt 0.315952 0.900273
vt 0.326857 0.886201
vt 0.301896 0.910972
vt 0.334200 0.920847
vt 0.321286 0.944591
vt 0.294265 0.943885
vt 0.285593 0.917775
vt 0.267941 0.943572
vt 0.250289 0.917757
vt 0.267943 0.920159
vt 0.233985 0.910925
vt 0.241591 0.943897
vt 0.214498 0.944591
vt 0.201606 0.920753
vt 0.219940 0.900190
vt 0.188763 0.897741
vt 0.202342 0.869586
vt 0.209065 0.886078
vt 0.200121 0.852060
vt 0.175381 0.875070
vt 0.161311 0.851991
vt 0.175468 0.828967
vt 0.202397 0.834544
vt 0.188928 0.806363
vt 0.220073 0.804006
vt 0.209168 0.818078
vt 0.234129 0.793308
vt 0.201825 0.783433
vt 0.214739 0.759689
vt 0.809928 0.344998
vt 0.809928 0.328222
vt 0.888448 0.878674
vt 0.925330 0.926717
vt 0.911642 0.934628
vt 0.851570 0.830603
vt 0.865272 0.822698
vt 0.840389 0.915569
vt 0.832475 0.901871
vt 0.880559 0.938736
vt 0.865281 0.934651
vt 0.832469 0.855487
vt 0.840381 0.841786
vt 0.880551 0.818610
vt 0.896366 0.818616
vt 0.944405 0.855500
vt 0.948494 0.870769
vt 0.851579 0.926749
vt 0.936504 0.841808
vt 0.911638 0.822715
vt 0.828374 0.870769
vt 0.925328 0.830625
vt 0.828376 0.886590
vt 0.896372 0.938728
vt 0.936505 0.915535
vt 0.948494 0.886576
vt 0.944405 0.901844
vt 0.976525 0.373839
vt 0.998875 0.360518
vt 0.809928 0.311600
vt 0.809928 0.294979
vt 0.809928 0.278203
vt 0.809928 0.261428
vt 0.809928 0.244807
vt 0.809928 0.228186
vt 0.809928 0.211412
vt 0.809928 0.194637
vt 0.809928 0.178016
vt 0.809928 0.161395
vt 0.809928 0.144620
vt 0.809928 0.127845
vt 0.809928 0.111223
vt 0.809928 0.094602
vt 0.809928 0.077826
vt 0.809928 0.061050
vt 0.809928 0.044427
vt 0.809928 0.027805
vt 0.809928 0.011029
vt 0.797907 0.011029
vt 0.809928 0.411795
vt 0.809928 0.395018
vt 0.809928 0.378396
vt 0.809928 0.361774
vt 0.268012 0.852140
vt 0.910061 0.411795
vt 0.998875 0.257964
vt 0.910061 0.206686
vt 0.326231 0.232773
vt 0.326231 0.197029
vt 0.403988 0.428384
vt 0.083525 0.309378
vt 0.082142 0.617050
s 1
usemtl stalker_survival_guide_bolts
f 1587/1391/1241 1643/1392/1242 1819/1393/1243
f 1831/1394/1244 1788/1395/1245 1833/1396/1244
f 1823/1397/1246 1782/1398/1247 1822/1399/1247
f 1772/1400/1248 1829/1401/1249 1622/1402/1248
f 1774/1403/1250 1627/1404/1251 1773/1405/1252
f 1580/1406/1253 1825/1407/1254 1820/1408/1253
f 1837/1409/1255 1586/1410/1256 1834/1411/1257
f 1776/1412/1258 1802/1413/1259 1801/1414/1258
f 1778/1415/1258 1804/1416/1260 1803/1417/1258
f 1776/1412/1258 1599/1418/1261 1785/1419/1262
f 1778/1415/1258 1601/1420/1263 1786/1421/1264
f 1589/1422/1265 1789/1423/1266 1798/1424/1267
f 1774/1403/1250 1824/1425/1268 1621/1426/1250
f 1772/1400/1248 1623/1427/1269 1771/1428/1270
f 1579/1429/1271 1815/1430/1272 1814/1431/1271
f 1590/1432/1273 1600/1433/1274 1608/1434/1273
f 1810/1435/1275 1780/1436/1258 1805/1437/1258
f 1786/1421/1264 1602/1438/1276 1835/1439/1277
f 1581/1440/1278 1819/1393/1243 1818/1441/1278
f 1779/1442/1279 1795/1443/1280 1806/1444/1281
f 1566/1445/1282 1809/1446/1283 1607/1447/1282
f 1722/1448/1284 1549/1449/1285 1714/1450/1285
f 1704/1451/1286 1734/1452/1287 1715/1453/1287
f 1701/1454/1288 1725/1455/1247 1702/1456/1247
f 1706/1457/1289 1550/1458/1271 1713/1459/1271
f 1718/1460/1253 1738/1461/1290 1717/1462/1290
f 1715/1453/1287 1733/1463/1278 1721/1464/1278
f 1705/1465/1291 1537/1466/1289 1706/1457/1289
f 1713/1459/1271 1548/1467/1292 1712/1468/1292
f 1710/1469/1293 1724/1470/1294 1711/1471/1294
f 1714/1450/1285 1541/1472/1250 1708/1473/1250
f 1707/1474/1295 1536/1475/1296 1719/1476/1296
f 1717/1462/1290 1737/1477/1291 1705/1478/1291
f 1716/1479/1297 1726/1480/1288 1701/1454/1288
f 1700/1481/1248 1529/1482/1298 1699/1483/1298
f 1709/1484/1299 1531/1485/1248 1700/1481/1248
f 1719/1476/1296 1543/1486/1299 1709/1484/1299
f 1711/1471/1294 1723/1487/1253 1718/1460/1253
f 1703/1488/1300 1739/1489/1286 1704/1451/1286
f 1721/1464/1278 1730/1490/1301 1720/1491/1301
f 1708/1473/1250 1540/1492/1295 1707/1474/1295
f 1712/1468/1292 1551/1493/1284 1722/1448/1284
f 1720/1491/1301 1729/1494/1293 1710/1469/1293
f 1702/1456/1247 1731/1495/1300 1703/1488/1300
f 1699/1483/1298 1542/1496/1297 1716/1479/1297
f 1577/1497/1258 1798/1424/1267 1797/1498/1258
f 1796/1499/1302 1582/1500/1258 1807/1501/1258
f 1789/1423/1266 1584/1502/1303 1790/1503/1303
f 1795/1443/1280 1588/1504/1304 1796/1499/1302
f 1854/1505/1305 1787/1506/1306 1810/1435/1275
f 1595/1507/1307 1577/1497/1258 1797/1498/1258
f 1775/1508/1308 1602/1438/1276 1802/1413/1259
f 1582/1500/1258 1808/1509/1309 1807/1501/1258
f 1780/1436/1258 1806/1444/1281 1805/1437/1258
f 1790/1503/1303 1578/1510/1258 1609/1511/1258
f 1506/1512/1310 1748/1513/1311 1747/1445/1310
f 1750/1514/1312 1507/1515/1313 1749/1516/1313
f 1616/1517/1314 1576/1516/1315 1617/1518/1315
f 1509/1519/1316 1751/1520/1317 1752/1521/1316
f 1604/1522/1318 1564/1520/1319 1605/1523/1319
f 1511/1524/1320 1753/1525/1321 1754/1526/1320
f 1610/1527/1322 1560/1526/1323 1569/1525/1322
f 1597/1528/1324 1755/1529/1325 1756/1530/1324
f 1514/1531/1326 1555/1530/1327 1568/1529/1326
f 1515/1532/1328 1747/1445/1310 1757/1533/1328
f 1606/1534/1329 1566/1445/1282 1607/1447/1282
f 1517/1535/1330 1759/1536/1331 1516/1537/1331
f 1648/1538/1332 1571/1539/1333 1612/1540/1333
f 1611/1541/1334 1761/1542/1335 1792/1543/1335
f 1518/1544/1336 1570/1545/1337 1519/1546/1337
f 1514/1531/1326 1762/1547/1338 1520/1548/1338
f 1800/1549/1339 1755/1529/1325 1799/1550/1325
f 1521/1551/1340 1751/1520/1317 1510/1552/1317
f 1614/1553/1341 1564/1520/1319 1763/1554/1341
f 1748/1513/1311 1522/1555/1342 1764/1556/1342
f 1809/1446/1283 1554/1556/1343 1596/1557/1343
f 1613/1558/1344 1559/1559/1345 1794/1560/1345
f 1524/1561/1346 1766/1559/1347 1765/1562/1346
f 1519/1546/1337 1753/1525/1321 1512/1563/1321
f 1610/1527/1322 1760/1545/1334 1611/1541/1334
f 1522/1555/1342 1750/1514/1312 1764/1556/1342
f 1616/1517/1314 1554/1556/1343 1575/1514/1314
f 1525/1564/1348 1555/1530/1327 1513/1565/1327
f 1597/1528/1324 1556/1566/1349 1598/1567/1349
f 1603/1568/1350 1768/1569/1351 1769/1570/1350
f 1527/1571/1352 1561/1570/1353 1574/1569/1352
f 1517/1535/1330 1765/1562/1346 1758/1539/1330
f 1612/1540/1333 1572/1562/1344 1613/1558/1344
f 1518/1544/1336 1770/1572/1354 1557/1542/1336
f 1792/1543/1335 1558/1572/1355 1791/1573/1355
f 1604/1522/1318 1576/1516/1315 1563/1521/1318
f 1509/1519/1316 1749/1516/1313 1507/1515/1313
f 1527/1571/1352 1573/1554/1356 1521/1551/1340
f 1614/1553/1341 1768/1569/1351 1615/1574/1351
f 1511/1575/1320 1766/1559/1347 1523/1576/1347
f 1794/1560/1345 1560/1577/1323 1793/1578/1323
f 1525/1564/1348 1757/1533/1328 1767/1566/1348
f 1598/1567/1349 1565/1533/1329 1606/1534/1329
f 1516/1537/1331 1561/1570/1353 1526/1579/1353
f 1603/1568/1350 1562/1536/1332 1648/1538/1332
f 1528/1580/1354 1762/1547/1338 1770/1572/1354
f 1800/1549/1339 1558/1572/1355 1567/1547/1339
f 1578/1510/1258 1608/1434/1273 1609/1511/1258
f 1777/1581/1357 1854/1505/1305 1804/1416/1260
f 1594/1582/1358 1811/1583/1359 1808/1509/1309
f 1592/1584/1360 1845/1392/1361 1843/1585/1361
f 1593/1586/1362 1644/1394/1363 1641/1396/1364
f 1853/1587/1365 1781/1588/1246 1823/1397/1246
f 1773/1405/1252 1847/1589/1366 1849/1590/1367
f 1821/1591/1360 1580/1406/1253 1820/1408/1253
f 1642/1592/1368 1591/1593/1369 1826/1594/1370
f 1826/1594/1370 1579/1429/1271 1814/1431/1271
f 1771/1428/1270 1839/1595/1371 1841/1596/1371
f 1646/1595/1372 1784/1597/1373 1637/1596/1374
f 1827/1598/1245 1782/1398/1247 1788/1395/1245
f 1828/1599/1375 1581/1440/1278 1818/1441/1278
f 1647/1589/1376 1585/1600/1377 1638/1590/1376
f 1783/1601/1249 1645/1587/1378 1829/1401/1249
f 1785/1419/1262 1600/1433/1274 1848/1602/1274
f 1813/1603/1379 1676/1604/1380 1812/1605/1381
f 1813/1603/1379 1857/1606/1382 1675/1607/1379
f 1858/1608/1383 1629/1609/1384 1852/1610/1385
f 1858/1608/1383 1632/1611/1386 1859/1612/1386
f 1635/1613/1387 1859/1612/1386 1632/1611/1386
f 1635/1613/1387 1861/1614/1388 1680/1615/1389
f 1862/1616/1390 1618/1617/1391 1830/1618/1392
f 1862/1616/1390 1628/1619/1393 1863/1620/1394
f 1634/1621/1395 1863/1620/1394 1628/1619/1393
f 1634/1621/1395 1865/1622/1396 1684/1623/1395
f 1866/1624/1397 1633/1625/1398 1844/1626/1399
f 1866/1624/1397 1624/1627/1400 1867/1628/1401
f 1631/1629/1402 1867/1628/1401 1624/1627/1400
f 1631/1629/1402 1869/1630/1403 1688/1631/1402
f 1870/1632/1404 1630/1633/1403 1836/1634/1405
f 1870/1632/1404 1619/1635/1406 1871/1636/1406
f 1626/1637/1407 1871/1636/1406 1619/1635/1406
f 1626/1637/1407 1873/1638/1408 1692/1639/1407
f 1874/1640/1409 1625/1641/1410 1846/1642/1411
f 1874/1640/1409 1816/1643/1412 1875/1644/1412
f 1817/1645/1413 1875/1644/1412 1816/1643/1412
f 1817/1645/1413 1877/1646/1414 1696/1647/1413
f 1878/1648/1415 1620/1649/1416 1838/1650/1417
f 1878/1648/1415 1812/1605/1381 1676/1604/1380
f 1654/1651/1418 1547/1490/1419 1661/1652/1420
f 1650/1653/1258 1879/1654/1258 1880/1655/1258
f 1650/1653/1258 1881/1656/1258 1882/1657/1258
f 1650/1653/1258 1883/1658/1258 1884/1659/1258
f 1650/1653/1258 1885/1660/1258 1886/1661/1258
f 1650/1653/1258 1887/1662/1258 1888/1663/1258
f 1650/1653/1258 1889/1664/1258 1890/1665/1258
f 1650/1653/1258 1888/1663/1258 1881/1656/1258
f 1650/1653/1258 1891/1666/1258 1892/1667/1258
f 1650/1653/1258 1893/1668/1258 1883/1658/1258
f 1650/1653/1258 1882/1657/1258 1889/1664/1258
f 1650/1653/1258 1894/1669/1258 1891/1666/1258
f 1650/1653/1258 1886/1661/1258 1893/1668/1258
f 1650/1653/1258 1890/1665/1258 1895/1670/1258
f 1650/1653/1258 1896/1671/1258 1887/1662/1258
f 1650/1653/1258 1897/1672/1258 1894/1669/1258
f 1650/1653/1258 1898/1673/1258 1896/1671/1258
f 1650/1653/1258 1899/1674/1258 1885/1660/1258
f 1650/1653/1258 1900/1675/1258 1879/1654/1258
f 1650/1653/1258 1895/1670/1258 1897/1672/1258
f 1650/1653/1258 1884/1659/1258 1898/1673/1258
f 1650/1653/1258 1880/1655/1258 1899/1674/1258
f 1650/1653/1258 1901/1676/1258 1902/1677/1258
f 1650/1653/1258 1892/1667/1258 1901/1676/1258
f 1650/1653/1258 1902/1677/1258 1900/1675/1258
f 1583/1678/1421 1811/1583/1359 1850/1679/1359
f 1661/1652/1420 1538/1463/1422 1662/1680/1423
f 1662/1680/1423 1552/1452/1424 1667/1681/1425
f 1667/1681/1425 1533/1489/1426 1669/1682/1427
f 1669/1682/1427 1535/1495/1428 1666/1683/1429
f 1666/1683/1429 1544/1455/1430 1663/1684/1431
f 1663/1684/1431 1530/1480/1432 1664/1685/1433
f 1664/1685/1433 1746/1496/1434 1673/1686/1435
f 1674/1687/1436 1746/1496/1434 1735/1482/1437
f 1672/1688/1438 1735/1482/1437 1736/1485/1439
f 1651/1689/1440 1736/1485/1439 1740/1486/1441
f 1652/1690/1442 1740/1486/1441 1741/1475/1443
f 1671/1691/1444 1741/1475/1443 1743/1492/1445
f 1657/1692/1446 1743/1492/1445 1744/1472/1447
f 1658/1693/1448 1744/1472/1447 1732/1449/1449
f 1665/1694/1450 1732/1449/1449 1727/1493/1451
f 1655/1695/1452 1727/1493/1451 1728/1467/1453
f 1656/1696/1454 1728/1467/1453 1745/1458/1455
f 1670/1697/1456 1745/1458/1455 1742/1466/1457
f 1668/1698/1458 1742/1466/1457 1539/1699/1458
f 1668/1700/1458 1532/1461/1459 1659/1701/1460
f 1659/1701/1460 1534/1487/1461 1660/1702/1462
f 1653/1703/1463 1545/1494/1464 1654/1651/1418
f 1660/1702/1462 1546/1470/1465 1653/1703/1463
f 1649/1704/1466 1856/1604/1466 1855/1607/1466
f 1649/1704/1466 1855/1607/1466 1677/1606/1466
f 1649/1704/1466 1677/1606/1466 1678/1608/1466
f 1649/1704/1466 1678/1608/1466 1679/1612/1466
f 1649/1704/1466 1679/1612/1466 1860/1615/1466
f 1649/1704/1466 1860/1615/1466 1681/1614/1466
f 1649/1704/1466 1681/1614/1466 1682/1616/1466
f 1649/1704/1466 1682/1616/1466 1683/1620/1466
f 1649/1704/1466 1683/1620/1466 1864/1623/1466
f 1649/1704/1466 1864/1623/1466 1685/1622/1466
f 1649/1704/1466 1685/1622/1466 1686/1624/1466
f 1649/1704/1466 1686/1624/1466 1687/1628/1466
f 1649/1704/1466 1687/1628/1466 1868/1631/1466
f 1649/1704/1466 1868/1631/1466 1689/1630/1466
f 1649/1704/1466 1689/1630/1466 1690/1632/1466
f 1649/1704/1466 1690/1632/1466 1691/1636/1466
f 1649/1704/1466 1691/1636/1466 1872/1639/1466
f 1649/1704/1466 1872/1639/1466 1693/1638/1466
f 1649/1704/1466 1693/1638/1466 1694/1640/1466
f 1649/1704/1466 1694/1640/1466 1695/1644/1466
f 1649/1704/1466 1695/1644/1466 1876/1647/1466
f 1649/1704/1466 1876/1647/1466 1697/1646/1466
f 1649/1704/1466 1697/1646/1466 1698/1648/1466
f 1649/1704/1466 1698/1648/1466 1856/1604/1466
f 1587/1391/1241 1640/1585/1242 1643/1392/1242
f 1831/1394/1244 1827/1598/1245 1788/1395/1245
f 1823/1397/1246 1781/1588/1246 1782/1398/1247
f 1772/1400/1248 1783/1601/1249 1829/1401/1249
f 1774/1403/1250 1621/1426/1250 1627/1404/1251
f 1580/1406/1253 1586/1410/1256 1825/1407/1254
f 1837/1409/1255 1825/1407/1254 1586/1410/1256
f 1776/1412/1258 1775/1508/1308 1802/1413/1259
f 1778/1415/1258 1777/1581/1357 1804/1416/1260
f 1776/1412/1258 1801/1414/1258 1599/1418/1261
f 1778/1415/1258 1803/1417/1258 1601/1420/1263
f 1589/1422/1265 1840/1705/1266 1789/1423/1266
f 1774/1403/1250 1784/1597/1373 1824/1425/1268
f 1772/1400/1248 1622/1402/1248 1623/1427/1269
f 1579/1429/1271 1585/1600/1377 1815/1430/1272
f 1590/1432/1273 1848/1602/1274 1600/1433/1274
f 1810/1435/1275 1787/1506/1306 1780/1436/1258
f 1786/1421/1264 1601/1420/1263 1602/1438/1276
f 1581/1440/1278 1587/1391/1241 1819/1393/1243
f 1779/1442/1279 1832/1706/1467 1795/1443/1280
f 1566/1445/1282 1553/1513/1283 1809/1446/1283
f 1722/1448/1284 1551/1493/1284 1549/1449/1285
f 1704/1451/1286 1739/1489/1286 1734/1452/1287
f 1701/1454/1288 1726/1480/1288 1725/1455/1247
f 1706/1457/1289 1537/1466/1289 1550/1458/1271
f 1718/1460/1253 1723/1487/1253 1738/1461/1290
f 1715/1453/1287 1734/1452/1287 1733/1463/1278
f 1705/1465/1291 1737/1699/1291 1537/1466/1289
f 1713/1459/1271 1550/1458/1271 1548/1467/1292
f 1710/1469/1293 1729/1494/1293 1724/1470/1294
f 1714/1450/1285 1549/1449/1285 1541/1472/1250
f 1707/1474/1295 1540/1492/1295 1536/1475/1296
f 1717/1462/1290 1738/1461/1290 1737/1477/1291
f 1716/1479/1297 1542/1496/1297 1726/1480/1288
f 1700/1481/1248 1531/1485/1248 1529/1482/1298
f 1709/1484/1299 1543/1486/1299 1531/1485/1248
f 1719/1476/1296 1536/1475/1296 1543/1486/1299
f 1711/1471/1294 1724/1470/1294 1723/1487/1253
f 1703/1488/1300 1731/1495/1300 1739/1489/1286
f 1721/1464/1278 1733/1463/1278 1730/1490/1301
f 1708/1473/1250 1541/1472/1250 1540/1492/1295
f 1712/1468/1292 1548/1467/1292 1551/1493/1284
f 1720/1491/1301 1730/1490/1301 1729/1494/1293
f 1702/1456/1247 1725/1455/1247 1731/1495/1300
f 1699/1483/1298 1529/1482/1298 1542/1496/1297
f 1577/1497/1258 1589/1422/1265 1798/1424/1267
f 1796/1499/1302 1588/1504/1304 1582/1500/1258
f 1789/1423/1266 1840/1705/1266 1584/1502/1303
f 1795/1443/1280 1832/1706/1467 1588/1504/1304
f 1854/1505/1305 1842/1707/1305 1787/1506/1306
f 1595/1507/1307 1583/1678/1421 1577/1497/1258
f 1775/1508/1308 1835/1439/1277 1602/1438/1276
f 1582/1500/1258 1594/1582/1358 1808/1509/1309
f 1780/1436/1258 1779/1442/1279 1806/1444/1281
f 1790/1503/1303 1584/1502/1303 1578/1510/1258
f 1506/1512/1310 1505/1708/1311 1748/1513/1311
f 1750/1514/1312 1508/1709/1312 1507/1515/1313
f 1616/1517/1314 1575/1514/1314 1576/1516/1315
f 1509/1519/1316 1510/1552/1317 1751/1520/1317
f 1604/1522/1318 1563/1521/1318 1564/1520/1319
f 1511/1524/1320 1512/1563/1321 1753/1525/1321
f 1610/1527/1322 1793/1710/1323 1560/1526/1323
f 1597/1528/1324 1799/1550/1325 1755/1529/1325
f 1514/1531/1326 1513/1565/1327 1555/1530/1327
f 1515/1532/1328 1506/1512/1310 1747/1445/1310
f 1606/1534/1329 1565/1533/1329 1566/1445/1282
f 1517/1535/1330 1758/1539/1330 1759/1536/1331
f 1648/1538/1332 1562/1536/1332 1571/1539/1333
f 1611/1541/1334 1760/1545/1334 1761/1542/1335
f 1518/1544/1336 1557/1542/1336 1570/1545/1337
f 1514/1531/1326 1568/1529/1326 1762/1547/1338
f 1800/1549/1339 1567/1547/1339 1755/1529/1325
f 1521/1551/1340 1573/1554/1356 1751/1520/1317
f 1614/1553/1341 1605/1523/1319 1564/1520/1319
f 1748/1513/1311 1505/1708/1311 1522/1555/1342
f 1809/1446/1283 1553/1513/1283 1554/1556/1343
f 1613/1558/1344 1572/1562/1344 1559/1559/1345
f 1524/1561/1346 1523/1576/1347 1766/1559/1347
f 1519/1546/1337 1570/1545/1337 1753/1525/1321
f 1610/1527/1322 1569/1525/1322 1760/1545/1334
f 1522/1555/1342 1508/1709/1312 1750/1514/1312
f 1616/1517/1314 1596/1557/1343 1554/1556/1343
f 1525/1564/1348 1767/1566/1348 1555/1530/1327
f 1597/1528/1324 1756/1530/1324 1556/1566/1349
f 1603/1568/1350 1615/1574/1351 1768/1569/1351
f 1527/1571/1352 1526/1579/1353 1561/1570/1353
f 1517/1535/1330 1524/1561/1346 1765/1562/1346
f 1612/1540/1333 1571/1539/1333 1572/1562/1344
f 1518/1544/1336 1528/1580/1354 1770/1572/1354
f 1792/1543/1335 1761/1542/1335 1558/1572/1355
f 1604/1522/1318 1617/1518/1315 1576/1516/1315
f 1509/1519/1316 1752/1521/1316 1749/1516/1313
f 1527/1571/1352 1574/1569/1352 1573/1554/1356
f 1614/1553/1341 1763/1554/1341 1768/1569/1351
f 1511/1575/1320 1754/1577/1320 1766/1559/1347
f 1794/1560/1345 1559/1559/1345 1560/1577/1323
f 1525/1564/1348 1515/1532/1328 1757/1533/1328
f 1598/1567/1349 1556/1566/1349 1565/1533/1329
f 1516/1537/1331 1759/1536/1331 1561/1570/1353
f 1603/1568/1350 1769/1570/1350 1562/1536/1332
f 1528/1580/1354 1520/1548/1338 1762/1547/1338
f 1800/1549/1339 1791/1573/1355 1558/1572/1355
f 1578/1510/1258 1590/1432/1273 1608/1434/1273
f 1777/1581/1357 1842/1707/1305 1854/1505/1305
f 1594/1582/1358 1850/1679/1359 1811/1583/1359
f 1592/1584/1360 1821/1591/1360 1845/1392/1361
f 1593/1586/1362 1828/1599/1375 1644/1394/1363
f 1853/1587/1365 1851/1711/1468 1781/1588/1246
f 1773/1405/1252 1627/1404/1251 1847/1589/1366
f 1821/1591/1360 1592/1584/1360 1580/1406/1253
f 1642/1592/1368 1639/1712/1469 1591/1593/1369
f 1826/1594/1370 1591/1593/1369 1579/1429/1271
f 1771/1428/1270 1623/1427/1269 1839/1595/1371
f 1646/1595/1372 1824/1425/1268 1784/1597/1373
f 1827/1598/1245 1822/1399/1247 1782/1398/1247
f 1828/1599/1375 1593/1586/1362 1581/1440/1278
f 1647/1589/1376 1815/1430/1272 1585/1600/1377
f 1783/1601/1249 1636/1711/1470 1645/1587/1378
f 1785/1419/1262 1599/1418/1261 1600/1433/1274
f 1813/1603/1379 1675/1607/1379 1676/1604/1380
f 1813/1603/1379 1629/1609/1384 1857/1606/1382
f 1858/1608/1383 1857/1606/1382 1629/1609/1384
f 1858/1608/1383 1852/1610/1385 1632/1611/1386
f 1635/1613/1387 1680/1615/1389 1859/1612/1386
f 1635/1613/1387 1618/1617/1391 1861/1614/1388
f 1862/1616/1390 1861/1614/1388 1618/1617/1391
f 1862/1616/1390 1830/1618/1392 1628/1619/1393
f 1634/1621/1395 1684/1623/1395 1863/1620/1394
f 1634/1621/1395 1633/1625/1398 1865/1622/1396
f 1866/1624/1397 1865/1622/1396 1633/1625/1398
f 1866/1624/1397 1844/1626/1399 1624/1627/1400
f 1631/1629/1402 1688/1631/1402 1867/1628/1401
f 1631/1629/1402 1630/1633/1403 1869/1630/1403
f 1870/1632/1404 1869/1630/1403 1630/1633/1403
f 1870/1632/1404 1836/1634/1405 1619/1635/1406
f 1626/1637/1407 1692/1639/1407 1871/1636/1406
f 1626/1637/1407 1625/1641/1410 1873/1638/1408
f 1874/1640/1409 1873/1638/1408 1625/1641/1410
f 1874/1640/1409 1846/1642/1411 1816/1643/1412
f 1817/1645/1413 1696/1647/1413 1875/1644/1412
f 1817/1645/1413 1620/1649/1416 1877/1646/1414
f 1878/1648/1415 1877/1646/1414 1620/1649/1416
f 1878/1648/1415 1838/1650/1417 1812/1605/1381
f 1654/1651/1418 1545/1494/1464 1547/1490/1419
f 1583/1678/1421 1595/1507/1307 1811/1583/1359
f 1661/1652/1420 1547/1490/1419 1538/1463/1422
f 1662/1680/1423 1538/1463/1422 1552/1452/1424
f 1667/1681/1425 1552/1452/1424 1533/1489/1426
f 1669/1682/1427 1533/1489/1426 1535/1495/1428
f 1666/1683/1429 1535/1495/1428 1544/1455/1430
f 1663/1684/1431 1544/1455/1430 1530/1480/1432
f 1664/1685/1433 1530/1480/1432 1746/1496/1434
f 1674/1687/1436 1673/1686/1435 1746/1496/1434
f 1672/1688/1438 1674/1687/1436 1735/1482/1437
f 1651/1689/1440 1672/1688/1438 1736/1485/1439
f 1652/1690/1442 1651/1689/1440 1740/1486/1441
f 1671/1691/1444 1652/1690/1442 1741/1475/1443
f 1657/1692/1446 1671/1691/1444 1743/1492/1445
f 1658/1693/1448 1657/1692/1446 1744/1472/1447
f 1665/1694/1450 1658/1693/1448 1732/1449/1449
f 1655/1695/1452 1665/1694/1450 1727/1493/1451
f 1656/1696/1454 1655/1695/1452 1728/1467/1453
f 1670/1697/1456 1656/1696/1454 1745/1458/1455
f 1668/1698/1458 1670/1697/1456 1742/1466/1457
f 1668/1700/1458 1539/1477/1458 1532/1461/1459
f 1659/1701/1460 1532/1461/1459 1534/1487/1461
f 1653/1703/1463 1546/1470/1465 1545/1494/1464
f 1660/1702/1462 1534/1487/1461 1546/1470/1465
o bolt_1
v -0.063889 0.045800 -0.383033
v -0.068182 0.045800 -0.381254
v -0.050381 0.045800 -0.381254
v -0.054674 0.045800 -0.383033
v -0.046695 0.045800 -0.378426
v -0.043866 0.045800 -0.374739
v -0.059282 0.045800 -0.348038
v -0.063889 0.045800 -0.348645
v -0.076476 0.045800 -0.370446
v -0.077082 0.045800 -0.365839
v -0.071869 0.045800 -0.378426
v -0.043866 0.045800 -0.356938
v -0.046695 0.045800 -0.353252
v -0.071869 0.045800 -0.353252
v -0.068182 0.045800 -0.350423
v -0.076476 0.045800 -0.361232
v -0.042088 0.045800 -0.370446
v -0.059282 0.045800 -0.383639
v -0.054674 0.045800 -0.348645
v -0.050381 0.045800 -0.350423
v -0.074697 0.045800 -0.374739
v -0.042088 0.045800 -0.361232
v -0.041481 0.045800 -0.365839
v -0.074697 0.045800 -0.356938
v -0.063889 0.131308 -0.383033
v -0.054674 0.131308 -0.383033
v -0.068182 0.131308 -0.381254
v -0.054674 0.131308 -0.348645
v -0.043866 0.131308 -0.374739
v -0.050381 0.131308 -0.350423
v -0.046695 0.131308 -0.378426
v -0.074697 0.131308 -0.374739
v -0.063889 0.131308 -0.348645
v -0.041481 0.131308 -0.365839
v -0.059282 0.131308 -0.348038
v -0.076476 0.131308 -0.370446
v -0.077082 0.131308 -0.365839
v -0.059282 0.131308 -0.383639
v -0.071869 0.131308 -0.378426
v -0.050381 0.131308 -0.381254
v -0.043866 0.131308 -0.356938
v -0.046695 0.131308 -0.353252
v -0.042088 0.131308 -0.361232
v -0.071869 0.131308 -0.353252
v -0.076476 0.131308 -0.361232
v -0.068182 0.131308 -0.350423
v -0.074697 0.131308 -0.356938
v -0.042088 0.131308 -0.370446
v -0.064215 0.044206 -0.384250
v -0.059282 0.044206 -0.384899
v -0.077693 0.044206 -0.370772
v -0.075789 0.044206 -0.375369
v -0.072759 0.044206 -0.352361
v -0.075789 0.044206 -0.356308
v -0.054348 0.044206 -0.347428
v -0.059282 0.044206 -0.346778
v -0.040871 0.044206 -0.360906
v -0.042775 0.044206 -0.356308
v -0.045804 0.044206 -0.379317
v -0.042775 0.044206 -0.375369
v -0.072759 0.044206 -0.379317
v -0.068812 0.044206 -0.382346
v -0.077693 0.044206 -0.360906
v -0.078342 0.044206 -0.365839
v -0.064215 0.044206 -0.347428
v -0.068812 0.044206 -0.349332
v -0.045804 0.044206 -0.352361
v -0.049751 0.044206 -0.349332
v -0.040871 0.044206 -0.370772
v -0.040221 0.044206 -0.365839
v -0.054348 0.044206 -0.384250
v -0.049751 0.044206 -0.382346
v -0.071644 0.024718 -0.387250
v -0.084006 0.024718 -0.365839
v -0.071644 0.024718 -0.344427
v -0.046920 0.024718 -0.344427
v -0.034558 0.024718 -0.365839
v -0.046920 0.024718 -0.387250
v -0.065578 0.024718 -0.390752
v -0.084006 0.024718 -0.372842
v -0.077709 0.024718 -0.347929
v -0.052985 0.024718 -0.340925
v -0.034558 0.024718 -0.358835
v -0.040854 0.024718 -0.383749
v -0.077709 0.024718 -0.383749
v -0.084006 0.024718 -0.358835
v -0.065578 0.024718 -0.340925
v -0.040854 0.024718 -0.347929
v -0.034558 0.024718 -0.372842
v -0.052985 0.024718 -0.390752
v -0.064215 0.024718 -0.384252
v -0.059282 0.024718 -0.384902
v -0.077695 0.024718 -0.370773
v -0.075791 0.024718 -0.375370
v -0.072761 0.024718 -0.352359
v -0.075791 0.024718 -0.356307
v -0.054348 0.024718 -0.347425
v -0.059282 0.024718 -0.346776
v -0.040868 0.024718 -0.360905
v -0.045802 0.024718 -0.379318
v -0.042773 0.024718 -0.375370
v -0.072761 0.024718 -0.379318
v -0.068813 0.024718 -0.382348
v -0.077695 0.024718 -0.360905
v -0.078345 0.024718 -0.365839
v -0.064215 0.024718 -0.347425
v -0.068813 0.024718 -0.349330
v -0.045802 0.024718 -0.352359
v -0.049750 0.024718 -0.349330
v -0.040868 0.024718 -0.370773
v -0.040219 0.024718 -0.365839
v -0.054348 0.024718 -0.384252
v -0.049750 0.024718 -0.382348
v -0.040794 0.003531 -0.383714
v -0.065518 0.003531 -0.340891
v -0.084006 0.003531 -0.372912
v -0.084006 0.002980 -0.365839
v -0.071644 0.002980 -0.387250
v -0.077769 0.003531 -0.383714
v -0.040794 0.003531 -0.347964
v -0.077769 0.003531 -0.347964
v -0.071644 0.002980 -0.344427
v -0.084006 0.003531 -0.358766
v -0.034558 0.003531 -0.372912
v -0.065518 0.003531 -0.390787
v -0.053045 0.003531 -0.340891
v -0.046920 0.002980 -0.344427
v -0.053045 0.003531 -0.390787
v -0.034558 0.003531 -0.358766
v -0.034558 0.002980 -0.365839
v -0.046920 0.002980 -0.387250
v -0.059282 0.024755 -0.394272
v -0.083905 0.024755 -0.380055
v -0.083905 0.024755 -0.351622
v -0.059282 0.024755 -0.337406
v -0.034658 0.024755 -0.351622
v -0.034658 0.024755 -0.380055
v -0.059282 0.004958 -0.337345
v -0.034605 0.004958 -0.351592
v -0.034605 0.004958 -0.380086
v -0.059282 0.004958 -0.394332
v -0.083958 0.004958 -0.380086
v -0.083958 0.004958 -0.351592
v -0.042773 0.024718 -0.356307
v -0.059282 0.000018 -0.365839
v -0.059282 0.134489 -0.365843
v -0.071154 0.134489 -0.377719
v -0.073823 0.134489 -0.374242
v -0.047402 0.134489 -0.353967
v -0.044733 0.134489 -0.357447
v -0.071162 0.134489 -0.353967
v -0.067683 0.134489 -0.351296
v -0.076077 0.134489 -0.365847
v -0.075507 0.134489 -0.361499
v -0.054933 0.134489 -0.349616
v -0.050881 0.134489 -0.351296
v -0.043057 0.134489 -0.361499
v -0.042486 0.134489 -0.365847
v -0.050887 0.134489 -0.380386
v -0.054937 0.134489 -0.382062
v -0.073830 0.134489 -0.357447
v -0.047410 0.134489 -0.377719
v -0.043061 0.134489 -0.370193
v -0.059282 0.134489 -0.349044
v -0.044740 0.134489 -0.374242
v -0.063631 0.134489 -0.349616
v -0.075503 0.134489 -0.370193
v -0.067676 0.134489 -0.380386
v -0.059282 0.134489 -0.382634
v -0.063627 0.134489 -0.382062
v -0.068813 0.000018 -0.382347
v -0.072773 0.000018 -0.379306
v -0.064199 0.000018 -0.384256
v -0.059282 0.000018 -0.384901
v -0.054364 0.000018 -0.384256
v -0.049750 0.000018 -0.382347
v -0.045790 0.000018 -0.379306
v -0.042773 0.000018 -0.375370
v -0.040873 0.000018 -0.370789
v -0.040219 0.000018 -0.365839
v -0.040873 0.000018 -0.360889
v -0.042773 0.000018 -0.356308
v -0.045790 0.000018 -0.352372
v -0.049750 0.000018 -0.349330
v -0.054364 0.000018 -0.347421
v -0.059282 0.000018 -0.346776
v -0.064199 0.000018 -0.347421
v -0.068813 0.000018 -0.349330
v -0.072773 0.000018 -0.352372
v -0.075790 0.000018 -0.356308
v -0.077690 0.000018 -0.360889
v -0.078344 0.000018 -0.365839
v -0.077690 0.000018 -0.370789
v -0.075790 0.000018 -0.375370
v -0.063889 0.045800 -0.383033
v -0.068182 0.045800 -0.381254
v -0.054674 0.045800 -0.383033
v -0.050381 0.045800 -0.381254
v -0.046695 0.045800 -0.378426
v -0.043866 0.045800 -0.374739
v -0.059282 0.045800 -0.348038
v -0.063889 0.045800 -0.348645
v -0.076476 0.045800 -0.370446
v -0.077082 0.045800 -0.365839
v -0.071869 0.045800 -0.378426
v -0.043866 0.045800 -0.356938
v -0.046695 0.045800 -0.353252
v -0.071869 0.045800 -0.353252
v -0.068182 0.045800 -0.350423
v -0.076476 0.045800 -0.361232
v -0.042088 0.045800 -0.370446
v -0.059282 0.045800 -0.383639
v -0.054674 0.045800 -0.348645
v -0.050381 0.045800 -0.350423
v -0.074697 0.045800 -0.374739
v -0.042088 0.045800 -0.361232
v -0.041481 0.045800 -0.365839
v -0.074697 0.045800 -0.356938
v -0.050381 0.131308 -0.350423
v -0.046695 0.131308 -0.353252
v -0.050381 0.131308 -0.381254
v -0.054674 0.131308 -0.383033
v -0.074697 0.131308 -0.356938
v -0.071869 0.131308 -0.353252
v -0.043866 0.131308 -0.356938
v -0.042088 0.131308 -0.361232
v -0.046695 0.131308 -0.378426
v -0.076476 0.131308 -0.361232
v -0.041481 0.131308 -0.365839
v -0.042088 0.131308 -0.370446
v -0.063889 0.131308 -0.383033
v -0.068182 0.131308 -0.381254
v -0.059282 0.131308 -0.348038
v -0.054674 0.131308 -0.348645
v -0.043866 0.131308 -0.374739
v -0.071869 0.131308 -0.378426
v -0.074697 0.131308 -0.374739
v -0.063889 0.131308 -0.348645
v -0.076476 0.131308 -0.370446
v -0.077082 0.131308 -0.365839
v -0.068182 0.131308 -0.350423
v -0.059282 0.131308 -0.383639
v -0.068812 0.044206 -0.382346
v -0.064215 0.044206 -0.384250
v -0.049751 0.044206 -0.382346
v -0.054348 0.044206 -0.384250
v -0.042775 0.044206 -0.375369
v -0.045804 0.044206 -0.379317
v -0.064215 0.044206 -0.347428
v -0.059282 0.044206 -0.346778
v -0.078342 0.044206 -0.365839
v -0.077693 0.044206 -0.370772
v -0.072759 0.044206 -0.379317
v -0.045804 0.044206 -0.352361
v -0.042775 0.044206 -0.356308
v -0.068812 0.044206 -0.349332
v -0.072759 0.044206 -0.352361
v -0.077693 0.044206 -0.360906
v -0.040871 0.044206 -0.370772
v -0.059282 0.044206 -0.384899
v -0.049751 0.044206 -0.349332
v -0.054348 0.044206 -0.347428
v -0.075789 0.044206 -0.375369
v -0.040221 0.044206 -0.365839
v -0.040871 0.044206 -0.360906
v -0.075789 0.044206 -0.356308
v -0.077709 0.024718 -0.383749
v -0.071644 0.024718 -0.387250
v -0.084006 0.024718 -0.358835
v -0.084006 0.024718 -0.365839
v -0.065578 0.024718 -0.340925
v -0.071644 0.024718 -0.344427
v -0.040854 0.024718 -0.347929
v -0.046920 0.024718 -0.344427
v -0.034558 0.024718 -0.372842
v -0.034558 0.024718 -0.365839
v -0.052985 0.024718 -0.390752
v -0.046920 0.024718 -0.387250
v -0.065578 0.024718 -0.390752
v -0.084006 0.024718 -0.372842
v -0.077709 0.024718 -0.347929
v -0.052985 0.024718 -0.340925
v -0.034558 0.024718 -0.358835
v -0.040854 0.024718 -0.383749
v -0.075791 0.024718 -0.375370
v -0.077695 0.024718 -0.370773
v -0.075791 0.024718 -0.356307
v -0.072761 0.024718 -0.352359
v -0.059282 0.024718 -0.346776
v -0.054348 0.024718 -0.347425
v -0.042773 0.024718 -0.375370
v -0.045802 0.024718 -0.379318
v -0.068813 0.024718 -0.382348
v -0.072761 0.024718 -0.379318
v -0.078345 0.024718 -0.365839
v -0.077695 0.024718 -0.360905
v -0.068813 0.024718 -0.349330
v -0.064215 0.024718 -0.347425
v -0.049750 0.024718 -0.349330
v -0.045802 0.024718 -0.352359
v -0.040219 0.024718 -0.365839
v -0.040868 0.024718 -0.370773
v -0.049750 0.024718 -0.382348
v -0.054348 0.024718 -0.384252
v -0.064215 0.024718 -0.384252
v -0.040868 0.024718 -0.360905
v -0.059282 0.024718 -0.384902
v -0.077769 0.003531 -0.383714
v -0.071644 0.002980 -0.387250
v -0.071644 0.002980 -0.344427
v -0.077769 0.003531 -0.347964
v -0.084006 0.003531 -0.358766
v -0.084006 0.002980 -0.365839
v -0.034558 0.002980 -0.365839
v -0.034558 0.003531 -0.358766
v -0.046920 0.002980 -0.344427
v -0.040794 0.003531 -0.347964
v -0.046920 0.002980 -0.387250
v -0.053045 0.003531 -0.390787
v -0.084006 0.003531 -0.372912
v -0.053045 0.003531 -0.340891
v -0.065518 0.003531 -0.340891
v -0.040794 0.003531 -0.383714
v -0.034558 0.003531 -0.372912
v -0.065518 0.003531 -0.390787
v -0.034605 0.004958 -0.380086
v -0.034605 0.004958 -0.380086
v -0.034658 0.024755 -0.380055
v -0.034658 0.024755 -0.380055
v -0.059282 0.024755 -0.337406
v -0.059282 0.024755 -0.337406
v -0.059282 0.004958 -0.337345
v -0.059282 0.004958 -0.337345
v -0.083958 0.004958 -0.380086
v -0.083958 0.004958 -0.380086
v -0.083905 0.024755 -0.380055
v -0.083905 0.024755 -0.380055
v -0.034658 0.024755 -0.351622
v -0.034658 0.024755 -0.351622
v -0.034605 0.004958 -0.351592
v -0.034605 0.004958 -0.351592
v -0.083958 0.004958 -0.351592
v -0.083958 0.004958 -0.351592
v -0.083905 0.024755 -0.351622
v -0.083905 0.024755 -0.351622
v -0.059282 0.024755 -0.394272
v -0.059282 0.024755 -0.394272
v -0.059282 0.004958 -0.394332
v -0.059282 0.004958 -0.394332
v -0.042773 0.024718 -0.356307
v -0.068813 0.000018 -0.382347
v -0.072773 0.000018 -0.379306
v -0.064199 0.000018 -0.384256
v -0.059282 0.000018 -0.384901
v -0.054364 0.000018 -0.384256
v -0.049750 0.000018 -0.382347
v -0.045790 0.000018 -0.379306
v -0.042773 0.000018 -0.375370
v -0.040873 0.000018 -0.370789
v -0.040219 0.000018 -0.365839
v -0.040873 0.000018 -0.360889
v -0.042773 0.000018 -0.356308
v -0.045790 0.000018 -0.352372
v -0.049750 0.000018 -0.349330
v -0.054364 0.000018 -0.347421
v -0.059282 0.000018 -0.346776
v -0.064199 0.000018 -0.347421
v -0.068813 0.000018 -0.349330
v -0.072773 0.000018 -0.352372
v -0.075790 0.000018 -0.356308
v -0.077690 0.000018 -0.360889
v -0.078344 0.000018 -0.365839
v -0.077690 0.000018 -0.370789
v -0.075790 0.000018 -0.375370
v -0.071154 0.134489 -0.377719
v -0.073823 0.134489 -0.374242
v -0.047402 0.134489 -0.353967
v -0.044733 0.134489 -0.357447
v -0.071162 0.134489 -0.353967
v -0.067683 0.134489 -0.351296
v -0.076077 0.134489 -0.365847
v -0.075507 0.134489 -0.361499
v -0.054933 0.134489 -0.349616
v -0.050881 0.134489 -0.351296
v -0.043057 0.134489 -0.361499
v -0.042486 0.134489 -0.365847
v -0.050887 0.134489 -0.380386
v -0.054937 0.134489 -0.382062
v -0.073830 0.134489 -0.357447
v -0.047410 0.134489 -0.377719
v -0.043061 0.134489 -0.370193
v -0.059282 0.134489 -0.349044
v -0.044740 0.134489 -0.374242
v -0.063631 0.134489 -0.349616
v -0.075503 0.134489 -0.370193
v -0.067676 0.134489 -0.380386
v -0.059282 0.134489 -0.382634
v -0.063627 0.134489 -0.382062
vn 1.0000 0.0007 0.0051
vn 0.9999 0.0013 0.0102
vn 1.0000 0.0006 0.0050
vn 0.5088 0.0013 -0.8609
vn 0.5044 0.0006 -0.8635
vn 0.4955 0.0007 -0.8686
vn 0.5000 -0.0000 -0.8660
vn -0.5000 -0.0000 -0.8660
vn -0.4956 0.0006 -0.8685
vn -1.0000 -0.0000 -0.0000
vn -1.0000 0.0006 0.0050
vn -1.0000 0.0007 0.0051
vn 0.5000 -0.0000 0.8660
vn 0.4960 0.0006 0.8683
vn 0.4912 0.0013 0.8711
vn 0.4956 0.0007 0.8686
vn 0.4911 0.0013 0.8711
vn -0.0000 1.0000 -0.0000
vn -0.0011 1.0000 -0.0012
vn -0.0020 1.0000 0.0004
vn 0.0015 1.0000 0.0004
vn 0.0021 1.0000 0.0005
vn 0.0011 1.0000 -0.0012
vn 0.0015 1.0000 -0.0016
vn 0.0021 1.0000 -0.0005
vn 0.0021 1.0000 0.0012
vn 0.0020 1.0000 -0.0004
vn -1.0000 0.0006 -0.0050
vn -0.5044 0.0006 -0.8635
vn -0.5044 0.0007 -0.8635
vn -0.5000 -0.0000 0.8660
vn -0.5045 0.0007 0.8634
vn 0.0005 1.0000 -0.0015
vn 0.0021 1.0000 -0.0012
vn -0.0006 1.0000 -0.0019
vn -0.0000 1.0000 -0.0024
vn -0.0000 1.0000 -0.0025
vn 1.0000 -0.0000 -0.0000
vn -0.0006 1.0000 0.0020
vn -0.0020 1.0000 0.0012
vn -0.0006 1.0000 0.0019
vn -0.5000 0.0001 -0.8660
vn -0.2588 0.0001 -0.9659
vn -0.8660 -0.0000 0.5000
vn -0.9659 -0.0000 0.2588
vn 0.8660 -0.0000 -0.5000
vn 0.9659 -0.0000 -0.2588
vn 0.2588 -0.0000 -0.9659
vn -0.2588 -0.0000 0.9659
vn 0.2588 -0.0000 0.9659
vn -0.0000 -0.0000 1.0000
vn -0.7071 -0.0000 0.7071
vn 0.8660 -0.0000 0.5000
vn 0.7071 -0.0000 0.7071
vn -0.9659 -0.0000 -0.2588
vn -0.8660 -0.0000 -0.5000
vn -0.0000 -0.0000 -1.0000
vn -0.2588 -0.0000 -0.9659
vn -0.7071 -0.0000 -0.7071
vn 0.7071 -0.0000 -0.7071
vn 0.9659 -0.0000 0.2588
vn -0.0015 1.0000 -0.0004
vn 0.0005 1.0000 0.0015
vn -0.0021 1.0000 -0.0005
vn -0.0021 1.0000 -0.0012
vn -0.0006 1.0000 -0.0020
vn -0.0011 1.0000 0.0012
vn -0.0015 1.0000 -0.0016
vn 0.0011 1.0000 0.0012
vn -0.3923 0.6201 -0.6794
vn -0.2030 0.6201 -0.7578
vn 0.2030 0.6201 -0.7578
vn 0.3923 0.6201 -0.6794
vn 0.2588 0.0001 -0.9659
vn 0.5000 0.0001 -0.8660
vn 0.5547 0.6201 -0.5547
vn 0.6794 0.6201 -0.3923
vn 0.7071 0.0001 -0.7071
vn 0.8660 0.0001 -0.5000
vn -0.0000 0.6201 0.7845
vn -0.2030 0.6201 0.7578
vn -0.2588 0.0001 0.9659
vn -0.0000 0.0001 1.0000
vn -0.9659 0.0001 -0.2588
vn -1.0000 0.0001 -0.0000
vn -0.7845 0.6201 -0.0000
vn -0.7578 0.6201 -0.2030
vn -0.5547 0.6201 -0.5547
vn -0.7071 0.0001 -0.7071
vn 0.5547 0.6201 0.5547
vn 0.6794 0.6201 0.3923
vn 0.8660 0.0001 0.5000
vn 0.7071 0.0001 0.7071
vn -0.5000 0.0001 0.8660
vn -0.7071 0.0001 0.7071
vn -0.5547 0.6201 0.5547
vn -0.3923 0.6201 0.6794
vn -0.7578 0.6201 0.2030
vn -0.9659 0.0001 0.2588
vn 0.7578 0.6201 -0.2030
vn 0.9659 0.0001 -0.2588
vn -0.0000 0.6201 -0.7845
vn -0.0000 0.0001 -1.0000
vn 0.5000 0.0001 0.8660
vn 0.2588 0.0001 0.9659
vn 0.3923 0.6201 0.6794
vn 0.2030 0.6201 0.7578
vn -0.6794 0.6201 -0.3923
vn -0.8660 0.0001 -0.5000
vn 0.9659 0.0001 0.2588
vn 1.0000 0.0001 -0.0000
vn 0.7845 0.6201 -0.0000
vn 0.7578 0.6201 0.2030
vn -0.6794 0.6201 0.3923
vn -0.8660 0.0001 0.5000
vn 0.7578 0.6201 -0.2031
vn -0.0021 1.0000 0.0005
vn 0.0015 1.0000 0.0016
vn -0.0000 1.0000 0.0025
vn 0.5044 0.0006 0.8635
vn 0.5088 0.0013 0.8609
vn 1.0000 0.0007 -0.0051
vn 0.9999 0.0013 -0.0102
vn 0.9999 0.0013 -0.0101
vn 0.4912 0.0013 -0.8711
vn -0.9999 0.0013 0.0102
vn -0.9999 0.0013 0.0101
vn -0.4911 0.0013 0.8711
vn -0.4956 0.0006 0.8685
vn -0.4955 0.0007 0.8686
vn -0.5088 0.0013 -0.8609
vn -0.9999 0.0013 -0.0102
vn -1.0000 0.0007 -0.0051
vn -0.9999 0.0013 -0.0101
vn 1.0000 0.0006 -0.0051
vn -0.5088 0.0013 0.8609
vn -0.5044 0.0006 0.8635
vn -0.4912 0.0013 -0.8711
vn -0.2332 -0.8845 -0.4040
vn -0.3354 -0.8850 -0.3229
vn -0.3354 -0.8850 -0.3228
vn -0.1119 -0.8850 -0.4519
vn -0.0000 -0.8858 -0.4640
vn -0.1120 -0.8850 -0.4519
vn -0.0000 -0.8859 -0.4640
vn 0.1119 -0.8850 -0.4519
vn 0.2332 -0.8845 -0.4040
vn 0.3354 -0.8850 -0.3229
vn 0.2332 -0.8846 -0.4039
vn 0.4019 -0.8858 -0.2320
vn 0.3354 -0.8850 -0.3228
vn 0.4018 -0.8859 -0.2320
vn 0.4473 -0.8850 -0.1291
vn 0.4473 -0.8850 -0.1290
vn 0.4665 -0.8845 -0.0000
vn 0.4473 -0.8850 0.1290
vn 0.4019 -0.8858 0.2320
vn 0.4473 -0.8850 0.1291
vn 0.4018 -0.8859 0.2320
vn 0.3354 -0.8850 0.3228
vn 0.3354 -0.8850 0.3229
vn 0.2332 -0.8845 0.4040
vn 0.1119 -0.8850 0.4519
vn -0.0000 -0.8858 0.4640
vn -0.0000 -0.8859 0.4640
vn -0.1119 -0.8850 0.4519
vn -0.2332 -0.8845 0.4040
vn -0.3353 -0.8850 0.3229
vn -0.4019 -0.8858 0.2320
vn -0.3354 -0.8850 0.3229
vn -0.4018 -0.8859 0.2320
vn -0.4473 -0.8850 0.1291
vn -0.4665 -0.8845 -0.0000
vn -0.4473 -0.8850 -0.1290
vn -0.4019 -0.8858 -0.2320
vn -0.4473 -0.8850 -0.1291
vn -0.4018 -0.8859 -0.2320
vn 0.8259 0.3015 0.4764
vn 0.9210 0.3015 0.2466
vn 0.9210 0.3014 0.2470
vn -0.0015 1.0000 0.0016
vn 0.9535 0.3014 -0.0006
vn 0.9535 0.3015 -0.0005
vn 0.9209 0.3015 -0.2469
vn 0.9209 0.3015 -0.2473
vn 0.8256 0.3013 -0.4770
vn 0.8255 0.3015 -0.4771
vn 0.6743 0.3013 -0.6742
vn 0.6739 0.3014 -0.6745
vn 0.4768 0.3013 -0.8258
vn 0.4765 0.3014 -0.8259
vn 0.2468 0.3013 -0.9210
vn 0.2466 0.3014 -0.9211
vn -0.0000 0.3013 -0.9535
vn -0.0000 0.3014 -0.9535
vn -0.2466 0.3014 -0.9211
vn -0.2468 0.3013 -0.9210
vn -0.4765 0.3014 -0.8259
vn -0.4768 0.3013 -0.8258
vn -0.6739 0.3014 -0.6745
vn -0.6743 0.3013 -0.6742
vn -0.8255 0.3015 -0.4771
vn -0.8258 0.3013 -0.4767
vn -0.9210 0.3014 -0.2467
vn -0.9209 0.3014 -0.2473
vn -0.9535 0.3013 0.0002
vn -0.9535 0.3014 -0.0005
vn -0.9210 0.3014 0.2470
vn -0.9210 0.3015 0.2466
vn -0.8259 0.3015 0.4764
vn -0.8258 0.3013 0.4768
vn -0.6745 0.3015 0.6740
vn -0.6742 0.3013 0.6743
vn -0.4770 0.3014 0.8256
vn -0.4767 0.3013 0.8258
vn -0.2469 0.3014 0.9210
vn -0.2468 0.3014 0.9210
vn -0.0000 0.3014 0.9535
vn 0.2468 0.3014 0.9210
vn 0.2469 0.3014 0.9210
vn 0.4767 0.3013 0.8258
vn 0.4770 0.3014 0.8256
vn 0.6745 0.3015 0.6740
vn 0.8261 0.3015 0.4762
vn 0.6742 0.3013 0.6743
vn -0.0000 -1.0000 -0.0000
vn -0.0021 1.0000 0.0012
vn 0.4911 0.0013 -0.8711
vn -0.4912 0.0013 0.8711
vn -0.4911 0.0013 -0.8711
vt 0.164152 0.130279
vt 0.235307 0.103833
vt 0.240571 0.129685
vt 0.235769 0.206605
vt 0.164535 0.232837
vt 0.164364 0.206819
vt 0.241032 0.283495
vt 0.164573 0.258098
vt 0.242978 0.257980
vt 0.164573 0.360657
vt 0.241032 0.335260
vt 0.242978 0.360775
vt 0.164265 0.463216
vt 0.240571 0.489070
vt 0.164152 0.488476
vt 0.163651 0.052982
vt 0.239878 0.026899
vt 0.242054 0.052395
vt 0.234537 0.001063
vt 0.163461 0.027722
vt 0.163134 0.001705
vt 0.728842 0.999236
vt 0.711046 0.976475
vt 0.728842 0.978818
vt 0.651613 0.954649
vt 0.662428 0.927856
vt 0.669297 0.944439
vt 0.746637 0.976475
vt 0.754103 0.999237
vt 0.680223 0.958679
vt 0.664244 0.976525
vt 0.818701 0.887350
vt 0.797599 0.910061
vt 0.795256 0.892265
vt 0.240800 0.438048
vt 0.242670 0.463568
vt 0.240955 0.386283
vt 0.164535 0.385918
vt 0.163651 0.565773
vt 0.240260 0.540835
vt 0.242054 0.566361
vt 0.793440 0.976525
vt 0.763220 0.969606
vt 0.777460 0.958679
vt 0.662428 0.892265
vt 0.651613 0.865473
vt 0.669297 0.875682
vt 0.694463 0.969606
vt 0.677565 0.998875
vt 0.164265 0.155539
vt 0.242670 0.155187
vt 0.664244 0.843596
vt 0.694463 0.850516
vt 0.680223 0.861442
vt 0.414565 0.250480
vt 0.484981 0.232773
vt 0.484981 0.250480
vt 0.649789 0.481814
vt 0.957941 0.498590
vt 0.649789 0.498590
vt 0.649789 0.682191
vt 0.957941 0.698967
vt 0.649789 0.698967
vt 0.649789 0.632175
vt 0.957941 0.648795
vt 0.649789 0.648795
vt 0.649789 0.431793
vt 0.957941 0.448416
vt 0.649789 0.448416
vt 0.649789 0.782384
vt 0.957941 0.799006
vt 0.649789 0.799006
vt 0.957941 0.715588
vt 0.649789 0.715588
vt 0.649789 0.415017
vt 0.957941 0.431793
vt 0.957941 0.465038
vt 0.649789 0.465038
vt 0.649789 0.748986
vt 0.957941 0.765762
vt 0.649789 0.765762
vt 0.957941 0.515211
vt 0.649789 0.515211
vt 0.649789 0.531833
vt 0.957941 0.548608
vt 0.649789 0.548608
vt 0.957941 0.815783
vt 0.649789 0.815783
vt 0.649789 0.615400
vt 0.957941 0.632175
vt 0.649789 0.582004
vt 0.957941 0.598625
vt 0.649789 0.598625
vt 0.649789 0.565383
vt 0.957941 0.582004
vt 0.957941 0.565383
vt 0.957941 0.782384
vt 0.649789 0.665416
vt 0.957941 0.682191
vt 0.957941 0.732210
vt 0.649789 0.732210
vt 0.957941 0.531833
vt 0.957941 0.481814
vt 0.957941 0.748986
vt 0.957941 0.665416
vt 0.957941 0.615400
vt 0.806070 0.865473
vt 0.788387 0.875682
vt 0.711046 0.843647
vt 0.728842 0.820885
vt 0.728842 0.841304
vt 0.818701 0.932772
vt 0.795256 0.927856
vt 0.703581 0.820885
vt 0.660085 0.910062
vt 0.638983 0.887349
vt 0.777460 0.861443
vt 0.703581 0.999237
vt 0.746637 0.843647
vt 0.806070 0.954649
vt 0.788387 0.944439
vt 0.407223 0.250480
vt 0.414565 0.232773
vt 0.414565 0.197029
vt 0.407223 0.179322
vt 0.414565 0.179322
vt 0.484981 0.197029
vt 0.484981 0.179322
vt 0.407223 0.161615
vt 0.414565 0.143743
vt 0.414565 0.161615
vt 0.484981 0.161615
vt 0.484981 0.143743
vt 0.407223 0.428384
vt 0.414565 0.410510
vt 0.414565 0.428384
vt 0.484981 0.410510
vt 0.484981 0.303931
vt 0.414565 0.321639
vt 0.414565 0.303931
vt 0.407223 0.321639
vt 0.407223 0.268187
vt 0.414565 0.268187
vt 0.484981 0.268187
vt 0.407223 0.054709
vt 0.414565 0.072582
vt 0.407223 0.072582
vt 0.484981 0.072582
vt 0.414565 0.054709
vt 0.484981 0.054709
vt 0.484981 0.392802
vt 0.414565 0.375093
vt 0.484981 0.375093
vt 0.407223 0.375093
vt 0.414565 0.392802
vt 0.407223 0.392802
vt 0.414565 0.339347
vt 0.407223 0.339347
vt 0.484981 0.339347
vt 0.484981 0.321639
vt 0.407223 0.125871
vt 0.407223 0.143743
vt 0.484981 0.125871
vt 0.414565 0.125871
vt 0.407223 0.214901
vt 0.414565 0.214901
vt 0.484981 0.214901
vt 0.484981 0.037000
vt 0.414565 0.019291
vt 0.484981 0.019291
vt 0.407223 0.037000
vt 0.414565 0.037000
vt 0.407223 0.410510
vt 0.407223 0.286059
vt 0.407223 0.303931
vt 0.414565 0.286059
vt 0.484981 0.286059
vt 0.484981 0.090455
vt 0.414565 0.108163
vt 0.414565 0.090455
vt 0.407223 0.108163
vt 0.414565 0.357220
vt 0.484981 0.357220
vt 0.484981 0.108163
vt 0.407223 0.001418
vt 0.407223 0.019291
vt 0.414565 0.001418
vt 0.484981 0.001418
vt 0.407223 0.090455
vt 0.407223 0.357220
vt 0.638983 0.932772
vt 0.754103 0.820885
vt 0.763220 0.850516
vt 0.163840 0.078242
vt 0.163903 0.104261
vt 0.164379 0.180800
vt 0.235923 0.309378
vt 0.164611 0.283359
vt 0.235307 0.514922
vt 0.163903 0.514494
vt 0.240260 0.077920
vt 0.234537 0.617692
vt 0.163461 0.591033
vt 0.239878 0.591856
vt 0.235769 0.412150
vt 0.164364 0.411936
vt 0.164379 0.437955
vt 0.240955 0.232472
vt 0.240800 0.180707
vt 0.163840 0.540513
vt 0.164611 0.335396
vt 0.780119 0.998875
vt 0.551071 0.756804
vt 0.533419 0.782601
vt 0.524747 0.756491
vt 0.568722 0.782619
vt 0.551069 0.780217
vt 0.585026 0.789452
vt 0.577421 0.756479
vt 0.604514 0.755786
vt 0.617406 0.779624
vt 0.599071 0.800187
vt 0.630248 0.802636
vt 0.616670 0.830790
vt 0.609947 0.814298
vt 0.618891 0.848316
vt 0.643631 0.825306
vt 0.657701 0.848385
vt 0.643543 0.871410
vt 0.616615 0.865833
vt 0.630084 0.894014
vt 0.598938 0.896370
vt 0.609844 0.882298
vt 0.584883 0.907069
vt 0.617187 0.916943
vt 0.604273 0.940687
vt 0.577252 0.939982
vt 0.568579 0.913872
vt 0.550928 0.939669
vt 0.533276 0.913854
vt 0.550930 0.916256
vt 0.516972 0.907022
vt 0.524577 0.939994
vt 0.497485 0.940687
vt 0.484593 0.916849
vt 0.502927 0.896287
vt 0.471750 0.893838
vt 0.485328 0.865683
vt 0.492051 0.882175
vt 0.483107 0.848157
vt 0.458368 0.871167
vt 0.444298 0.848088
vt 0.458455 0.825064
vt 0.485384 0.830640
vt 0.471915 0.802459
vt 0.503060 0.800103
vt 0.492155 0.814175
vt 0.517116 0.789405
vt 0.484812 0.779530
vt 0.497726 0.755786
vt 0.969962 0.748986
vt 0.969962 0.732210
vt 0.896254 0.103875
vt 0.933137 0.151919
vt 0.919449 0.159829
vt 0.859376 0.055804
vt 0.873078 0.047899
vt 0.848196 0.140770
vt 0.840281 0.127072
vt 0.888366 0.163937
vt 0.873088 0.159852
vt 0.840276 0.080688
vt 0.848188 0.066988
vt 0.888357 0.043811
vt 0.904172 0.043817
vt 0.952211 0.080701
vt 0.956301 0.095970
vt 0.859386 0.151950
vt 0.944310 0.067009
vt 0.919445 0.047916
vt 0.836181 0.095970
vt 0.933135 0.055827
vt 0.836183 0.111792
vt 0.904179 0.163929
vt 0.944311 0.140737
vt 0.956301 0.111777
vt 0.952211 0.127045
vt 0.793440 0.843597
vt 0.780119 0.821246
vt 0.969962 0.715588
vt 0.969962 0.698967
vt 0.969962 0.682191
vt 0.969962 0.665416
vt 0.969962 0.648795
vt 0.969962 0.632175
vt 0.969962 0.615400
vt 0.969962 0.598625
vt 0.969962 0.582004
vt 0.969962 0.565383
vt 0.969962 0.548608
vt 0.969962 0.531833
vt 0.969962 0.515211
vt 0.969962 0.498590
vt 0.969962 0.481814
vt 0.969962 0.465038
vt 0.969962 0.448416
vt 0.969962 0.431793
vt 0.969962 0.415017
vt 0.957941 0.415017
vt 0.969962 0.815783
vt 0.969962 0.799006
vt 0.969962 0.782384
vt 0.969962 0.765762
vt 0.550999 0.848237
vt 0.831396 0.910061
vt 0.677565 0.821246
vt 0.626288 0.910061
vt 0.407223 0.232773
vt 0.407223 0.197029
vt 0.484981 0.428384
vt 0.164518 0.309378
vt 0.163134 0.617050
s 1
usemtl stalker_survival_guide_bolts
f 1985/1713/1471 2041/1714/1472 2217/1715/1473
f 2229/1716/1474 2186/1717/1475 2231/1718/1474
f 2221/1719/1476 2180/1720/1477 2220/1721/1477
f 2170/1722/1478 2227/1723/1479 2020/1724/1478
f 2172/1725/1480 2025/1726/1481 2171/1727/1482
f 1978/1728/1483 2223/1729/1484 2218/1730/1483
f 2235/1731/1485 1984/1732/1486 2232/1733/1487
f 2174/1734/1488 2200/1735/1489 2199/1736/1488
f 2176/1737/1488 2202/1738/1490 2201/1739/1488
f 2174/1734/1488 1997/1740/1491 2183/1741/1492
f 2176/1737/1488 1999/1742/1493 2184/1743/1494
f 1987/1744/1495 2187/1745/1496 2196/1746/1497
f 2172/1725/1480 2222/1747/1498 2019/1748/1480
f 2170/1722/1478 2021/1749/1499 2169/1750/1500
f 1977/1751/1501 2213/1752/1502 2212/1753/1501
f 1988/1754/1503 1998/1755/1504 2006/1756/1503
f 2208/1757/1505 2178/1758/1488 2203/1759/1488
f 2184/1743/1494 2000/1760/1506 2233/1761/1507
f 1979/1762/1508 2217/1715/1473 2216/1763/1508
f 2177/1764/1509 2193/1765/1510 2204/1766/1511
f 1964/1767/1512 2207/1768/1513 2005/1769/1512
f 2120/1770/1514 1947/1771/1515 2112/1772/1515
f 2102/1773/1516 2132/1774/1517 2113/1775/1517
f 2099/1776/1518 2123/1777/1477 2100/1778/1477
f 2104/1779/1519 1948/1780/1501 2111/1781/1501
f 2116/1782/1483 2136/1783/1520 2115/1784/1520
f 2113/1775/1517 2131/1785/1508 2119/1786/1508
f 2103/1787/1521 1935/1788/1519 2104/1779/1519
f 2111/1781/1501 1946/1789/1522 2110/1790/1522
f 2108/1791/1523 2122/1792/1524 2109/1793/1524
f 2112/1772/1515 1939/1794/1480 2106/1795/1480
f 2105/1796/1525 1934/1797/1526 2117/1798/1526
f 2115/1784/1520 2135/1799/1521 2103/1800/1521
f 2114/1801/1527 2124/1802/1518 2099/1776/1518
f 2098/1803/1478 1927/1804/1528 2097/1805/1528
f 2107/1806/1529 1929/1807/1478 2098/1803/1478
f 2117/1798/1526 1941/1808/1529 2107/1806/1529
f 2109/1793/1524 2121/1809/1483 2116/1782/1483
f 2101/1810/1530 2137/1811/1516 2102/1773/1516
f 2119/1786/1508 2128/1812/1531 2118/1813/1531
f 2106/1795/1480 1938/1814/1525 2105/1796/1525
f 2110/1790/1522 1949/1815/1514 2120/1770/1514
f 2118/1813/1531 2127/1816/1523 2108/1791/1523
f 2100/1778/1477 2129/1817/1530 2101/1810/1530
f 2097/1805/1528 1940/1818/1527 2114/1801/1527
f 1975/1819/1488 2196/1746/1497 2195/1820/1488
f 2194/1821/1532 1980/1822/1488 2205/1823/1488
f 2187/1745/1496 1982/1824/1533 2188/1825/1533
f 2193/1765/1510 1986/1826/1534 2194/1821/1532
f 2252/1827/1535 2185/1828/1536 2208/1757/1505
f 1993/1829/1537 1975/1819/1488 2195/1820/1488
f 2173/1830/1538 2000/1760/1506 2200/1735/1489
f 1980/1822/1488 2206/1831/1539 2205/1823/1488
f 2178/1758/1488 2204/1766/1511 2203/1759/1488
f 2188/1825/1533 1976/1832/1488 2007/1833/1488
f 1904/1834/1540 2146/1835/1541 2145/1767/1540
f 2148/1836/1542 1905/1837/1543 2147/1838/1543
f 2014/1839/1544 1974/1838/1545 2015/1840/1545
f 1907/1841/1546 2149/1842/1547 2150/1843/1546
f 2002/1844/1548 1962/1842/1549 2003/1845/1549
f 1909/1846/1550 2151/1847/1551 2152/1848/1550
f 2008/1849/1552 1958/1848/1553 1967/1847/1552
f 1995/1850/1554 2153/1851/1555 2154/1852/1554
f 1912/1853/1556 1953/1852/1557 1966/1851/1556
f 1913/1854/1558 2145/1767/1540 2155/1855/1558
f 2004/1856/1559 1964/1767/1512 2005/1769/1512
f 1915/1857/1560 2157/1858/1561 1914/1859/1561
f 2046/1860/1562 1969/1861/1563 2010/1862/1563
f 2009/1863/1564 2159/1864/1565 2190/1865/1565
f 1916/1866/1566 1968/1867/1567 1917/1868/1567
f 1912/1853/1556 2160/1869/1568 1918/1870/1568
f 2198/1871/1569 2153/1851/1555 2197/1872/1555
f 1919/1873/1570 2149/1842/1547 1908/1874/1547
f 2012/1875/1571 1962/1842/1549 2161/1876/1571
f 2146/1835/1541 1920/1877/1572 2162/1878/1572
f 2207/1768/1513 1952/1878/1573 1994/1879/1573
f 2011/1880/1574 1957/1881/1575 2192/1882/1575
f 1922/1883/1576 2164/1881/1577 2163/1884/1576
f 1917/1868/1567 2151/1847/1551 1910/1885/1551
f 2008/1849/1552 2158/1867/1564 2009/1863/1564
f 1920/1877/1572 2148/1836/1542 2162/1878/1572
f 2014/1839/1544 1952/1878/1573 1973/1836/1544
f 1923/1886/1578 1953/1852/1557 1911/1887/1557
f 1995/1850/1554 1954/1888/1579 1996/1889/1579
f 2001/1890/1580 2166/1891/1581 2167/1892/1580
f 1925/1893/1582 1959/1892/1583 1972/1891/1582
f 1915/1857/1560 2163/1884/1576 2156/1861/1560
f 2010/1862/1563 1970/1884/1574 2011/1880/1574
f 1916/1866/1566 2168/1894/1584 1955/1864/1566
f 2190/1865/1565 1956/1894/1585 2189/1895/1585
f 2002/1844/1548 1974/1838/1545 1961/1843/1548
f 1907/1841/1546 2147/1838/1543 1905/1837/1543
f 1925/1893/1582 1971/1876/1586 1919/1873/1570
f 2012/1875/1571 2166/1891/1581 2013/1896/1581
f 1909/1897/1550 2164/1881/1577 1921/1898/1577
f 2192/1882/1575 1958/1899/1553 2191/1900/1553
f 1923/1886/1578 2155/1855/1558 2165/1888/1578
f 1996/1889/1579 1963/1855/1559 2004/1856/1559
f 1914/1859/1561 1959/1892/1583 1924/1901/1583
f 2001/1890/1580 1960/1858/1562 2046/1860/1562
f 1926/1902/1584 2160/1869/1568 2168/1894/1584
f 2198/1871/1569 1956/1894/1585 1965/1869/1569
f 1976/1832/1488 2006/1756/1503 2007/1833/1488
f 2175/1903/1587 2252/1827/1535 2202/1738/1490
f 1992/1904/1588 2209/1905/1589 2206/1831/1539
f 1990/1906/1590 2243/1714/1591 2241/1907/1591
f 1991/1908/1592 2042/1716/1593 2039/1718/1594
f 2251/1909/1595 2179/1910/1476 2221/1719/1476
f 2171/1727/1482 2245/1911/1596 2247/1912/1597
f 2219/1913/1590 1978/1728/1483 2218/1730/1483
f 2040/1914/1598 1989/1915/1599 2224/1916/1600
f 2224/1916/1600 1977/1751/1501 2212/1753/1501
f 2169/1750/1500 2237/1917/1601 2239/1918/1601
f 2044/1917/1602 2182/1919/1603 2035/1918/1604
f 2225/1920/1475 2180/1720/1477 2186/1717/1475
f 2226/1921/1605 1979/1762/1508 2216/1763/1508
f 2045/1911/1606 1983/1922/1607 2036/1912/1606
f 2181/1923/1479 2043/1909/1608 2227/1723/1479
f 2183/1741/1492 1998/1755/1504 2246/1924/1504
f 2211/1925/1609 2074/1926/1610 2210/1927/1611
f 2211/1925/1609 2255/1928/1612 2073/1929/1609
f 2256/1930/1613 2027/1931/1614 2250/1932/1615
f 2256/1930/1613 2030/1933/1616 2257/1934/1616
f 2033/1935/1617 2257/1934/1616 2030/1933/1616
f 2033/1935/1617 2259/1936/1618 2078/1937/1619
f 2260/1938/1620 2016/1939/1621 2228/1940/1622
f 2260/1938/1620 2026/1941/1623 2261/1942/1624
f 2032/1943/1625 2261/1942/1624 2026/1941/1623
f 2032/1943/1625 2263/1944/1626 2082/1945/1625
f 2264/1946/1627 2031/1947/1628 2242/1948/1629
f 2264/1946/1627 2022/1949/1630 2265/1950/1631
f 2029/1951/1632 2265/1950/1631 2022/1949/1630
f 2029/1951/1632 2267/1952/1633 2086/1953/1632
f 2268/1954/1634 2028/1955/1633 2234/1956/1635
f 2268/1954/1634 2017/1957/1636 2269/1958/1636
f 2024/1959/1637 2269/1958/1636 2017/1957/1636
f 2024/1959/1637 2271/1960/1638 2090/1961/1637
f 2272/1962/1639 2023/1963/1640 2244/1964/1641
f 2272/1962/1639 2214/1965/1642 2273/1966/1642
f 2215/1967/1643 2273/1966/1642 2214/1965/1642
f 2215/1967/1643 2275/1968/1644 2094/1969/1643
f 2276/1970/1645 2018/1971/1646 2236/1972/1647
f 2276/1970/1645 2210/1927/1611 2074/1926/1610
f 2052/1973/1648 1945/1812/1649 2059/1974/1650
f 2048/1975/1488 2277/1976/1488 2278/1977/1488
f 2048/1975/1488 2279/1978/1488 2280/1979/1488
f 2048/1975/1488 2281/1980/1488 2282/1981/1488
f 2048/1975/1488 2283/1982/1488 2284/1983/1488
f 2048/1975/1488 2285/1984/1488 2286/1985/1488
f 2048/1975/1488 2287/1986/1488 2288/1987/1488
f 2048/1975/1488 2286/1985/1488 2279/1978/1488
f 2048/1975/1488 2289/1988/1488 2290/1989/1488
f 2048/1975/1488 2291/1990/1488 2281/1980/1488
f 2048/1975/1488 2280/1979/1488 2287/1986/1488
f 2048/1975/1488 2292/1991/1488 2289/1988/1488
f 2048/1975/1488 2284/1983/1488 2291/1990/1488
f 2048/1975/1488 2288/1987/1488 2293/1992/1488
f 2048/1975/1488 2294/1993/1488 2285/1984/1488
f 2048/1975/1488 2295/1994/1488 2292/1991/1488
f 2048/1975/1488 2296/1995/1488 2294/1993/1488
f 2048/1975/1488 2297/1996/1488 2283/1982/1488
f 2048/1975/1488 2298/1997/1488 2277/1976/1488
f 2048/1975/1488 2293/1992/1488 2295/1994/1488
f 2048/1975/1488 2282/1981/1488 2296/1995/1488
f 2048/1975/1488 2278/1977/1488 2297/1996/1488
f 2048/1975/1488 2299/1998/1488 2300/1999/1488
f 2048/1975/1488 2290/1989/1488 2299/1998/1488
f 2048/1975/1488 2300/1999/1488 2298/1997/1488
f 1981/2000/1651 2209/1905/1589 2248/2001/1589
f 2059/1974/1650 1936/1785/1652 2060/2002/1653
f 2060/2002/1653 1950/1774/1654 2065/2003/1655
f 2065/2003/1655 1931/1811/1656 2067/2004/1657
f 2067/2004/1657 1933/1817/1658 2064/2005/1659
f 2064/2005/1659 1942/1777/1660 2061/2006/1661
f 2061/2006/1661 1928/1802/1662 2062/2007/1663
f 2062/2007/1663 2144/1818/1664 2071/2008/1665
f 2072/2009/1666 2144/1818/1664 2133/1804/1667
f 2070/2010/1668 2133/1804/1667 2134/1807/1669
f 2049/2011/1670 2134/1807/1669 2138/1808/1671
f 2050/2012/1672 2138/1808/1671 2139/1797/1673
f 2069/2013/1674 2139/1797/1673 2141/1814/1675
f 2055/2014/1676 2141/1814/1675 2142/1794/1677
f 2056/2015/1678 2142/1794/1677 2130/1771/1679
f 2063/2016/1680 2130/1771/1679 2125/1815/1681
f 2053/2017/1682 2125/1815/1681 2126/1789/1683
f 2054/2018/1684 2126/1789/1683 2143/1780/1685
f 2068/2019/1686 2143/1780/1685 2140/1788/1687
f 2066/2020/1688 2140/1788/1687 1937/2021/1688
f 2066/2022/1688 1930/1783/1689 2057/2023/1690
f 2057/2023/1690 1932/1809/1691 2058/2024/1692
f 2051/2025/1693 1943/1816/1694 2052/1973/1648
f 2058/2024/1692 1944/1792/1695 2051/2025/1693
f 2047/2026/1696 2254/1926/1696 2253/1929/1696
f 2047/2026/1696 2253/1929/1696 2075/1928/1696
f 2047/2026/1696 2075/1928/1696 2076/1930/1696
f 2047/2026/1696 2076/1930/1696 2077/1934/1696
f 2047/2026/1696 2077/1934/1696 2258/1937/1696
f 2047/2026/1696 2258/1937/1696 2079/1936/1696
f 2047/2026/1696 2079/1936/1696 2080/1938/1696
f 2047/2026/1696 2080/1938/1696 2081/1942/1696
f 2047/2026/1696 2081/1942/1696 2262/1945/1696
f 2047/2026/1696 2262/1945/1696 2083/1944/1696
f 2047/2026/1696 2083/1944/1696 2084/1946/1696
f 2047/2026/1696 2084/1946/1696 2085/1950/1696
f 2047/2026/1696 2085/1950/1696 2266/1953/1696
f 2047/2026/1696 2266/1953/1696 2087/1952/1696
f 2047/2026/1696 2087/1952/1696 2088/1954/1696
f 2047/2026/1696 2088/1954/1696 2089/1958/1696
f 2047/2026/1696 2089/1958/1696 2270/1961/1696
f 2047/2026/1696 2270/1961/1696 2091/1960/1696
f 2047/2026/1696 2091/1960/1696 2092/1962/1696
f 2047/2026/1696 2092/1962/1696 2093/1966/1696
f 2047/2026/1696 2093/1966/1696 2274/1969/1696
f 2047/2026/1696 2274/1969/1696 2095/1968/1696
f 2047/2026/1696 2095/1968/1696 2096/1970/1696
f 2047/2026/1696 2096/1970/1696 2254/1926/1696
f 1985/1713/1471 2038/1907/1472 2041/1714/1472
f 2229/1716/1474 2225/1920/1475 2186/1717/1475
f 2221/1719/1476 2179/1910/1476 2180/1720/1477
f 2170/1722/1478 2181/1923/1479 2227/1723/1479
f 2172/1725/1480 2019/1748/1480 2025/1726/1481
f 1978/1728/1483 1984/1732/1486 2223/1729/1484
f 2235/1731/1485 2223/1729/1484 1984/1732/1486
f 2174/1734/1488 2173/1830/1538 2200/1735/1489
f 2176/1737/1488 2175/1903/1587 2202/1738/1490
f 2174/1734/1488 2199/1736/1488 1997/1740/1491
f 2176/1737/1488 2201/1739/1488 1999/1742/1493
f 1987/1744/1495 2238/2027/1496 2187/1745/1496
f 2172/1725/1480 2182/1919/1603 2222/1747/1498
f 2170/1722/1478 2020/1724/1478 2021/1749/1499
f 1977/1751/1501 1983/1922/1607 2213/1752/1502
f 1988/1754/1503 2246/1924/1504 1998/1755/1504
f 2208/1757/1505 2185/1828/1536 2178/1758/1488
f 2184/1743/1494 1999/1742/1493 2000/1760/1506
f 1979/1762/1508 1985/1713/1471 2217/1715/1473
f 2177/1764/1509 2230/2028/1697 2193/1765/1510
f 1964/1767/1512 1951/1835/1513 2207/1768/1513
f 2120/1770/1514 1949/1815/1514 1947/1771/1515
f 2102/1773/1516 2137/1811/1516 2132/1774/1517
f 2099/1776/1518 2124/1802/1518 2123/1777/1477
f 2104/1779/1519 1935/1788/1519 1948/1780/1501
f 2116/1782/1483 2121/1809/1483 2136/1783/1520
f 2113/1775/1517 2132/1774/1517 2131/1785/1508
f 2103/1787/1521 2135/2021/1521 1935/1788/1519
f 2111/1781/1501 1948/1780/1501 1946/1789/1522
f 2108/1791/1523 2127/1816/1523 2122/1792/1524
f 2112/1772/1515 1947/1771/1515 1939/1794/1480
f 2105/1796/1525 1938/1814/1525 1934/1797/1526
f 2115/1784/1520 2136/1783/1520 2135/1799/1521
f 2114/1801/1527 1940/1818/1527 2124/1802/1518
f 2098/1803/1478 1929/1807/1478 1927/1804/1528
f 2107/1806/1529 1941/1808/1529 1929/1807/1478
f 2117/1798/1526 1934/1797/1526 1941/1808/1529
f 2109/1793/1524 2122/1792/1524 2121/1809/1483
f 2101/1810/1530 2129/1817/1530 2137/1811/1516
f 2119/1786/1508 2131/1785/1508 2128/1812/1531
f 2106/1795/1480 1939/1794/1480 1938/1814/1525
f 2110/1790/1522 1946/1789/1522 1949/1815/1514
f 2118/1813/1531 2128/1812/1531 2127/1816/1523
f 2100/1778/1477 2123/1777/1477 2129/1817/1530
f 2097/1805/1528 1927/1804/1528 1940/1818/1527
f 1975/1819/1488 1987/1744/1495 2196/1746/1497
f 2194/1821/1532 1986/1826/1534 1980/1822/1488
f 2187/1745/1496 2238/2027/1496 1982/1824/1533
f 2193/1765/1510 2230/2028/1697 1986/1826/1534
f 2252/1827/1535 2240/2029/1535 2185/1828/1536
f 1993/1829/1537 1981/2000/1651 1975/1819/1488
f 2173/1830/1538 2233/1761/1507 2000/1760/1506
f 1980/1822/1488 1992/1904/1588 2206/1831/1539
f 2178/1758/1488 2177/1764/1509 2204/1766/1511
f 2188/1825/1533 1982/1824/1533 1976/1832/1488
f 1904/1834/1540 1903/2030/1541 2146/1835/1541
f 2148/1836/1542 1906/2031/1542 1905/1837/1543
f 2014/1839/1544 1973/1836/1544 1974/1838/1545
f 1907/1841/1546 1908/1874/1547 2149/1842/1547
f 2002/1844/1548 1961/1843/1548 1962/1842/1549
f 1909/1846/1550 1910/1885/1551 2151/1847/1551
f 2008/1849/1552 2191/2032/1553 1958/1848/1553
f 1995/1850/1554 2197/1872/1555 2153/1851/1555
f 1912/1853/1556 1911/1887/1557 1953/1852/1557
f 1913/1854/1558 1904/1834/1540 2145/1767/1540
f 2004/1856/1559 1963/1855/1559 1964/1767/1512
f 1915/1857/1560 2156/1861/1560 2157/1858/1561
f 2046/1860/1562 1960/1858/1562 1969/1861/1563
f 2009/1863/1564 2158/1867/1564 2159/1864/1565
f 1916/1866/1566 1955/1864/1566 1968/1867/1567
f 1912/1853/1556 1966/1851/1556 2160/1869/1568
f 2198/1871/1569 1965/1869/1569 2153/1851/1555
f 1919/1873/1570 1971/1876/1586 2149/1842/1547
f 2012/1875/1571 2003/1845/1549 1962/1842/1549
f 2146/1835/1541 1903/2030/1541 1920/1877/1572
f 2207/1768/1513 1951/1835/1513 1952/1878/1573
f 2011/1880/1574 1970/1884/1574 1957/1881/1575
f 1922/1883/1576 1921/1898/1577 2164/1881/1577
f 1917/1868/1567 1968/1867/1567 2151/1847/1551
f 2008/1849/1552 1967/1847/1552 2158/1867/1564
f 1920/1877/1572 1906/2031/1542 2148/1836/1542
f 2014/1839/1544 1994/1879/1573 1952/1878/1573
f 1923/1886/1578 2165/1888/1578 1953/1852/1557
f 1995/1850/1554 2154/1852/1554 1954/1888/1579
f 2001/1890/1580 2013/1896/1581 2166/1891/1581
f 1925/1893/1582 1924/1901/1583 1959/1892/1583
f 1915/1857/1560 1922/1883/1576 2163/1884/1576
f 2010/1862/1563 1969/1861/1563 1970/1884/1574
f 1916/1866/1566 1926/1902/1584 2168/1894/1584
f 2190/1865/1565 2159/1864/1565 1956/1894/1585
f 2002/1844/1548 2015/1840/1545 1974/1838/1545
f 1907/1841/1546 2150/1843/1546 2147/1838/1543
f 1925/1893/1582 1972/1891/1582 1971/1876/1586
f 2012/1875/1571 2161/1876/1571 2166/1891/1581
f 1909/1897/1550 2152/1899/1550 2164/1881/1577
f 2192/1882/1575 1957/1881/1575 1958/1899/1553
f 1923/1886/1578 1913/1854/1558 2155/1855/1558
f 1996/1889/1579 1954/1888/1579 1963/1855/1559
f 1914/1859/1561 2157/1858/1561 1959/1892/1583
f 2001/1890/1580 2167/1892/1580 1960/1858/1562
f 1926/1902/1584 1918/1870/1568 2160/1869/1568
f 2198/1871/1569 2189/1895/1585 1956/1894/1585
f 1976/1832/1488 1988/1754/1503 2006/1756/1503
f 2175/1903/1587 2240/2029/1535 2252/1827/1535
f 1992/1904/1588 2248/2001/1589 2209/1905/1589
f 1990/1906/1590 2219/1913/1590 2243/1714/1591
f 1991/1908/1592 2226/1921/1605 2042/1716/1593
f 2251/1909/1595 2249/2033/1698 2179/1910/1476
f 2171/1727/1482 2025/1726/1481 2245/1911/1596
f 2219/1913/1590 1990/1906/1590 1978/1728/1483
f 2040/1914/1598 2037/2034/1699 1989/1915/1599
f 2224/1916/1600 1989/1915/1599 1977/1751/1501
f 2169/1750/1500 2021/1749/1499 2237/1917/1601
f 2044/1917/1602 2222/1747/1498 2182/1919/1603
f 2225/1920/1475 2220/1721/1477 2180/1720/1477
f 2226/1921/1605 1991/1908/1592 1979/1762/1508
f 2045/1911/1606 2213/1752/1502 1983/1922/1607
f 2181/1923/1479 2034/2033/1700 2043/1909/1608
f 2183/1741/1492 1997/1740/1491 1998/1755/1504
f 2211/1925/1609 2073/1929/1609 2074/1926/1610
f 2211/1925/1609 2027/1931/1614 2255/1928/1612
f 2256/1930/1613 2255/1928/1612 2027/1931/1614
f 2256/1930/1613 2250/1932/1615 2030/1933/1616
f 2033/1935/1617 2078/1937/1619 2257/1934/1616
f 2033/1935/1617 2016/1939/1621 2259/1936/1618
f 2260/1938/1620 2259/1936/1618 2016/1939/1621
f 2260/1938/1620 2228/1940/1622 2026/1941/1623
f 2032/1943/1625 2082/1945/1625 2261/1942/1624
f 2032/1943/1625 2031/1947/1628 2263/1944/1626
f 2264/1946/1627 2263/1944/1626 2031/1947/1628
f 2264/1946/1627 2242/1948/1629 2022/1949/1630
f 2029/1951/1632 2086/1953/1632 2265/1950/1631
f 2029/1951/1632 2028/1955/1633 2267/1952/1633
f 2268/1954/1634 2267/1952/1633 2028/1955/1633
f 2268/1954/1634 2234/1956/1635 2017/1957/1636
f 2024/1959/1637 2090/1961/1637 2269/1958/1636
f 2024/1959/1637 2023/1963/1640 2271/1960/1638
f 2272/1962/1639 2271/1960/1638 2023/1963/1640
f 2272/1962/1639 2244/1964/1641 2214/1965/1642
f 2215/1967/1643 2094/1969/1643 2273/1966/1642
f 2215/1967/1643 2018/1971/1646 2275/1968/1644
f 2276/1970/1645 2275/1968/1644 2018/1971/1646
f 2276/1970/1645 2236/1972/1647 2210/1927/1611
f 2052/1973/1648 1943/1816/1694 1945/1812/1649
f 1981/2000/1651 1993/1829/1537 2209/1905/1589
f 2059/1974/1650 1945/1812/1649 1936/1785/1652
f 2060/2002/1653 1936/1785/1652 1950/1774/1654
f 2065/2003/1655 1950/1774/1654 1931/1811/1656
f 2067/2004/1657 1931/1811/1656 1933/1817/1658
f 2064/2005/1659 1933/1817/1658 1942/1777/1660
f 2061/2006/1661 1942/1777/1660 1928/1802/1662
f 2062/2007/1663 1928/1802/1662 2144/1818/1664
f 2072/2009/1666 2071/2008/1665 2144/1818/1664
f 2070/2010/1668 2072/2009/1666 2133/1804/1667
f 2049/2011/1670 2070/2010/1668 2134/1807/1669
f 2050/2012/1672 2049/2011/1670 2138/1808/1671
f 2069/2013/1674 2050/2012/1672 2139/1797/1673
f 2055/2014/1676 2069/2013/1674 2141/1814/1675
f 2056/2015/1678 2055/2014/1676 2142/1794/1677
f 2063/2016/1680 2056/2015/1678 2130/1771/1679
f 2053/2017/1682 2063/2016/1680 2125/1815/1681
f 2054/2018/1684 2053/2017/1682 2126/1789/1683
f 2068/2019/1686 2054/2018/1684 2143/1780/1685
f 2066/2020/1688 2068/2019/1686 2140/1788/1687
f 2066/2022/1688 1937/1799/1688 1930/1783/1689
f 2057/2023/1690 1930/1783/1689 1932/1809/1691
f 2051/2025/1693 1944/1792/1695 1943/1816/1694
f 2058/2024/1692 1932/1809/1691 1944/1792/1695
o bolt_3
v 0.145292 0.045800 -0.383033
v 0.140999 0.045800 -0.381254
v 0.158799 0.045800 -0.381254
v 0.154506 0.045800 -0.383033
v 0.162486 0.045800 -0.378426
v 0.165315 0.045800 -0.374739
v 0.149899 0.045800 -0.348038
v 0.145292 0.045800 -0.348645
v 0.132705 0.045800 -0.370446
v 0.132098 0.045800 -0.365839
v 0.137312 0.045800 -0.378426
v 0.165315 0.045800 -0.356938
v 0.162486 0.045800 -0.353252
v 0.137312 0.045800 -0.353252
v 0.140999 0.045800 -0.350423
v 0.132705 0.045800 -0.361232
v 0.167093 0.045800 -0.370446
v 0.149899 0.045800 -0.383639
v 0.154506 0.045800 -0.348645
v 0.158799 0.045800 -0.350423
v 0.134483 0.045800 -0.374739
v 0.167093 0.045800 -0.361232
v 0.167700 0.045800 -0.365839
v 0.134483 0.045800 -0.356938
v 0.145292 0.131308 -0.383033
v 0.154506 0.131308 -0.383033
v 0.140999 0.131308 -0.381254
v 0.154506 0.131308 -0.348645
v 0.165315 0.131308 -0.374739
v 0.158799 0.131308 -0.350423
v 0.162486 0.131308 -0.378426
v 0.134483 0.131308 -0.374739
v 0.145292 0.131308 -0.348645
v 0.167700 0.131308 -0.365839
v 0.149899 0.131308 -0.348038
v 0.132705 0.131308 -0.370446
v 0.132098 0.131308 -0.365839
v 0.149899 0.131308 -0.383639
v 0.137312 0.131308 -0.378426
v 0.158799 0.131308 -0.381254
v 0.165315 0.131308 -0.356938
v 0.162486 0.131308 -0.353252
v 0.167093 0.131308 -0.361232
v 0.137312 0.131308 -0.353252
v 0.132705 0.131308 -0.361232
v 0.140999 0.131308 -0.350423
v 0.134483 0.131308 -0.356938
v 0.167093 0.131308 -0.370446
v 0.144966 0.044206 -0.384250
v 0.149899 0.044206 -0.384899
v 0.131488 0.044206 -0.370772
v 0.133392 0.044206 -0.375369
v 0.136421 0.044206 -0.352361
v 0.133392 0.044206 -0.356308
v 0.154832 0.044206 -0.347428
v 0.149899 0.044206 -0.346778
v 0.168310 0.044206 -0.360906
v 0.166406 0.044206 -0.356308
v 0.163377 0.044206 -0.379317
v 0.166406 0.044206 -0.375369
v 0.136421 0.044206 -0.379317
v 0.140369 0.044206 -0.382346
v 0.131488 0.044206 -0.360906
v 0.130838 0.044206 -0.365839
v 0.144966 0.044206 -0.347428
v 0.140369 0.044206 -0.349332
v 0.163377 0.044206 -0.352361
v 0.159429 0.044206 -0.349332
v 0.168310 0.044206 -0.370772
v 0.168960 0.044206 -0.365839
v 0.154832 0.044206 -0.384250
v 0.159429 0.044206 -0.382346
v 0.137537 0.024718 -0.387250
v 0.125175 0.024718 -0.365839
v 0.137537 0.024718 -0.344427
v 0.162261 0.024718 -0.344427
v 0.174623 0.024718 -0.365839
v 0.162261 0.024718 -0.387250
v 0.143602 0.024718 -0.390752
v 0.125175 0.024718 -0.372842
v 0.131472 0.024718 -0.347929
v 0.156196 0.024718 -0.340925
v 0.174623 0.024718 -0.358835
v 0.168326 0.024718 -0.383749
v 0.131472 0.024718 -0.383749
v 0.125175 0.024718 -0.358835
v 0.143602 0.024718 -0.340925
v 0.168326 0.024718 -0.347929
v 0.174623 0.024718 -0.372842
v 0.156196 0.024718 -0.390752
v 0.144965 0.024718 -0.384252
v 0.149899 0.024718 -0.384902
v 0.131486 0.024718 -0.370773
v 0.133390 0.024718 -0.375370
v 0.136420 0.024718 -0.352359
v 0.133390 0.024718 -0.356307
v 0.154833 0.024718 -0.347425
v 0.149899 0.024718 -0.346776
v 0.168312 0.024718 -0.360905
v 0.163379 0.024718 -0.379318
v 0.166408 0.024718 -0.375370
v 0.136420 0.024718 -0.379318
v 0.140368 0.024718 -0.382348
v 0.131486 0.024718 -0.360905
v 0.130836 0.024718 -0.365839
v 0.144965 0.024718 -0.347425
v 0.140368 0.024718 -0.349330
v 0.163379 0.024718 -0.352359
v 0.159431 0.024718 -0.349330
v 0.168312 0.024718 -0.370773
v 0.168962 0.024718 -0.365839
v 0.154833 0.024718 -0.384252
v 0.159431 0.024718 -0.382348
v 0.168387 0.003531 -0.383714
v 0.143662 0.003531 -0.340891
v 0.125175 0.003531 -0.372912
v 0.125175 0.002980 -0.365839
v 0.137537 0.002980 -0.387250
v 0.131412 0.003531 -0.383714
v 0.168387 0.003531 -0.347964
v 0.131412 0.003531 -0.347964
v 0.137537 0.002980 -0.344427
v 0.125175 0.003531 -0.358766
v 0.174623 0.003531 -0.372912
v 0.143662 0.003531 -0.390787
v 0.156136 0.003531 -0.340891
v 0.162261 0.002980 -0.344427
v 0.156136 0.003531 -0.390787
v 0.174623 0.003531 -0.358766
v 0.174623 0.002980 -0.365839
v 0.162261 0.002980 -0.387250
v 0.149899 0.024755 -0.394272
v 0.125275 0.024755 -0.380055
v 0.125275 0.024755 -0.351622
v 0.149899 0.024755 -0.337406
v 0.174523 0.024755 -0.351622
v 0.174523 0.024755 -0.380055
v 0.149899 0.004958 -0.337345
v 0.174575 0.004958 -0.351592
v 0.174575 0.004958 -0.380086
v 0.149899 0.004958 -0.394332
v 0.125223 0.004958 -0.380086
v 0.125223 0.004958 -0.351592
v 0.166408 0.024718 -0.356307
v 0.149899 0.000018 -0.365839
v 0.149899 0.134489 -0.365843
v 0.138027 0.134489 -0.377719
v 0.135357 0.134489 -0.374242
v 0.161779 0.134489 -0.353967
v 0.164448 0.134489 -0.357447
v 0.138019 0.134489 -0.353967
v 0.141498 0.134489 -0.351296
v 0.133104 0.134489 -0.365847
v 0.133674 0.134489 -0.361499
v 0.154248 0.134489 -0.349616
v 0.158300 0.134489 -0.351296
v 0.166124 0.134489 -0.361499
v 0.166694 0.134489 -0.365847
v 0.158293 0.134489 -0.380386
v 0.154244 0.134489 -0.382062
v 0.135350 0.134489 -0.357447
v 0.161771 0.134489 -0.377719
v 0.166120 0.134489 -0.370193
v 0.149899 0.134489 -0.349044
v 0.164441 0.134489 -0.374242
v 0.145550 0.134489 -0.349616
v 0.133678 0.134489 -0.370193
v 0.141505 0.134489 -0.380386
v 0.149899 0.134489 -0.382634
v 0.145554 0.134489 -0.382062
v 0.140368 0.000018 -0.382347
v 0.136408 0.000018 -0.379306
v 0.144982 0.000018 -0.384256
v 0.149899 0.000018 -0.384901
v 0.154816 0.000018 -0.384256
v 0.159430 0.000018 -0.382347
v 0.163390 0.000018 -0.379306
v 0.166408 0.000018 -0.375370
v 0.168307 0.000018 -0.370789
v 0.168961 0.000018 -0.365839
v 0.168307 0.000018 -0.360889
v 0.166408 0.000018 -0.356308
v 0.163390 0.000018 -0.352372
v 0.159430 0.000018 -0.349330
v 0.154816 0.000018 -0.347421
v 0.149899 0.000018 -0.346776
v 0.144982 0.000018 -0.347421
v 0.140368 0.000018 -0.349330
v 0.136408 0.000018 -0.352372
v 0.133391 0.000018 -0.356308
v 0.131491 0.000018 -0.360889
v 0.130837 0.000018 -0.365839
v 0.131491 0.000018 -0.370789
v 0.133391 0.000018 -0.375370
v 0.145292 0.045800 -0.383033
v 0.140999 0.045800 -0.381254
v 0.154506 0.045800 -0.383033
v 0.158799 0.045800 -0.381254
v 0.162486 0.045800 -0.378426
v 0.165315 0.045800 -0.374739
v 0.149899 0.045800 -0.348038
v 0.145292 0.045800 -0.348645
v 0.132705 0.045800 -0.370446
v 0.132098 0.045800 -0.365839
v 0.137312 0.045800 -0.378426
v 0.165315 0.045800 -0.356938
v 0.162486 0.045800 -0.353252
v 0.137312 0.045800 -0.353252
v 0.140999 0.045800 -0.350423
v 0.132705 0.045800 -0.361232
v 0.167093 0.045800 -0.370446
v 0.149899 0.045800 -0.383639
v 0.154506 0.045800 -0.348645
v 0.158799 0.045800 -0.350423
v 0.134483 0.045800 -0.374739
v 0.167093 0.045800 -0.361232
v 0.167700 0.045800 -0.365839
v 0.134483 0.045800 -0.356938
v 0.158799 0.131308 -0.350423
v 0.162486 0.131308 -0.353252
v 0.158799 0.131308 -0.381254
v 0.154506 0.131308 -0.383033
v 0.134483 0.131308 -0.356938
v 0.137312 0.131308 -0.353252
v 0.165315 0.131308 -0.356938
v 0.167093 0.131308 -0.361232
v 0.162486 0.131308 -0.378426
v 0.132705 0.131308 -0.361232
v 0.167700 0.131308 -0.365839
v 0.167093 0.131308 -0.370446
v 0.145292 0.131308 -0.383033
v 0.140999 0.131308 -0.381254
v 0.149899 0.131308 -0.348038
v 0.154506 0.131308 -0.348645
v 0.165315 0.131308 -0.374739
v 0.137312 0.131308 -0.378426
v 0.134483 0.131308 -0.374739
v 0.145292 0.131308 -0.348645
v 0.132705 0.131308 -0.370446
v 0.132098 0.131308 -0.365839
v 0.140999 0.131308 -0.350423
v 0.149899 0.131308 -0.383639
v 0.140369 0.044206 -0.382346
v 0.144966 0.044206 -0.384250
v 0.159429 0.044206 -0.382346
v 0.154832 0.044206 -0.384250
v 0.166406 0.044206 -0.375369
v 0.163377 0.044206 -0.379317
v 0.144966 0.044206 -0.347428
v 0.149899 0.044206 -0.346778
v 0.130838 0.044206 -0.365839
v 0.131488 0.044206 -0.370772
v 0.136421 0.044206 -0.379317
v 0.163377 0.044206 -0.352361
v 0.166406 0.044206 -0.356308
v 0.140369 0.044206 -0.349332
v 0.136421 0.044206 -0.352361
v 0.131488 0.044206 -0.360906
v 0.168310 0.044206 -0.370772
v 0.149899 0.044206 -0.384899
v 0.159429 0.044206 -0.349332
v 0.154832 0.044206 -0.347428
v 0.133392 0.044206 -0.375369
v 0.168960 0.044206 -0.365839
v 0.168310 0.044206 -0.360906
v 0.133392 0.044206 -0.356308
v 0.131472 0.024718 -0.383749
v 0.137537 0.024718 -0.387250
v 0.125175 0.024718 -0.358835
v 0.125175 0.024718 -0.365839
v 0.143602 0.024718 -0.340925
v 0.137537 0.024718 -0.344427
v 0.168326 0.024718 -0.347929
v 0.162261 0.024718 -0.344427
v 0.174623 0.024718 -0.372842
v 0.174623 0.024718 -0.365839
v 0.156196 0.024718 -0.390752
v 0.162261 0.024718 -0.387250
v 0.143602 0.024718 -0.390752
v 0.125175 0.024718 -0.372842
v 0.131472 0.024718 -0.347929
v 0.156196 0.024718 -0.340925
v 0.174623 0.024718 -0.358835
v 0.168326 0.024718 -0.383749
v 0.133390 0.024718 -0.375370
v 0.131486 0.024718 -0.370773
v 0.133390 0.024718 -0.356307
v 0.136420 0.024718 -0.352359
v 0.149899 0.024718 -0.346776
v 0.154833 0.024718 -0.347425
v 0.166408 0.024718 -0.375370
v 0.163379 0.024718 -0.379318
v 0.140368 0.024718 -0.382348
v 0.136420 0.024718 -0.379318
v 0.130836 0.024718 -0.365839
v 0.131486 0.024718 -0.360905
v 0.140368 0.024718 -0.349330
v 0.144965 0.024718 -0.347425
v 0.159431 0.024718 -0.349330
v 0.163379 0.024718 -0.352359
v 0.168962 0.024718 -0.365839
v 0.168312 0.024718 -0.370773
v 0.159431 0.024718 -0.382348
v 0.154833 0.024718 -0.384252
v 0.144965 0.024718 -0.384252
v 0.168312 0.024718 -0.360905
v 0.149899 0.024718 -0.384902
v 0.131412 0.003531 -0.383714
v 0.137537 0.002980 -0.387250
v 0.137537 0.002980 -0.344427
v 0.131412 0.003531 -0.347964
v 0.125175 0.003531 -0.358766
v 0.125175 0.002980 -0.365839
v 0.174623 0.002980 -0.365839
v 0.174623 0.003531 -0.358766
v 0.162261 0.002980 -0.344427
v 0.168387 0.003531 -0.347964
v 0.162261 0.002980 -0.387250
v 0.156136 0.003531 -0.390787
v 0.125175 0.003531 -0.372912
v 0.156136 0.003531 -0.340891
v 0.143662 0.003531 -0.340891
v 0.168387 0.003531 -0.383714
v 0.174623 0.003531 -0.372912
v 0.143662 0.003531 -0.390787
v 0.174575 0.004958 -0.380086
v 0.174575 0.004958 -0.380086
v 0.174523 0.024755 -0.380055
v 0.174523 0.024755 -0.380055
v 0.149899 0.024755 -0.337406
v 0.149899 0.024755 -0.337406
v 0.149899 0.004958 -0.337345
v 0.149899 0.004958 -0.337345
v 0.125223 0.004958 -0.380086
v 0.125223 0.004958 -0.380086
v 0.125275 0.024755 -0.380055
v 0.125275 0.024755 -0.380055
v 0.174523 0.024755 -0.351622
v 0.174523 0.024755 -0.351622
v 0.174575 0.004958 -0.351592
v 0.174575 0.004958 -0.351592
v 0.125223 0.004958 -0.351592
v 0.125223 0.004958 -0.351592
v 0.125275 0.024755 -0.351622
v 0.125275 0.024755 -0.351622
v 0.149899 0.024755 -0.394272
v 0.149899 0.024755 -0.394272
v 0.149899 0.004958 -0.394332
v 0.149899 0.004958 -0.394332
v 0.166408 0.024718 -0.356307
v 0.140368 0.000018 -0.382347
v 0.136408 0.000018 -0.379306
v 0.144982 0.000018 -0.384256
v 0.149899 0.000018 -0.384901
v 0.154816 0.000018 -0.384256
v 0.159430 0.000018 -0.382347
v 0.163390 0.000018 -0.379306
v 0.166408 0.000018 -0.375370
v 0.168307 0.000018 -0.370789
v 0.168961 0.000018 -0.365839
v 0.168307 0.000018 -0.360889
v 0.166408 0.000018 -0.356308
v 0.163390 0.000018 -0.352372
v 0.159430 0.000018 -0.349330
v 0.154816 0.000018 -0.347421
v 0.149899 0.000018 -0.346776
v 0.144982 0.000018 -0.347421
v 0.140368 0.000018 -0.349330
v 0.136408 0.000018 -0.352372
v 0.133391 0.000018 -0.356308
v 0.131491 0.000018 -0.360889
v 0.130837 0.000018 -0.365839
v 0.131491 0.000018 -0.370789
v 0.133391 0.000018 -0.375370
v 0.138027 0.134489 -0.377719
v 0.135357 0.134489 -0.374242
v 0.161779 0.134489 -0.353967
v 0.164448 0.134489 -0.357447
v 0.138019 0.134489 -0.353967
v 0.141498 0.134489 -0.351296
v 0.133104 0.134489 -0.365847
v 0.133674 0.134489 -0.361499
v 0.154248 0.134489 -0.349616
v 0.158300 0.134489 -0.351296
v 0.166124 0.134489 -0.361499
v 0.166694 0.134489 -0.365847
v 0.158293 0.134489 -0.380386
v 0.154244 0.134489 -0.382062
v 0.135350 0.134489 -0.357447
v 0.161771 0.134489 -0.377719
v 0.166120 0.134489 -0.370193
v 0.149899 0.134489 -0.349044
v 0.164441 0.134489 -0.374242
v 0.145550 0.134489 -0.349616
v 0.133678 0.134489 -0.370193
v 0.141505 0.134489 -0.380386
v 0.149899 0.134489 -0.382634
v 0.145554 0.134489 -0.382062
vn 1.0000 0.0007 0.0051
vn 0.9999 0.0013 0.0102
vn 1.0000 0.0006 0.0050
vn 0.5088 0.0013 -0.8609
vn 0.5044 0.0006 -0.8635
vn 0.4955 0.0007 -0.8686
vn 0.5000 -0.0000 -0.8660
vn -0.5000 -0.0000 -0.8660
vn -0.4956 0.0006 -0.8685
vn -1.0000 -0.0000 -0.0000
vn -1.0000 0.0006 0.0050
vn -1.0000 0.0007 0.0051
vn 0.5000 -0.0000 0.8660
vn 0.4960 0.0006 0.8683
vn 0.4912 0.0013 0.8711
vn 0.4956 0.0007 0.8686
vn 0.4911 0.0013 0.8711
vn -0.0000 1.0000 -0.0000
vn -0.0011 1.0000 -0.0012
vn -0.0020 1.0000 0.0004
vn 0.0015 1.0000 0.0004
vn 0.0021 1.0000 0.0005
vn 0.0011 1.0000 -0.0012
vn 0.0015 1.0000 -0.0016
vn 0.0021 1.0000 -0.0005
vn 0.0021 1.0000 0.0012
vn 0.0020 1.0000 -0.0004
vn -1.0000 0.0006 -0.0050
vn -0.5044 0.0006 -0.8635
vn -0.5044 0.0007 -0.8635
vn -0.5000 -0.0000 0.8660
vn -0.5045 0.0007 0.8634
vn 0.0005 1.0000 -0.0015
vn 0.0021 1.0000 -0.0012
vn -0.0006 1.0000 -0.0019
vn -0.0000 1.0000 -0.0024
vn -0.0000 1.0000 -0.0025
vn 1.0000 -0.0000 -0.0000
vn -0.0006 1.0000 0.0020
vn -0.0020 1.0000 0.0012
vn -0.0006 1.0000 0.0019
vn -0.5000 0.0001 -0.8660
vn -0.2588 0.0001 -0.9659
vn -0.8660 -0.0000 0.5000
vn -0.9659 -0.0000 0.2588
vn 0.8660 -0.0000 -0.5000
vn 0.9659 -0.0000 -0.2588
vn 0.2588 -0.0000 -0.9659
vn -0.2588 -0.0000 0.9659
vn 0.2588 -0.0000 0.9659
vn -0.0000 -0.0000 1.0000
vn -0.7071 -0.0000 0.7071
vn 0.8660 -0.0000 0.5000
vn 0.7071 -0.0000 0.7071
vn -0.9659 -0.0000 -0.2588
vn -0.8660 -0.0000 -0.5000
vn -0.0000 -0.0000 -1.0000
vn -0.2588 -0.0000 -0.9659
vn -0.7071 -0.0000 -0.7071
vn 0.7071 -0.0000 -0.7071
vn 0.9659 -0.0000 0.2588
vn -0.0015 1.0000 -0.0004
vn 0.0005 1.0000 0.0015
vn -0.0021 1.0000 -0.0005
vn -0.0021 1.0000 -0.0012
vn -0.0006 1.0000 -0.0020
vn -0.0011 1.0000 0.0012
vn -0.0015 1.0000 -0.0016
vn 0.0011 1.0000 0.0012
vn -0.3923 0.6201 -0.6794
vn -0.2030 0.6201 -0.7578
vn 0.2030 0.6201 -0.7578
vn 0.3923 0.6201 -0.6794
vn 0.2588 0.0001 -0.9659
vn 0.5000 0.0001 -0.8660
vn 0.5547 0.6201 -0.5547
vn 0.6794 0.6201 -0.3923
vn 0.7071 0.0001 -0.7071
vn 0.8660 0.0001 -0.5000
vn -0.0000 0.6201 0.7845
vn -0.2030 0.6201 0.7578
vn -0.2588 0.0001 0.9659
vn -0.0000 0.0001 1.0000
vn -0.9659 0.0001 -0.2588
vn -1.0000 0.0001 -0.0000
vn -0.7845 0.6201 -0.0000
vn -0.7578 0.6201 -0.2030
vn -0.5547 0.6201 -0.5547
vn -0.7071 0.0001 -0.7071
vn 0.5547 0.6201 0.5547
vn 0.6794 0.6201 0.3923
vn 0.8660 0.0001 0.5000
vn 0.7071 0.0001 0.7071
vn -0.5000 0.0001 0.8660
vn -0.7071 0.0001 0.7071
vn -0.5547 0.6201 0.5547
vn -0.3923 0.6201 0.6794
vn -0.7578 0.6201 0.2030
vn -0.9659 0.0001 0.2588
vn 0.7578 0.6201 -0.2030
vn 0.9659 0.0001 -0.2588
vn -0.0000 0.6201 -0.7845
vn -0.0000 0.0001 -1.0000
vn 0.5000 0.0001 0.8660
vn 0.2588 0.0001 0.9659
vn 0.3923 0.6201 0.6794
vn 0.2030 0.6201 0.7578
vn -0.6794 0.6201 -0.3923
vn -0.8660 0.0001 -0.5000
vn 0.9659 0.0001 0.2588
vn 1.0000 0.0001 -0.0000
vn 0.7845 0.6201 -0.0000
vn 0.7578 0.6201 0.2030
vn -0.6794 0.6201 0.3923
vn -0.8660 0.0001 0.5000
vn 0.7578 0.6201 -0.2031
vn -0.0021 1.0000 0.0005
vn 0.0015 1.0000 0.0016
vn -0.0000 1.0000 0.0025
vn 0.5044 0.0006 0.8635
vn 0.5088 0.0013 0.8609
vn 1.0000 0.0007 -0.0051
vn 0.9999 0.0013 -0.0102
vn 0.9999 0.0013 -0.0101
vn 0.4912 0.0013 -0.8711
vn -0.9999 0.0013 0.0102
vn -0.9999 0.0013 0.0101
vn -0.4911 0.0013 0.8711
vn -0.4956 0.0006 0.8685
vn -0.4955 0.0007 0.8686
vn -0.5088 0.0013 -0.8609
vn -0.9999 0.0013 -0.0102
vn -1.0000 0.0007 -0.0051
vn -0.9999 0.0013 -0.0101
vn 1.0000 0.0006 -0.0051
vn -0.5088 0.0013 0.8609
vn -0.5044 0.0006 0.8635
vn -0.4912 0.0013 -0.8711
vn -0.2332 -0.8845 -0.4040
vn -0.3354 -0.8850 -0.3229
vn -0.3354 -0.8850 -0.3228
vn -0.1119 -0.8850 -0.4519
vn -0.0000 -0.8858 -0.4640
vn -0.1120 -0.8850 -0.4519
vn -0.0000 -0.8859 -0.4640
vn 0.1119 -0.8850 -0.4519
vn 0.2332 -0.8845 -0.4040
vn 0.3354 -0.8850 -0.3229
vn 0.2332 -0.8846 -0.4039
vn 0.4019 -0.8858 -0.2320
vn 0.3354 -0.8850 -0.3228
vn 0.4018 -0.8859 -0.2320
vn 0.4473 -0.8850 -0.1291
vn 0.4473 -0.8850 -0.1290
vn 0.4665 -0.8845 -0.0000
vn 0.4473 -0.8850 0.1290
vn 0.4019 -0.8858 0.2320
vn 0.4473 -0.8850 0.1291
vn 0.4018 -0.8859 0.2320
vn 0.3354 -0.8850 0.3228
vn 0.3354 -0.8850 0.3229
vn 0.2332 -0.8845 0.4040
vn 0.1119 -0.8850 0.4519
vn -0.0000 -0.8858 0.4640
vn -0.0000 -0.8859 0.4640
vn -0.1119 -0.8850 0.4519
vn -0.2332 -0.8845 0.4040
vn -0.3353 -0.8850 0.3229
vn -0.4019 -0.8858 0.2320
vn -0.3354 -0.8850 0.3229
vn -0.4018 -0.8859 0.2320
vn -0.4473 -0.8850 0.1291
vn -0.4665 -0.8845 -0.0000
vn -0.4473 -0.8850 -0.1290
vn -0.4019 -0.8858 -0.2320
vn -0.4473 -0.8850 -0.1291
vn -0.4018 -0.8859 -0.2320
vn 0.8259 0.3015 0.4764
vn 0.9210 0.3015 0.2466
vn 0.9210 0.3014 0.2470
vn -0.0015 1.0000 0.0016
vn 0.9535 0.3014 -0.0006
vn 0.9535 0.3015 -0.0005
vn 0.9209 0.3015 -0.2469
vn 0.9209 0.3015 -0.2473
vn 0.8256 0.3013 -0.4770
vn 0.8255 0.3015 -0.4771
vn 0.6743 0.3013 -0.6742
vn 0.6739 0.3014 -0.6745
vn 0.4768 0.3013 -0.8258
vn 0.4765 0.3014 -0.8259
vn 0.2468 0.3013 -0.9210
vn 0.2466 0.3014 -0.9211
vn -0.0000 0.3013 -0.9535
vn -0.0000 0.3014 -0.9535
vn -0.2466 0.3014 -0.9211
vn -0.2468 0.3013 -0.9210
vn -0.4765 0.3014 -0.8259
vn -0.4768 0.3013 -0.8258
vn -0.6739 0.3014 -0.6745
vn -0.6743 0.3013 -0.6742
vn -0.8255 0.3015 -0.4771
vn -0.8258 0.3013 -0.4767
vn -0.9210 0.3014 -0.2467
vn -0.9209 0.3014 -0.2473
vn -0.9535 0.3013 0.0002
vn -0.9535 0.3014 -0.0005
vn -0.9210 0.3014 0.2470
vn -0.9210 0.3015 0.2466
vn -0.8259 0.3015 0.4764
vn -0.8258 0.3013 0.4768
vn -0.6745 0.3015 0.6740
vn -0.6742 0.3013 0.6743
vn -0.4770 0.3014 0.8256
vn -0.4767 0.3013 0.8258
vn -0.2469 0.3014 0.9210
vn -0.2468 0.3014 0.9210
vn -0.0000 0.3014 0.9535
vn 0.2468 0.3014 0.9210
vn 0.2469 0.3014 0.9210
vn 0.4767 0.3013 0.8258
vn 0.4770 0.3014 0.8256
vn 0.6745 0.3015 0.6740
vn 0.8261 0.3015 0.4762
vn 0.6742 0.3013 0.6743
vn -0.0000 -1.0000 -0.0000
vn -0.0021 1.0000 0.0012
vn 0.4911 0.0013 -0.8711
vn -0.4912 0.0013 0.8711
vn -0.4911 0.0013 -0.8711
vt 0.002166 0.130279
vt 0.073321 0.103833
vt 0.078585 0.129685
vt 0.073784 0.206605
vt 0.002549 0.232837
vt 0.002379 0.206819
vt 0.079046 0.283495
vt 0.002587 0.258098
vt 0.080993 0.257980
vt 0.002587 0.360657
vt 0.079046 0.335260
vt 0.080993 0.360775
vt 0.002280 0.463216
vt 0.078585 0.489070
vt 0.002166 0.488476
vt 0.001665 0.052982
vt 0.077892 0.026899
vt 0.080068 0.052395
vt 0.072551 0.001063
vt 0.001476 0.027722
vt 0.001149 0.001705
vt 0.813079 0.104319
vt 0.835840 0.086523
vt 0.833497 0.104319
vt 0.857666 0.027091
vt 0.884459 0.037905
vt 0.867876 0.044774
vt 0.835840 0.122115
vt 0.813079 0.129580
vt 0.853636 0.055701
vt 0.835790 0.039721
vt 0.924966 0.194178
vt 0.902254 0.173076
vt 0.920050 0.170733
vt 0.078814 0.438048
vt 0.080685 0.463568
vt 0.078970 0.386283
vt 0.002549 0.385918
vt 0.001665 0.565773
vt 0.078275 0.540835
vt 0.080068 0.566361
vt 0.835790 0.168917
vt 0.842709 0.138697
vt 0.853636 0.152937
vt 0.920050 0.037905
vt 0.946842 0.027091
vt 0.936633 0.044774
vt 0.842709 0.069941
vt 0.813440 0.053042
vt 0.002280 0.155539
vt 0.080685 0.155187
vt 0.968719 0.039721
vt 0.961799 0.069941
vt 0.950873 0.055701
vt 0.252580 0.250480
vt 0.322995 0.232773
vt 0.322995 0.250480
vt 0.312022 0.752355
vt 0.328798 0.444204
vt 0.328798 0.752355
vt 0.512399 0.752355
vt 0.529175 0.444204
vt 0.529175 0.752355
vt 0.462382 0.752355
vt 0.479003 0.444204
vt 0.479003 0.752355
vt 0.262001 0.752355
vt 0.278623 0.444204
vt 0.278623 0.752355
vt 0.612592 0.752355
vt 0.629214 0.444204
vt 0.629214 0.752355
vt 0.545796 0.444204
vt 0.545796 0.752355
vt 0.245225 0.752355
vt 0.262001 0.444204
vt 0.295246 0.444204
vt 0.295246 0.752355
vt 0.579194 0.752355
vt 0.595970 0.444204
vt 0.595970 0.752355
vt 0.345419 0.444204
vt 0.345419 0.752355
vt 0.362041 0.752355
vt 0.378816 0.444204
vt 0.378816 0.752355
vt 0.645991 0.444204
vt 0.645991 0.752355
vt 0.445608 0.752355
vt 0.462382 0.444204
vt 0.412212 0.752355
vt 0.428833 0.444204
vt 0.428833 0.752355
vt 0.395591 0.752355
vt 0.412212 0.444204
vt 0.395591 0.444204
vt 0.612592 0.444204
vt 0.495624 0.752355
vt 0.512399 0.444204
vt 0.562418 0.444204
vt 0.562418 0.752355
vt 0.362041 0.444204
vt 0.312022 0.444204
vt 0.579194 0.444204
vt 0.495624 0.444204
vt 0.445608 0.444204
vt 0.946842 0.181547
vt 0.936633 0.163864
vt 0.968668 0.086523
vt 0.991430 0.104319
vt 0.971011 0.104319
vt 0.879543 0.194178
vt 0.884459 0.170733
vt 0.991430 0.079058
vt 0.902254 0.035562
vt 0.924966 0.014460
vt 0.950873 0.152937
vt 0.813079 0.079058
vt 0.968668 0.122115
vt 0.857666 0.181547
vt 0.867876 0.163864
vt 0.245238 0.250480
vt 0.252580 0.232773
vt 0.252580 0.197029
vt 0.245238 0.179322
vt 0.252580 0.179322
vt 0.322995 0.197029
vt 0.322995 0.179322
vt 0.245238 0.161615
vt 0.252580 0.143743
vt 0.252580 0.161615
vt 0.322995 0.161615
vt 0.322995 0.143743
vt 0.245238 0.428384
vt 0.252580 0.410510
vt 0.252580 0.428384
vt 0.322995 0.410510
vt 0.322995 0.303931
vt 0.252580 0.321639
vt 0.252580 0.303931
vt 0.245238 0.321639
vt 0.245238 0.268187
vt 0.252580 0.268187
vt 0.322995 0.268187
vt 0.245238 0.054709
vt 0.252580 0.072582
vt 0.245238 0.072582
vt 0.322995 0.072582
vt 0.252580 0.054709
vt 0.322995 0.054709
vt 0.322995 0.392802
vt 0.252580 0.375093
vt 0.322995 0.375093
vt 0.245238 0.375093
vt 0.252580 0.392802
vt 0.245238 0.392802
vt 0.252580 0.339347
vt 0.245238 0.339347
vt 0.322995 0.339347
vt 0.322995 0.321639
vt 0.245238 0.125871
vt 0.245238 0.143743
vt 0.322995 0.125871
vt 0.252580 0.125871
vt 0.245238 0.214901
vt 0.252580 0.214901
vt 0.322995 0.214901
vt 0.322995 0.037000
vt 0.252580 0.019291
vt 0.322995 0.019291
vt 0.245238 0.037000
vt 0.252580 0.037000
vt 0.245238 0.410510
vt 0.245238 0.286059
vt 0.245238 0.303931
vt 0.252580 0.286059
vt 0.322995 0.286059
vt 0.322995 0.090455
vt 0.252580 0.108163
vt 0.252580 0.090455
vt 0.245238 0.108163
vt 0.252580 0.357220
vt 0.322995 0.357220
vt 0.322995 0.108163
vt 0.245238 0.001418
vt 0.245238 0.019291
vt 0.252580 0.001418
vt 0.322995 0.001418
vt 0.245238 0.090455
vt 0.245238 0.357220
vt 0.879543 0.014460
vt 0.991430 0.129580
vt 0.961799 0.138697
vt 0.001854 0.078242
vt 0.001917 0.104261
vt 0.002393 0.180800
vt 0.073938 0.309378
vt 0.002625 0.283359
vt 0.073322 0.514922
vt 0.001917 0.514494
vt 0.078275 0.077920
vt 0.072551 0.617692
vt 0.001476 0.591033
vt 0.077892 0.591856
vt 0.073784 0.412150
vt 0.002379 0.411936
vt 0.002393 0.437955
vt 0.078970 0.232472
vt 0.078814 0.180707
vt 0.001854 0.540513
vt 0.002625 0.335396
vt 0.813440 0.155596
vt 0.131469 0.620190
vt 0.113818 0.645987
vt 0.105146 0.619877
vt 0.149121 0.646005
vt 0.131468 0.643603
vt 0.165425 0.652837
vt 0.157820 0.619865
vt 0.184912 0.619172
vt 0.197805 0.643010
vt 0.179470 0.663572
vt 0.210647 0.666021
vt 0.197069 0.694176
vt 0.190346 0.677684
vt 0.199290 0.711702
vt 0.224029 0.688692
vt 0.238099 0.711771
vt 0.223942 0.734795
vt 0.197013 0.729219
vt 0.210483 0.757399
vt 0.179337 0.759756
vt 0.190242 0.745684
vt 0.165282 0.770454
vt 0.197585 0.780329
vt 0.184671 0.804073
vt 0.157651 0.803367
vt 0.148978 0.777258
vt 0.131327 0.803055
vt 0.113675 0.777240
vt 0.131329 0.779642
vt 0.097371 0.770407
vt 0.104976 0.803380
vt 0.077884 0.804073
vt 0.064991 0.780235
vt 0.083326 0.759672
vt 0.052149 0.757223
vt 0.065727 0.729068
vt 0.072450 0.745561
vt 0.063506 0.711543
vt 0.038767 0.734553
vt 0.024697 0.711474
vt 0.038854 0.688449
vt 0.065783 0.694026
vt 0.052314 0.665845
vt 0.083459 0.663489
vt 0.072554 0.677561
vt 0.097514 0.652790
vt 0.065211 0.642915
vt 0.078125 0.619172
vt 0.579194 0.432182
vt 0.562418 0.432182
vt 0.060955 0.865013
vt 0.097838 0.913056
vt 0.084150 0.920967
vt 0.024077 0.816941
vt 0.037779 0.809036
vt 0.012896 0.901907
vt 0.004982 0.888210
vt 0.053066 0.925075
vt 0.037788 0.920989
vt 0.004976 0.841825
vt 0.012888 0.828125
vt 0.053058 0.804948
vt 0.068873 0.804955
vt 0.116912 0.841838
vt 0.121001 0.857107
vt 0.024087 0.913088
vt 0.109011 0.828146
vt 0.084146 0.809053
vt 0.000882 0.857107
vt 0.097835 0.816964
vt 0.000883 0.872929
vt 0.068879 0.925066
vt 0.109012 0.901874
vt 0.121001 0.872914
vt 0.116912 0.888183
vt 0.968719 0.168917
vt 0.991069 0.155596
vt 0.545796 0.432182
vt 0.529175 0.432182
vt 0.512399 0.432182
vt 0.495624 0.432182
vt 0.479003 0.432182
vt 0.462382 0.432182
vt 0.445608 0.432182
vt 0.428833 0.432182
vt 0.412212 0.432182
vt 0.395591 0.432182
vt 0.378816 0.432182
vt 0.362041 0.432182
vt 0.345419 0.432182
vt 0.328798 0.432182
vt 0.312022 0.432182
vt 0.295246 0.432182
vt 0.278623 0.432182
vt 0.262001 0.432182
vt 0.245225 0.432182
vt 0.245225 0.444204
vt 0.645991 0.432182
vt 0.629214 0.432182
vt 0.612592 0.432182
vt 0.595970 0.432182
vt 0.131398 0.711622
vt 0.902254 0.206873
vt 0.991069 0.053042
vt 0.902254 0.001765
vt 0.245238 0.232773
vt 0.245238 0.197029
vt 0.322995 0.428384
vt 0.002532 0.309378
vt 0.001149 0.617050
s 1
usemtl stalker_survival_guide_bolts
f 2383/2035/1701 2439/2036/1702 2615/2037/1703
f 2627/2038/1704 2584/2039/1705 2629/2040/1704
f 2619/2041/1706 2578/2042/1707 2618/2043/1707
f 2568/2044/1708 2625/2045/1709 2418/2046/1708
f 2570/2047/1710 2423/2048/1711 2569/2049/1712
f 2376/2050/1713 2621/2051/1714 2616/2052/1713
f 2633/2053/1715 2382/2054/1716 2630/2055/1717
f 2572/2056/1718 2598/2057/1719 2597/2058/1718
f 2574/2059/1718 2600/2060/1720 2599/2061/1718
f 2572/2056/1718 2395/2062/1721 2581/2063/1722
f 2574/2059/1718 2397/2064/1723 2582/2065/1724
f 2385/2066/1725 2585/2067/1726 2594/2068/1727
f 2570/2047/1710 2620/2069/1728 2417/2070/1710
f 2568/2044/1708 2419/2071/1729 2567/2072/1730
f 2375/2073/1731 2611/2074/1732 2610/2075/1731
f 2386/2076/1733 2396/2077/1734 2404/2078/1733
f 2606/2079/1735 2576/2080/1718 2601/2081/1718
f 2582/2065/1724 2398/2082/1736 2631/2083/1737
f 2377/2084/1738 2615/2037/1703 2614/2085/1738
f 2575/2086/1739 2591/2087/1740 2602/2088/1741
f 2362/2089/1742 2605/2090/1743 2403/2091/1742
f 2518/2092/1744 2345/2093/1745 2510/2094/1745
f 2500/2095/1746 2530/2096/1747 2511/2097/1747
f 2497/2098/1748 2521/2099/1707 2498/2100/1707
f 2502/2101/1749 2346/2102/1731 2509/2103/1731
f 2514/2104/1713 2534/2105/1750 2513/2106/1750
f 2511/2097/1747 2529/2107/1738 2517/2108/1738
f 2501/2109/1751 2333/2110/1749 2502/2101/1749
f 2509/2103/1731 2344/2111/1752 2508/2112/1752
f 2506/2113/1753 2520/2114/1754 2507/2115/1754
f 2510/2094/1745 2337/2116/1710 2504/2117/1710
f 2503/2118/1755 2332/2119/1756 2515/2120/1756
f 2513/2106/1750 2533/2121/1751 2501/2122/1751
f 2512/2123/1757 2522/2124/1748 2497/2098/1748
f 2496/2125/1708 2325/2126/1758 2495/2127/1758
f 2505/2128/1759 2327/2129/1708 2496/2125/1708
f 2515/2120/1756 2339/2130/1759 2505/2128/1759
f 2507/2115/1754 2519/2131/1713 2514/2104/1713
f 2499/2132/1760 2535/2133/1746 2500/2095/1746
f 2517/2108/1738 2526/2134/1761 2516/2135/1761
f 2504/2117/1710 2336/2136/1755 2503/2118/1755
f 2508/2112/1752 2347/2137/1744 2518/2092/1744
f 2516/2135/1761 2525/2138/1753 2506/2113/1753
f 2498/2100/1707 2527/2139/1760 2499/2132/1760
f 2495/2127/1758 2338/2140/1757 2512/2123/1757
f 2373/2141/1718 2594/2068/1727 2593/2142/1718
f 2592/2143/1762 2378/2144/1718 2603/2145/1718
f 2585/2067/1726 2380/2146/1763 2586/2147/1763
f 2591/2087/1740 2384/2148/1764 2592/2143/1762
f 2650/2149/1765 2583/2150/1766 2606/2079/1735
f 2391/2151/1767 2373/2141/1718 2593/2142/1718
f 2571/2152/1768 2398/2082/1736 2598/2057/1719
f 2378/2144/1718 2604/2153/1769 2603/2145/1718
f 2576/2080/1718 2602/2088/1741 2601/2081/1718
f 2586/2147/1763 2374/2154/1718 2405/2155/1718
f 2302/2156/1770 2544/2157/1771 2543/2089/1770
f 2546/2158/1772 2303/2159/1773 2545/2160/1773
f 2412/2161/1774 2372/2160/1775 2413/2162/1775
f 2305/2163/1776 2547/2164/1777 2548/2165/1776
f 2400/2166/1778 2360/2164/1779 2401/2167/1779
f 2307/2168/1780 2549/2169/1781 2550/2170/1780
f 2406/2171/1782 2356/2170/1783 2365/2169/1782
f 2393/2172/1784 2551/2173/1785 2552/2174/1784
f 2310/2175/1786 2351/2174/1787 2364/2173/1786
f 2311/2176/1788 2543/2089/1770 2553/2177/1788
f 2402/2178/1789 2362/2089/1742 2403/2091/1742
f 2313/2179/1790 2555/2180/1791 2312/2181/1791
f 2444/2182/1792 2367/2183/1793 2408/2184/1793
f 2407/2185/1794 2557/2186/1795 2588/2187/1795
f 2314/2188/1796 2366/2189/1797 2315/2190/1797
f 2310/2175/1786 2558/2191/1798 2316/2192/1798
f 2596/2193/1799 2551/2173/1785 2595/2194/1785
f 2317/2195/1800 2547/2164/1777 2306/2196/1777
f 2410/2197/1801 2360/2164/1779 2559/2198/1801
f 2544/2157/1771 2318/2199/1802 2560/2200/1802
f 2605/2090/1743 2350/2200/1803 2392/2201/1803
f 2409/2202/1804 2355/2203/1805 2590/2204/1805
f 2320/2205/1806 2562/2203/1807 2561/2206/1806
f 2315/2190/1797 2549/2169/1781 2308/2207/1781
f 2406/2171/1782 2556/2189/1794 2407/2185/1794
f 2318/2199/1802 2546/2158/1772 2560/2200/1802
f 2412/2161/1774 2350/2200/1803 2371/2158/1774
f 2321/2208/1808 2351/2174/1787 2309/2209/1787
f 2393/2172/1784 2352/2210/1809 2394/2211/1809
f 2399/2212/1810 2564/2213/1811 2565/2214/1810
f 2323/2215/1812 2357/2214/1813 2370/2213/1812
f 2313/2179/1790 2561/2206/1806 2554/2183/1790
f 2408/2184/1793 2368/2206/1804 2409/2202/1804
f 2314/2188/1796 2566/2216/1814 2353/2186/1796
f 2588/2187/1795 2354/2216/1815 2587/2217/1815
f 2400/2166/1778 2372/2160/1775 2359/2165/1778
f 2305/2163/1776 2545/2160/1773 2303/2159/1773
f 2323/2215/1812 2369/2198/1816 2317/2195/1800
f 2410/2197/1801 2564/2213/1811 2411/2218/1811
f 2307/2219/1780 2562/2203/1807 2319/2220/1807
f 2590/2204/1805 2356/2221/1783 2589/2222/1783
f 2321/2208/1808 2553/2177/1788 2563/2210/1808
f 2394/2211/1809 2361/2177/1789 2402/2178/1789
f 2312/2181/1791 2357/2214/1813 2322/2223/1813
f 2399/2212/1810 2358/2180/1792 2444/2182/1792
f 2324/2224/1814 2558/2191/1798 2566/2216/1814
f 2596/2193/1799 2354/2216/1815 2363/2191/1799
f 2374/2154/1718 2404/2078/1733 2405/2155/1718
f 2573/2225/1817 2650/2149/1765 2600/2060/1720
f 2390/2226/1818 2607/2227/1819 2604/2153/1769
f 2388/2228/1820 2641/2036/1821 2639/2229/1821
f 2389/2230/1822 2440/2038/1823 2437/2040/1824
f 2649/2231/1825 2577/2232/1706 2619/2041/1706
f 2569/2049/1712 2643/2233/1826 2645/2234/1827
f 2617/2235/1820 2376/2050/1713 2616/2052/1713
f 2438/2236/1828 2387/2237/1829 2622/2238/1830
f 2622/2238/1830 2375/2073/1731 2610/2075/1731
f 2567/2072/1730 2635/2239/1831 2637/2240/1831
f 2442/2239/1832 2580/2241/1833 2433/2240/1834
f 2623/2242/1705 2578/2042/1707 2584/2039/1705
f 2624/2243/1835 2377/2084/1738 2614/2085/1738
f 2443/2233/1836 2381/2244/1837 2434/2234/1836
f 2579/2245/1709 2441/2231/1838 2625/2045/1709
f 2581/2063/1722 2396/2077/1734 2644/2246/1734
f 2609/2247/1839 2472/2248/1840 2608/2249/1841
f 2609/2247/1839 2653/2250/1842 2471/2251/1839
f 2654/2252/1843 2425/2253/1844 2648/2254/1845
f 2654/2252/1843 2428/2255/1846 2655/2256/1846
f 2431/2257/1847 2655/2256/1846 2428/2255/1846
f 2431/2257/1847 2657/2258/1848 2476/2259/1849
f 2658/2260/1850 2414/2261/1851 2626/2262/1852
f 2658/2260/1850 2424/2263/1853 2659/2264/1854
f 2430/2265/1855 2659/2264/1854 2424/2263/1853
f 2430/2265/1855 2661/2266/1856 2480/2267/1855
f 2662/2268/1857 2429/2269/1858 2640/2270/1859
f 2662/2268/1857 2420/2271/1860 2663/2272/1861
f 2427/2273/1862 2663/2272/1861 2420/2271/1860
f 2427/2273/1862 2665/2274/1863 2484/2275/1862
f 2666/2276/1864 2426/2277/1863 2632/2278/1865
f 2666/2276/1864 2415/2279/1866 2667/2280/1866
f 2422/2281/1867 2667/2280/1866 2415/2279/1866
f 2422/2281/1867 2669/2282/1868 2488/2283/1867
f 2670/2284/1869 2421/2285/1870 2642/2286/1871
f 2670/2284/1869 2612/2287/1872 2671/2288/1872
f 2613/2289/1873 2671/2288/1872 2612/2287/1872
f 2613/2289/1873 2673/2290/1874 2492/2291/1873
f 2674/2292/1875 2416/2293/1876 2634/2294/1877
f 2674/2292/1875 2608/2249/1841 2472/2248/1840
f 2450/2295/1878 2343/2134/1879 2457/2296/1880
f 2446/2297/1718 2675/2298/1718 2676/2299/1718
f 2446/2297/1718 2677/2300/1718 2678/2301/1718
f 2446/2297/1718 2679/2302/1718 2680/2303/1718
f 2446/2297/1718 2681/2304/1718 2682/2305/1718
f 2446/2297/1718 2683/2306/1718 2684/2307/1718
f 2446/2297/1718 2685/2308/1718 2686/2309/1718
f 2446/2297/1718 2684/2307/1718 2677/2300/1718
f 2446/2297/1718 2687/2310/1718 2688/2311/1718
f 2446/2297/1718 2689/2312/1718 2679/2302/1718
f 2446/2297/1718 2678/2301/1718 2685/2308/1718
f 2446/2297/1718 2690/2313/1718 2687/2310/1718
f 2446/2297/1718 2682/2305/1718 2689/2312/1718
f 2446/2297/1718 2686/2309/1718 2691/2314/1718
f 2446/2297/1718 2692/2315/1718 2683/2306/1718
f 2446/2297/1718 2693/2316/1718 2690/2313/1718
f 2446/2297/1718 2694/2317/1718 2692/2315/1718
f 2446/2297/1718 2695/2318/1718 2681/2304/1718
f 2446/2297/1718 2696/2319/1718 2675/2298/1718
f 2446/2297/1718 2691/2314/1718 2693/2316/1718
f 2446/2297/1718 2680/2303/1718 2694/2317/1718
f 2446/2297/1718 2676/2299/1718 2695/2318/1718
f 2446/2297/1718 2697/2320/1718 2698/2321/1718
f 2446/2297/1718 2688/2311/1718 2697/2320/1718
f 2446/2297/1718 2698/2321/1718 2696/2319/1718
f 2379/2322/1881 2607/2227/1819 2646/2323/1819
f 2457/2296/1880 2334/2107/1882 2458/2324/1883
f 2458/2324/1883 2348/2096/1884 2463/2325/1885
f 2463/2325/1885 2329/2133/1886 2465/2326/1887
f 2465/2326/1887 2331/2139/1888 2462/2327/1889
f 2462/2327/1889 2340/2099/1890 2459/2328/1891
f 2459/2328/1891 2326/2124/1892 2460/2329/1893
f 2460/2329/1893 2542/2140/1894 2469/2330/1895
f 2470/2331/1896 2542/2140/1894 2531/2126/1897
f 2468/2332/1898 2531/2126/1897 2532/2129/1899
f 2447/2333/1900 2532/2129/1899 2536/2130/1901
f 2448/2334/1902 2536/2130/1901 2537/2119/1903
f 2467/2335/1904 2537/2119/1903 2539/2136/1905
f 2453/2336/1906 2539/2136/1905 2540/2116/1907
f 2454/2337/1908 2540/2116/1907 2528/2093/1909
f 2461/2338/1910 2528/2093/1909 2523/2137/1911
f 2451/2339/1912 2523/2137/1911 2524/2111/1913
f 2452/2340/1914 2524/2111/1913 2541/2102/1915
f 2466/2341/1916 2541/2102/1915 2538/2110/1917
f 2464/2342/1918 2538/2110/1917 2335/2343/1918
f 2464/2344/1918 2328/2105/1919 2455/2345/1920
f 2455/2345/1920 2330/2131/1921 2456/2346/1922
f 2449/2347/1923 2341/2138/1924 2450/2295/1878
f 2456/2346/1922 2342/2114/1925 2449/2347/1923
f 2445/2348/1926 2652/2248/1926 2651/2251/1926
f 2445/2348/1926 2651/2251/1926 2473/2250/1926
f 2445/2348/1926 2473/2250/1926 2474/2252/1926
f 2445/2348/1926 2474/2252/1926 2475/2256/1926
f 2445/2348/1926 2475/2256/1926 2656/2259/1926
f 2445/2348/1926 2656/2259/1926 2477/2258/1926
f 2445/2348/1926 2477/2258/1926 2478/2260/1926
f 2445/2348/1926 2478/2260/1926 2479/2264/1926
f 2445/2348/1926 2479/2264/1926 2660/2267/1926
f 2445/2348/1926 2660/2267/1926 2481/2266/1926
f 2445/2348/1926 2481/2266/1926 2482/2268/1926
f 2445/2348/1926 2482/2268/1926 2483/2272/1926
f 2445/2348/1926 2483/2272/1926 2664/2275/1926
f 2445/2348/1926 2664/2275/1926 2485/2274/1926
f 2445/2348/1926 2485/2274/1926 2486/2276/1926
f 2445/2348/1926 2486/2276/1926 2487/2280/1926
f 2445/2348/1926 2487/2280/1926 2668/2283/1926
f 2445/2348/1926 2668/2283/1926 2489/2282/1926
f 2445/2348/1926 2489/2282/1926 2490/2284/1926
f 2445/2348/1926 2490/2284/1926 2491/2288/1926
f 2445/2348/1926 2491/2288/1926 2672/2291/1926
f 2445/2348/1926 2672/2291/1926 2493/2290/1926
f 2445/2348/1926 2493/2290/1926 2494/2292/1926
f 2445/2348/1926 2494/2292/1926 2652/2248/1926
f 2383/2035/1701 2436/2229/1702 2439/2036/1702
f 2627/2038/1704 2623/2242/1705 2584/2039/1705
f 2619/2041/1706 2577/2232/1706 2578/2042/1707
f 2568/2044/1708 2579/2245/1709 2625/2045/1709
f 2570/2047/1710 2417/2070/1710 2423/2048/1711
f 2376/2050/1713 2382/2054/1716 2621/2051/1714
f 2633/2053/1715 2621/2051/1714 2382/2054/1716
f 2572/2056/1718 2571/2152/1768 2598/2057/1719
f 2574/2059/1718 2573/2225/1817 2600/2060/1720
f 2572/2056/1718 2597/2058/1718 2395/2062/1721
f 2574/2059/1718 2599/2061/1718 2397/2064/1723
f 2385/2066/1725 2636/2349/1726 2585/2067/1726
f 2570/2047/1710 2580/2241/1833 2620/2069/1728
f 2568/2044/1708 2418/2046/1708 2419/2071/1729
f 2375/2073/1731 2381/2244/1837 2611/2074/1732
f 2386/2076/1733 2644/2246/1734 2396/2077/1734
f 2606/2079/1735 2583/2150/1766 2576/2080/1718
f 2582/2065/1724 2397/2064/1723 2398/2082/1736
f 2377/2084/1738 2383/2035/1701 2615/2037/1703
f 2575/2086/1739 2628/2350/1927 2591/2087/1740
f 2362/2089/1742 2349/2157/1743 2605/2090/1743
f 2518/2092/1744 2347/2137/1744 2345/2093/1745
f 2500/2095/1746 2535/2133/1746 2530/2096/1747
f 2497/2098/1748 2522/2124/1748 2521/2099/1707
f 2502/2101/1749 2333/2110/1749 2346/2102/1731
f 2514/2104/1713 2519/2131/1713 2534/2105/1750
f 2511/2097/1747 2530/2096/1747 2529/2107/1738
f 2501/2109/1751 2533/2343/1751 2333/2110/1749
f 2509/2103/1731 2346/2102/1731 2344/2111/1752
f 2506/2113/1753 2525/2138/1753 2520/2114/1754
f 2510/2094/1745 2345/2093/1745 2337/2116/1710
f 2503/2118/1755 2336/2136/1755 2332/2119/1756
f 2513/2106/1750 2534/2105/1750 2533/2121/1751
f 2512/2123/1757 2338/2140/1757 2522/2124/1748
f 2496/2125/1708 2327/2129/1708 2325/2126/1758
f 2505/2128/1759 2339/2130/1759 2327/2129/1708
f 2515/2120/1756 2332/2119/1756 2339/2130/1759
f 2507/2115/1754 2520/2114/1754 2519/2131/1713
f 2499/2132/1760 2527/2139/1760 2535/2133/1746
f 2517/2108/1738 2529/2107/1738 2526/2134/1761
f 2504/2117/1710 2337/2116/1710 2336/2136/1755
f 2508/2112/1752 2344/2111/1752 2347/2137/1744
f 2516/2135/1761 2526/2134/1761 2525/2138/1753
f 2498/2100/1707 2521/2099/1707 2527/2139/1760
f 2495/2127/1758 2325/2126/1758 2338/2140/1757
f 2373/2141/1718 2385/2066/1725 2594/2068/1727
f 2592/2143/1762 2384/2148/1764 2378/2144/1718
f 2585/2067/1726 2636/2349/1726 2380/2146/1763
f 2591/2087/1740 2628/2350/1927 2384/2148/1764
f 2650/2149/1765 2638/2351/1765 2583/2150/1766
f 2391/2151/1767 2379/2322/1881 2373/2141/1718
f 2571/2152/1768 2631/2083/1737 2398/2082/1736
f 2378/2144/1718 2390/2226/1818 2604/2153/1769
f 2576/2080/1718 2575/2086/1739 2602/2088/1741
f 2586/2147/1763 2380/2146/1763 2374/2154/1718
f 2302/2156/1770 2301/2352/1771 2544/2157/1771
f 2546/2158/1772 2304/2353/1772 2303/2159/1773
f 2412/2161/1774 2371/2158/1774 2372/2160/1775
f 2305/2163/1776 2306/2196/1777 2547/2164/1777
f 2400/2166/1778 2359/2165/1778 2360/2164/1779
f 2307/2168/1780 2308/2207/1781 2549/2169/1781
f 2406/2171/1782 2589/2354/1783 2356/2170/1783
f 2393/2172/1784 2595/2194/1785 2551/2173/1785
f 2310/2175/1786 2309/2209/1787 2351/2174/1787
f 2311/2176/1788 2302/2156/1770 2543/2089/1770
f 2402/2178/1789 2361/2177/1789 2362/2089/1742
f 2313/2179/1790 2554/2183/1790 2555/2180/1791
f 2444/2182/1792 2358/2180/1792 2367/2183/1793
f 2407/2185/1794 2556/2189/1794 2557/2186/1795
f 2314/2188/1796 2353/2186/1796 2366/2189/1797
f 2310/2175/1786 2364/2173/1786 2558/2191/1798
f 2596/2193/1799 2363/2191/1799 2551/2173/1785
f 2317/2195/1800 2369/2198/1816 2547/2164/1777
f 2410/2197/1801 2401/2167/1779 2360/2164/1779
f 2544/2157/1771 2301/2352/1771 2318/2199/1802
f 2605/2090/1743 2349/2157/1743 2350/2200/1803
f 2409/2202/1804 2368/2206/1804 2355/2203/1805
f 2320/2205/1806 2319/2220/1807 2562/2203/1807
f 2315/2190/1797 2366/2189/1797 2549/2169/1781
f 2406/2171/1782 2365/2169/1782 2556/2189/1794
f 2318/2199/1802 2304/2353/1772 2546/2158/1772
f 2412/2161/1774 2392/2201/1803 2350/2200/1803
f 2321/2208/1808 2563/2210/1808 2351/2174/1787
f 2393/2172/1784 2552/2174/1784 2352/2210/1809
f 2399/2212/1810 2411/2218/1811 2564/2213/1811
f 2323/2215/1812 2322/2223/1813 2357/2214/1813
f 2313/2179/1790 2320/2205/1806 2561/2206/1806
f 2408/2184/1793 2367/2183/1793 2368/2206/1804
f 2314/2188/1796 2324/2224/1814 2566/2216/1814
f 2588/2187/1795 2557/2186/1795 2354/2216/1815
f 2400/2166/1778 2413/2162/1775 2372/2160/1775
f 2305/2163/1776 2548/2165/1776 2545/2160/1773
f 2323/2215/1812 2370/2213/1812 2369/2198/1816
f 2410/2197/1801 2559/2198/1801 2564/2213/1811
f 2307/2219/1780 2550/2221/1780 2562/2203/1807
f 2590/2204/1805 2355/2203/1805 2356/2221/1783
f 2321/2208/1808 2311/2176/1788 2553/2177/1788
f 2394/2211/1809 2352/2210/1809 2361/2177/1789
f 2312/2181/1791 2555/2180/1791 2357/2214/1813
f 2399/2212/1810 2565/2214/1810 2358/2180/1792
f 2324/2224/1814 2316/2192/1798 2558/2191/1798
f 2596/2193/1799 2587/2217/1815 2354/2216/1815
f 2374/2154/1718 2386/2076/1733 2404/2078/1733
f 2573/2225/1817 2638/2351/1765 2650/2149/1765
f 2390/2226/1818 2646/2323/1819 2607/2227/1819
f 2388/2228/1820 2617/2235/1820 2641/2036/1821
f 2389/2230/1822 2624/2243/1835 2440/2038/1823
f 2649/2231/1825 2647/2355/1928 2577/2232/1706
f 2569/2049/1712 2423/2048/1711 2643/2233/1826
f 2617/2235/1820 2388/2228/1820 2376/2050/1713
f 2438/2236/1828 2435/2356/1929 2387/2237/1829
f 2622/2238/1830 2387/2237/1829 2375/2073/1731
f 2567/2072/1730 2419/2071/1729 2635/2239/1831
f 2442/2239/1832 2620/2069/1728 2580/2241/1833
f 2623/2242/1705 2618/2043/1707 2578/2042/1707
f 2624/2243/1835 2389/2230/1822 2377/2084/1738
f 2443/2233/1836 2611/2074/1732 2381/2244/1837
f 2579/2245/1709 2432/2355/1930 2441/2231/1838
f 2581/2063/1722 2395/2062/1721 2396/2077/1734
f 2609/2247/1839 2471/2251/1839 2472/2248/1840
f 2609/2247/1839 2425/2253/1844 2653/2250/1842
f 2654/2252/1843 2653/2250/1842 2425/2253/1844
f 2654/2252/1843 2648/2254/1845 2428/2255/1846
f 2431/2257/1847 2476/2259/1849 2655/2256/1846
f 2431/2257/1847 2414/2261/1851 2657/2258/1848
f 2658/2260/1850 2657/2258/1848 2414/2261/1851
f 2658/2260/1850 2626/2262/1852 2424/2263/1853
f 2430/2265/1855 2480/2267/1855 2659/2264/1854
f 2430/2265/1855 2429/2269/1858 2661/2266/1856
f 2662/2268/1857 2661/2266/1856 2429/2269/1858
f 2662/2268/1857 2640/2270/1859 2420/2271/1860
f 2427/2273/1862 2484/2275/1862 2663/2272/1861
f 2427/2273/1862 2426/2277/1863 2665/2274/1863
f 2666/2276/1864 2665/2274/1863 2426/2277/1863
f 2666/2276/1864 2632/2278/1865 2415/2279/1866
f 2422/2281/1867 2488/2283/1867 2667/2280/1866
f 2422/2281/1867 2421/2285/1870 2669/2282/1868
f 2670/2284/1869 2669/2282/1868 2421/2285/1870
f 2670/2284/1869 2642/2286/1871 2612/2287/1872
f 2613/2289/1873 2492/2291/1873 2671/2288/1872
f 2613/2289/1873 2416/2293/1876 2673/2290/1874
f 2674/2292/1875 2673/2290/1874 2416/2293/1876
f 2674/2292/1875 2634/2294/1877 2608/2249/1841
f 2450/2295/1878 2341/2138/1924 2343/2134/1879
f 2379/2322/1881 2391/2151/1767 2607/2227/1819
f 2457/2296/1880 2343/2134/1879 2334/2107/1882
f 2458/2324/1883 2334/2107/1882 2348/2096/1884
f 2463/2325/1885 2348/2096/1884 2329/2133/1886
f 2465/2326/1887 2329/2133/1886 2331/2139/1888
f 2462/2327/1889 2331/2139/1888 2340/2099/1890
f 2459/2328/1891 2340/2099/1890 2326/2124/1892
f 2460/2329/1893 2326/2124/1892 2542/2140/1894
f 2470/2331/1896 2469/2330/1895 2542/2140/1894
f 2468/2332/1898 2470/2331/1896 2531/2126/1897
f 2447/2333/1900 2468/2332/1898 2532/2129/1899
f 2448/2334/1902 2447/2333/1900 2536/2130/1901
f 2467/2335/1904 2448/2334/1902 2537/2119/1903
f 2453/2336/1906 2467/2335/1904 2539/2136/1905
f 2454/2337/1908 2453/2336/1906 2540/2116/1907
f 2461/2338/1910 2454/2337/1908 2528/2093/1909
f 2451/2339/1912 2461/2338/1910 2523/2137/1911
f 2452/2340/1914 2451/2339/1912 2524/2111/1913
f 2466/2341/1916 2452/2340/1914 2541/2102/1915
f 2464/2342/1918 2466/2341/1916 2538/2110/1917
f 2464/2344/1918 2335/2121/1918 2328/2105/1919
f 2455/2345/1920 2328/2105/1919 2330/2131/1921
f 2449/2347/1923 2342/2114/1925 2341/2138/1924
f 2456/2346/1922 2330/2131/1921 2342/2114/1925
